E: Attribution Total Attributes,publisher,C: Coverage & Detail Total Attributes,A: Summary Missing Count,B: Business Total Attributes,title,F: Technical Metadata Missing Count,D: Format & Structure Missing Count,total_attributes,F: Technical Metadata Total Attributes,id,B: Business Missing Count,D: Format & Structure Total Attributes,missing_attributes,A: Summary Total Attributes,C: Coverage & Detail Missing Count,E: Attribution Missing Count
3,ALLIANCE > NIHR BIORESOURCE,10,0,9,Metabolite data,7,4,42,7,004d1932-f06e-49d2-b87a-e5e4140ffbb3,8,5,29,7,8,3
3,ALLIANCE > SAIL,10,1,9,Careers Wales dataset,6,1,42,7,007e20d2-f883-47c2-abdc-481b574382b2,1,5,14,7,4,1
3,ALLIANCE > HQIP,10,0,9,National Joint Registry - Primary Elbow Replacement dataset,7,4,42,7,0092dc60-a0af-4d45-801c-b888210d6609,8,5,29,7,8,3
3,ALLIANCE > SAIL,10,0,9,Referral to Treatment Times,6,0,42,7,009417f0-232a-4ebc-b12c-59c5352a49d3,0,5,7,7,0,1
3,ALLIANCE > DUNDEE,10,0,9,Tayside Pathology,7,5,42,7,014bc853-1b27-4d97-9e5e-97fe28b84769,9,5,33,7,10,3
3,HUB > BREATHE,10,0,9,Estimating Chronic Respiratory Disease burden in adults in Asian LMICs,7,2,42,7,0150353c-d33d-4af0-b177-8ef0adf867f4,5,5,18,7,3,2
3,ALLIANCE > HQIP,10,0,9,Paediatric Intensive Care Audit Network - core dataset (admission),7,4,42,7,0217114b-6847-4aae-9d76-4d52acea2bcc,8,5,29,7,8,3
3,ALLIANCE > CPRD,10,0,9,HES Diagnostic Imaging Dataset for CPRD Aurum,6,3,42,7,0266f904-b168-488a-a9e7-d318443584ef,3,5,17,7,3,2
3,HUBS > NHS DIGITRIALS,10,0,9,Hospital Episode Statistics Admitted Patient Care,6,4,42,7,02961e24-4cb3-4cd3-90bd-4248a00391ce,1,5,17,7,4,2
3,Oxford University Hospitals NHS Foundation Trust,10,0,9,SOLUS,7,5,42,7,0477b06f-cbed-4949-982e-ce248a47ed1a,9,5,33,7,10,3
3,ALLIANCE > HQIP,10,0,9,National Cardiac Audit Programme - Myocardial Ischaemia National Audit Project (MINAP),7,4,42,7,04b1648d-eeb7-4072-8dd2-806c3ae4e20d,8,5,29,7,8,3
3,ALLIANCE > BARTS,10,0,9,Sectra PACS,7,5,42,7,04f4604e-6d0b-4100-977b-59c3b69b0cfc,9,5,33,7,10,3
3,ALLIANCE > TISSUE DIRECTORY,10,0,9,Infectious Diseases BioBank at King's College London,7,2,42,7,0534b41b-9877-4e30-b3ce-e604b29d4990,1,5,11,7,2,0
3,ALLIANCE > LEICESTER,10,0,9,The Primary-Secondary Care Partnership to Improve Outcomes in Chronic Kidney Disease,7,4,42,7,05ade19c-75f5-4623-ade6-99fb21c2d4e3,8,5,29,7,8,3
3,ALLIANCE > SAIL,10,0,9,Maternity Indicators Dataset,6,0,42,7,05fda11b-b66c-4cfa-a137-a6937401cdb5,0,5,6,7,0,0
3,HUBS > BREATHE,10,0,9,CuT-AsthMa: Culturally tailored school-based intervention for asthma in Malaysia,7,2,42,7,0692d86c-1f24-43a4-9508-005d00bd7259,5,5,17,7,2,2
3,Oxford University Hospitals NHS Foundation Trust,10,0,9,Millennium Clinical Events,7,5,42,7,0711cc7e-80d5-4781-a1ab-2637ea176ceb,9,5,33,7,10,3
3,OTHER > Office of National Statistics,10,2,9,Labour Force Survey (Household),7,2,42,7,07188ee0-5d2d-492d-a1cc-32cbbbfbe63b,8,5,28,7,7,3
3,ALLIANCE > NHS DIGITAL,10,1,9,Pillar 1 - England (Second Generation Surveillance Systems),6,4,42,7,0756c167-e778-486f-9b96-94bd12af89cf,5,5,22,7,4,2
3,ALLIANCE > NIHR BIORESOURCE,10,0,9,Returned datasets,7,5,42,7,07abf678-a2c0-4d8b-8d25-8b9f180f9ff2,9,5,33,7,10,3
3,ALLIANCE > HQIP,10,0,9,Paediatric Intensive Care Audit Network - customised data collection,7,4,42,7,09586db0-4da4-47f8-9434-13cbd2da2bb9,8,5,29,7,8,3
3,HUBS > BREATHE,10,0,9,Development of spirometry predictive values for Indian population,7,0,42,7,0985f58b-87e0-42d2-9ee7-efd618abcd51,3,5,12,7,2,1
3,HUBS > BREATHE,10,0,9,Reasons for delay in seeking care for pneumonia in children under five,7,0,42,7,09e8e407-82b4-4ed4-b296-53810472cbe9,3,5,11,7,2,0
3,ALLIANCE > HQIP,10,0,9,Paediatric Intensive Care Audit Network - core dataset (transport),7,4,42,7,0a418d30-c13c-404a-9f4c-39334d889b9c,8,5,29,7,8,3
3,ALLIANCE > TISSUE DIRECTORY,10,0,9,Tayside Biorepository,7,2,42,7,0a4f19cc-8565-410b-ac02-2751f5284a9b,1,5,11,7,2,0
3,HUBS > DISCOVER NOW,10,0,9,North West London Accident and Emergency Data (NWL A&E),6,0,42,7,0a524760-0efc-477e-8a3b-805e1a0f67ec,0,5,7,7,1,0
3,ALLIANCE > SCOTLAND,10,0,9,Prescribing Information System (PIS),6,2,42,7,0b794715-53f3-422f-817a-92be3392c735,1,5,10,7,1,0
3,ALLIANCE > HQIP,10,0,9,National Asthma and COPD Audit Programme (NACAP): Pulmonary rehabilitation - clinical audit,7,4,42,7,0bb202c7-80e8-4532-8042-1351576e6c94,8,5,29,7,8,3
3,NHS Digital,10,0,9,Mental Health Services Data Set - Community,7,5,42,7,0c98200b-48b5-418a-b8d0-a7708abc1f39,1,5,20,7,5,3
3,ALLIANCE > BARTS,10,0,9,ARIA Dataset,7,5,42,7,0cfe60cd-038d-4c03-9a95-894c52135922,9,5,33,7,10,3
3,HUBS > BREATHE,10,0,9,Research on use of an online learning platform on under-five pneumonia,7,1,42,7,0d0ce21e-afc1-4d9f-bf54-e0545363a0cc,3,5,12,7,2,0
3,ALLIANCE > HQIP,10,0,9,National Neonatal Audit Programme - clinical audit,7,4,42,7,0d89c503-1c79-4e2a-baf6-02f12e68805b,8,5,29,7,8,3
3,ALLIANCE > TISSUE DIRECTORY,10,0,9,IMPORT HIGH trial blood samples,7,2,42,7,0df3a0a9-d261-47ff-99e5-9c7e67410712,0,5,10,7,2,0
3,ALLIANCE > CPRD,10,0,9,HES Accident and Emergency data for CPRD Aurum,6,2,42,7,0e59698c-1532-4155-ab0e-af11b3d9e7b1,3,5,16,7,3,2
3,NHS Digital,10,0,9,Mental Health Minimum Dataset v4 (Sensitive) Episodes,6,5,42,7,0e6e6ed5-ab81-4d7f-b06a-768bf33357ca,1,5,19,7,4,3
3,HUBS > BREATHE,10,0,9,Developing and Evaluating Interventions to Improve Asthma Care,7,2,42,7,0e8546e9-c841-4a99-a3f8-bb9020c6782c,5,5,17,7,2,2
3,ALLIANCE > SAIL,10,0,9,National Community Child Health Database (NCCHD),6,0,42,7,0e88bc9d-bdfb-417c-8926-fdc513f5e8da,0,5,6,7,0,0
3,ALLIANCE > SAIL,10,0,9,COVID-19 Shielded People list,6,0,42,7,0ecd2b01-88bd-41a2-82fd-8bb7544caecd,0,5,6,7,0,0
3,ALLIANCE > CPRD,10,0,9,National Radiotherapy Dataset (RTDS) for CPRD Aurum,6,5,42,7,0fbd11c2-c44b-430f-b527-63cb82fcee63,4,5,26,7,8,3
3,NHS Digital,10,0,9,Mental Health & Learning Disabilities Dataset v 1 (Non-Sensitive) Events,6,5,42,7,0fc61ace-397d-4489-9e62-77f88082e775,1,5,19,7,4,3
3,ALLIANCE > DUNDEE,10,0,9,Tayside & Fife Diabetes – Summary and a range of diabetes related datasets.,7,5,42,7,0ff88499-931b-4614-9f81-facf21f28174,9,5,33,7,10,3
3,ALLIANCE > CYSTIC FIBROSIS,10,0,9,Cystic Fibrosis Patient Liver Enzyme,6,0,42,7,1048c3d9-42f6-4950-89be-c51fe7421753,0,5,6,7,0,0
3,ALLIANCE > SCOTLAND,10,0,9,General Acute Inpatient and Day Case - Scottish Morbidity Record (SMR01),6,1,42,7,110008b0-4c70-4e84-bce0-189d3601e305,3,5,13,7,1,2
3,ALLIANCE > SAIL,10,0,9,Cervical Screening Wales,6,0,42,7,113b54b0-fee5-427a-b569-04e150c1f06d,0,5,6,7,0,0
3,ALLIANCE > HQIP,10,0,9,National Audit of Dementia Round 4 - carer experience survey,7,4,42,7,11571357-b9fc-45ed-ab40-3bb3d7443245,8,5,29,7,8,3
3,ALLIANCE > SCOTLAND,10,0,9,Unscheduled Care Datamart,6,2,42,7,117aa9f5-db76-48f9-9dd2-19e2d00a1b45,2,5,13,7,1,2
3,ALLIANCE > HQIP,10,0,9,National Vascular Registry Audit Carotid Lower Limb Amputation clinical dataset,7,4,42,7,12690263-f5d3-435b-9582-de1a88064e1e,8,5,29,7,8,3
3,ALLIANCE > HQIP,10,0,9,National Joint Registry - Revision Hip Replacement dataset,7,4,42,7,12c5b83c-6e4a-442e-b6c2-2f6b7165fe6b,8,5,29,7,8,3
3,ALLIANCE > SCOTLAND,10,0,9,Child Health Systems Programme - First Visit,6,2,42,7,12d23c2c-5f35-4f59-80e3-584636c7cacb,2,5,12,7,1,1
3,ALLIANCE > TISSUE DIRECTORY,10,0,9,Obesity Research Biobank Syndicate (ORBiS),7,2,42,7,13a931c1-18cf-4d60-be79-a527acb0a36d,1,5,11,7,2,0
3,ALLIANCE > SAIL,10,0,9,COVID-19 Test results,6,0,42,7,13f9e94f-2190-44a6-9e6d-b08e95787b37,0,5,6,7,0,0
3,ALLIANCE > NHS DIGITAL,10,1,9,Secondary Uses Services,6,1,42,7,14190e64-8e48-41e7-94b1-fc7b2e42c599,5,5,18,7,3,2
3,ALLIANCE > TISSUE DIRECTORY,10,0,9,Watch and Wait Trial,7,2,42,7,14855eb1-6563-4e56-89e5-aecd51f100ad,1,5,11,7,2,0
3,ALLIANCE > HQIP,10,0,9,Paediatric Intensive Care Audit Network - core dataset (referral),7,4,42,7,148a3896-e4ed-48ef-8643-48df726041e1,8,5,29,7,8,3
3,ALLIANCE > GENOMICS ENGLAND,10,0,9,GENOMICS ENGLAND 100K NHSD LINKED DATA,6,0,42,7,15a7c12f-145c-46fc-acc9-c27e83ed2c4d,0,5,6,7,0,0
3,ALLIANCE > TISSUE DIRECTORY,10,0,9,INCA Trial,7,2,42,7,16341d43-0e79-4afa-a84f-67db018e449f,1,5,11,7,2,0
3,HUBS > PIONEER,10,0,9,PIONEER - COVID,7,0,42,7,166c6c04-c4dd-4df7-977a-b375fda23134,0,5,8,7,0,2
3,ALLIANCE > SAIL,10,0,9,Cafcass Wales,6,0,42,7,1700f545-5f8b-48d5-bb07-da91da75dc88,0,5,7,7,0,1
3,Oxford University Hospitals NHS Foundation Trust,10,0,9,ARIA Medonc,7,5,42,7,172242ce-a1c5-4915-9c71-686f6e7d5789,9,5,33,7,10,3
3,ALLIANCE > TISSUE DIRECTORY,10,0,9,IDRIS Trial,7,2,42,7,179c21cd-41e0-489b-82c4-1bec011c562f,0,5,10,7,2,0
3,ALLIANCE > CPRD,10,0,9,Rural-Urban classification for CPRD GOLD,6,5,42,7,1841e7c9-39e1-4eff-9d2f-da3dede71f86,3,5,25,7,8,3
3,HUBS > BREATHE,10,0,9,Asthma and COPD: practices and perceptions of GPs in rural India,7,0,42,7,184b973d-ac38-4fc5-8203-f2a244574b4f,3,5,12,7,1,2
3,ALLIANCE > HQIP,10,0,9,National Audit of Psychosis - Audit on Early Intervention in Psychosis services - case note audit,7,4,42,7,18603ae7-a056-4fd6-a3e5-d32a2440dd26,8,5,29,7,8,3
3,HUBS > BREATHE,10,0,9,Early Pandemic Evaluation and Enhanced Surveillance of COVID-19 (EAVE II),7,0,42,7,191c1e3f-4eff-41b9-bff1-c6510f7c6c3d,2,5,10,7,2,0
3,HUBS > NHS DIGITRIALS,10,0,9,National Diabetes Audit,6,1,42,7,19f21b8f-6ae0-4cbd-a175-596b8476f69a,2,5,13,7,3,1
3,ALLIANCE > HQIP,10,0,9,National Asthma and COPD Audit Programme (NACAP): COPD secondary care clinical dataset,7,4,42,7,1a0af437-ec80-4db7-9c76-a2418cc8c5c8,8,5,29,7,8,3
3,ALLIANCE > DUNDEE,10,0,9,NHS Tayside and Fife Accident & Emergency Dataset (ISD/National),7,5,42,7,1aa60c9f-a458-454d-802a-e4c4628f3870,9,5,33,7,10,3
3,HUBS > BREATHE,10,0,9,Air Quality Study: An ecological analysis of asthma health outcomes in Malaysia,7,2,42,7,1b80d25c-4f0f-497b-8614-4d1a8c4d1cd3,5,5,18,7,3,2
3,ALLIANCE > TISSUE DIRECTORY,10,0,9,DARWIN1 Trial,7,2,42,7,1bb2c353-8d91-4989-a21b-26182262b807,0,5,10,7,2,0
3,ALLIANCE > TISSUE DIRECTORY,10,0,9,NICAM: Nilotinib treatment for c-KIT mutated advanced AMM,7,2,42,7,1c17f45b-ba0f-4e97-a0f0-34a600844d4f,1,5,11,7,2,0
3,ALLIANCE > TISSUE DIRECTORY,10,0,9,HPB Biobank,7,2,42,7,1cb31e11-505b-4ff6-ae20-5c468c9ad296,1,5,11,7,2,0
3,HUBS > PIONEER,10,0,9,University Hospitals Birmingham PICS data,7,4,42,7,1d1244b6-aeeb-4655-b5a2-2357ed28227a,8,5,29,7,8,3
3,ALLIANCE > TISSUE DIRECTORY,10,0,9,National Diet and Nutrition Survey (NDNS),7,2,42,7,1d2a94c4-b18d-47c4-9b48-cfab8e67f126,1,5,11,7,2,0
3,ALLIANCE > SAIL,10,0,9,Care Home Dataset,6,0,42,7,1d2e3cc0-4f55-47de-9e19-98a1667cf6af,0,5,7,7,0,1
3,NHS Digital,10,0,9,Mental Health Services Data Set - Service Users,7,5,42,7,1d5e3b05-8ce3-4f80-ae3a-f6031ad8cf69,1,5,20,7,5,3
3,ALLIANCE > SAIL,10,3,9,UK Cystic Fibrosis Registry (CYFI),6,1,42,7,1d789e6f-a32e-44c9-9f18-15517b021015,3,5,17,7,2,2
3,ALLIANCE > HQIP,10,0,9,National Cardiac Audit Programme - National Audit of Percutaneous Coronary Interventions (PCI),7,4,42,7,1da704e3-f5ee-4614-8880-10541637a0b7,8,5,29,7,8,3
3,OTHER > Office of National Statistics,10,0,9,Census 2011 E&W - Household structure for COVID-19 models,6,1,42,7,1e8d84b7-e9e2-4e03-8c53-025719f53746,2,5,14,7,2,3
3,ALLIANCE > CYSTIC FIBROSIS,10,0,9,Cystic Fibrosis Patient Demographics,6,0,42,7,1f55cfcc-1c5d-44e3-9d60-3bedeb033f0a,0,5,6,7,0,0
3,ALLIANCE > TISSUE DIRECTORY,10,0,9,University of Southampton Faculty of Medicine Tissue Bank,7,2,42,7,201602df-7432-4710-98a7-18f59e4f211e,1,5,11,7,2,0
3,ALLIANCE > TISSUE DIRECTORY,10,0,9,RIO,7,0,42,7,209f42a8-4581-49e1-a0c2-25069a37f230,1,5,9,7,2,0
3,ALLIANCE > TISSUE DIRECTORY,10,0,9,TNT: Triple Negative breast cancer Trial,7,2,42,7,20c2a274-843c-43fa-9b76-38ef2f8a3d64,1,5,11,7,2,0
3,OTHER > Office of National Statistics,10,2,9,Labour Force Survey (Longitudinal),7,1,42,7,212d5331-3681-4477-97f6-0e1cee562cd6,8,5,27,7,7,3
3,SLaM,10,0,9,South London and Maudsley NHS Foundation Trust (SLaM) Clinical Record Interactive Search (CRIS) platform,7,0,42,7,21cd4b8e-f4f5-44a6-83eb-b7799e98ba55,0,5,6,7,0,0
3,HUBS > DISCOVER NOW,10,0,9,North West London Mental Health Data (NWL MH),6,0,42,7,21d58202-15a2-4ec8-9f36-3080de3905a5,0,5,7,7,1,0
3,Barts Health NHS Trust,10,0,9,Emergency Care Dataset (ECDS),7,5,42,7,226fb3f1-4471-400a-8c39-2b66d46a39b6,9,5,33,7,10,3
3,HUBS > DISCOVER NOW,10,0,9,North West London Pathology (NWL PATH),6,0,42,7,22a99111-46ad-4d3f-a2d5-09351e851350,0,5,7,7,1,0
3,ALLIANCE > CYSTIC FIBROSIS,10,0,9,Cystic Fibrosis Patient Chronic Medication,6,0,42,7,22fe7168-89af-4d93-89c8-afa03cf2031a,0,5,6,7,0,0
3,ALLIANCE > SAIL,10,0,9,Cafcass England,6,0,42,7,23306c88-ecb0-4955-99d4-c5d20e84cebf,0,5,7,7,0,1
3,ALLIANCE > HQIP,10,0,9,National Joint Registry - Revision Knee Replacement dataset,7,4,42,7,23330792-fe18-4331-a101-b246657a03ae,8,5,29,7,8,3
3,ALLIANCE > TISSUE DIRECTORY,10,0,9,Human Biomaterials Resource Centre,7,2,42,7,236108a2-5e2c-4acb-86e7-6ec793aef8ab,1,5,11,7,2,0
3,ALLIANCE > HQIP,10,0,9,Falls and Fragility Fracture Audit Programme Fracture Liaison Service Database clinical dataset,7,4,42,7,237e724d-03b2-478c-a92d-85a1baa6ae53,8,5,29,7,8,3
3,HUBS > BREATHE,10,0,9,Idiopathic Pulmonary Fibrosis (IPF) Genome-wide Association Study,7,0,42,7,24b82645-1854-438a-97b2-911bba469d3d,0,5,6,7,0,0
3,HUBS > BREATHE,10,0,9,mHealth for pneumonia prevention,7,1,42,7,2542abf8-e50b-4962-9fa1-6dba1b7e8439,3,5,12,7,2,0
3,NHS Digital,10,0,9,Mental Health Minimum Dataset v4 (Non-Sensitive) Episodes,6,5,42,7,263ad0a8-ae90-4c1d-85d6-c3d2470eb2b7,1,5,19,7,4,3
3,NHS Digital,10,0,9,Mental Health Minimum Dataset v2.6 (Sensitive),6,5,42,7,263f28a4-9835-4856-b1c3-0a0d4085f207,1,5,19,7,4,3
3,ALLIANCE > BARTS,10,0,9,CDE Patient Demographics,7,5,42,7,2684706f-1d43-4263-99b7-b54279614c76,9,5,32,7,9,3
3,ALLIANCE > HQIP,10,0,9,National Asthma and COPD Audit Programme (NACAP): secondary care workstream – children and young people asthma (clinical),7,4,42,7,278c3fb2-6b1e-46db-a529-9fc7ddaf4461,8,5,29,7,8,3
3,ALLIANCE > CYSTIC FIBROSIS,10,0,9,Cystic Fibrosis Patient Annual Review Encounters,6,0,42,7,27910ce4-f74f-4fab-8649-19d5ec292ad8,0,5,6,7,0,0
3,OTHER > Office of National Statistics,10,0,9,Linked Census and death occurrences,6,1,42,7,28393252-4287-4be6-8b2a-591622ad6c29,2,5,14,7,2,3
3,ALLIANCE > TISSUE DIRECTORY,10,0,9,IoN Trial,7,2,42,7,2a5d2a42-803c-4c96-bcd6-a4289d2b664a,1,5,11,7,2,0
3,NHS Digital,10,0,9,Mental Health & Learning Disabilities Dataset v 1 (Sensitive) Records,6,5,42,7,2a725f9d-c4a9-4c89-aa37-b3c25cc83389,1,5,19,7,4,3
3,ALLIANCE > TISSUE DIRECTORY,10,0,9,ESPAC-TPlus,7,2,42,7,2aa58bb8-83d8-455a-87e6-d567ae4a379c,1,5,11,7,2,0
3,ALLIANCE > SCOTLAND,10,0,9,Scottish Stillbirth and Infant Death Survey,7,2,42,7,2b06afa3-dfc7-424b-8b9a-9325df6cfc19,2,5,13,7,1,2
3,ALLIANCE > SAIL,10,0,9,Millennium Cohort Study,6,0,42,7,2b09ea87-5b22-4049-b7dd-de0889699115,0,5,7,7,0,1
3,ALLIANCE > TISSUE DIRECTORY,10,0,9,NIHR Nottingham Digestive Diseases Collection,7,2,42,7,2b198886-ccab-4276-b6b9-22c344df8304,1,5,11,7,2,0
3,ALLIANCE > TISSUE DIRECTORY,10,0,9,BRAIN UK,7,2,42,7,2bf53952-e77c-4746-b36f-5ccb1574f6a7,0,5,10,7,2,0
3,ALLIANCE > HQIP,10,0,9,National Joint Registry - Revision Ankle Replacement dataset,7,4,42,7,2c0e04bc-2f16-4903-90dc-c9d57ab40efb,8,5,29,7,8,3
3,ALLIANCE > HQIP,10,0,9,National Diabetes Inpatient Audit Hospital Characteristics Survey dataset,7,4,42,7,2c53d1f7-4540-4c57-8e93-8115b8abc6a9,8,5,29,7,8,3
3,ALLIANCE > SAIL,10,0,9,Bowel Screening Wales,6,0,42,7,2c764139-22a3-4db9-89ee-583fdb9d9396,0,5,6,7,0,0
3,ALLIANCE > CPRD,10,0,9,Rural-Urban classification for CPRD Aurum,6,5,42,7,2d23ad3c-0541-453c-8bf7-9dc42e1aba65,3,5,25,7,8,3
3,ALLIANCE > CPRD,10,0,9,Quality of Life of Cancer Survivors in England: Pilot Patient Reported Outcomes Measures Survey (2011) for CPRD Aurum,6,5,42,7,2d3302d1-b6fc-4883-8168-010da0d48638,3,5,25,7,8,3
3,ALLIANCE > HQIP,10,0,9,Falls and Fragility Fracture Audit Programme National Hip Database Facilities Survey 2019,7,4,42,7,2dbd2e38-a4bb-4f8c-b401-ebec10f0d89e,8,5,29,7,8,3
3,HUBS > BREATHE,10,0,9,"4 Country ChrOnic: estimating respiratory disease burden in adults, South India",7,2,42,7,2dc79612-0e0d-4336-aaa1-6abd90d28589,3,5,15,7,2,2
3,ALLIANCE > TISSUE DIRECTORY,10,0,9,NHS Greater Glasgow & Clyde Bio-Repository,7,2,42,7,2e20b776-a0bc-44ed-9882-ad63855a0ec4,0,5,10,7,2,0
3,Office of National Statistics > Office of National Statistics,10,0,9,Coronavirus and the social impacts on Great Britain,7,1,42,7,2e7fe631-6d25-44b5-bfd4-92d34bfb8145,2,5,14,7,2,3
3,ALLIANCE > CPRD,10,0,9,Mental Health Dataset (MHDS) for CPRD Aurum,6,5,42,7,2e8cc70b-bd57-4b64-bd12-fbc07e0f240f,3,5,25,7,8,3
3,ALLIANCE > TISSUE DIRECTORY,10,0,9,BioDock,7,2,42,7,2f57c592-c65c-4d1c-b92d-d19d2a11c02e,1,5,11,7,2,0
3,ALLIANCE > GENERATION SCOTLAND,10,0,9,Generation Scotland: Scottish Family Health Study,7,4,42,7,301233da-53f8-4cea-8f74-4d4aa8d8c42c,4,5,19,7,3,2
3,ALLIANCE > HQIP,10,0,9,National Audit of Dementia Round 4 - casenote audit,7,4,42,7,304430ff-0aff-4d36-91e5-94be251a409a,8,5,29,7,8,3
3,ALLIANCE > TISSUE DIRECTORY,10,0,9,PHOTO Translational bladder cancer biorepository,7,2,42,7,319a2a77-3f4d-497e-bc3e-33002f316cae,0,5,10,7,2,0
3,ALLIANCE > NHS Scotland,10,0,9,RAPID (Hospital Stay Level Data),6,4,42,7,31e377bf-7c6c-4bc0-95f4-a4626cfa5807,7,5,25,7,5,3
3,ALLIANCE > TISSUE DIRECTORY,10,0,9,LBIH Biobank,7,2,42,7,32b5d90f-6bad-40f8-96d7-69b11df6d5ff,1,5,11,7,2,0
3,ALLIANCE > SAIL,10,0,9,Education - Wales,6,0,42,7,32f616fb-af37-46b5-9473-7a3460656bdf,0,5,6,7,0,0
3,ALLIANCE > NHS DIGITAL,10,0,9,Medicines dispensed in Primary Care (NHSBSA data),6,1,42,7,33f2e9dd-9019-4e8b-9c0e-bbc6a8dc9d81,4,5,16,7,3,2
3,ALLIANCE > TISSUE DIRECTORY,10,0,9,Scottish Human Papillomavirus Archive,7,0,42,7,342bef6e-8fa2-49f0-bdbb-c95d866aa145,0,5,8,7,2,0
3,ALLIANCE > TISSUE DIRECTORY,10,0,9,Human Developmental Biology Resource (HDBR),7,2,42,7,355de4ca-1ce9-4ba4-8e07-2d51bb82bfbf,1,5,11,7,2,0
3,NHS Digital,10,0,9,Mental Health Minimum Dataset v3_3.5 (Sensitive),6,5,42,7,36047c5f-7d57-4d25-a114-2bcc6c11708f,1,5,19,7,4,3
3,ALLIANCE > TISSUE DIRECTORY,10,0,9,NIMRAD-TRANS,7,2,42,7,3784d68e-d213-43a7-bf30-8f4d34de022c,1,5,11,7,2,0
3,HUBS > BREATHE,10,0,9,Exploring psychological issues of primary care teams in Malaysia amidst COVID-19,7,2,42,7,37eb2884-d7df-489f-a3ad-f02f1e510475,5,5,18,7,3,2
3,ALLIANCE > TISSUE DIRECTORY,10,0,9,"Leeds Dental Institute/School of Dentistry Leeds, Skeletal Tissues Bank",7,2,42,7,37fe2488-f4c3-4471-a1e0-7d4a4204f063,1,5,11,7,2,0
3,HUBS > DISCOVER NOW,10,0,9,North West London High Cost Drugs Data (NWL HCD),6,0,42,7,3932ee85-69cb-414a-b4a0-b763010d90a5,0,5,7,7,1,0
3,NHS Digital,10,0,9,Bridge file: Hospital Episode Statistics to Diagnostic Imaging Dataset,6,5,42,7,3935e2fd-0c30-4f56-8388-45a02e0499b4,1,5,19,7,4,3
3,ALLIANCE > SAIL,10,0,9,Diagnostic and Therapy Services Waiting Times,6,0,42,7,393b666c-157b-4fee-afde-61ff93948f27,0,5,8,7,0,2
3,ALLIANCE > CPRD,10,0,9,National Radiotherapy Dataset (RTDS) for CPRD GOLD,6,5,42,7,3943e6de-6c32-43dd-8090-16ec9ca0902f,4,5,26,7,8,3
3,ALLIANCE > HQIP,10,0,9,National Cardiac Audit Programme - Cardiac Rhythm Management (CRM),7,4,42,7,395262e7-9846-4d9d-a288-8b0ebea782b9,8,5,29,7,8,3
3,HUBS > DATA-CAN,10,0,9,Children’s Kidney Cancers - Great Ormond Street Hospital,6,0,42,7,395d4311-da00-49a4-b78e-5387c961d803,0,5,7,7,1,0
3,ALLIANCE > TISSUE DIRECTORY,10,0,9,The Cleft Collective,7,2,42,7,3983f3ec-ce63-4142-b73e-93130654710b,0,5,10,7,2,0
3,ALLIANCE > TISSUE DIRECTORY,10,0,9,PHOENIX DDR-Anti-PD-L1 Trial,7,2,42,7,3a0599ed-5452-4299-956c-af5a30bbef23,0,5,10,7,2,0
3,ALLIANCE > TISSUE DIRECTORY,10,0,9,SWIFT-RTB,7,2,42,7,3a23e7dc-d814-4772-a6f8-a814c8e0128b,1,5,11,7,2,0
3,ALLIANCE > HQIP,10,0,9,Epilepsy 12 - clinical audit,7,4,42,7,3a51b861-026d-45ed-abe6-30d9cc07b516,8,5,29,7,8,3
3,ALLIANCE > HQIP,10,0,9,National Paediatric Diabetes Audit - Spotlight survey of workforce in Paediatric Diabetes Units,7,4,42,7,3a9ab245-5fcc-49a0-ae58-12ebab9b0053,8,5,29,7,8,3
3,HUBS > BREATHE,10,0,9,COVID-19 Detection from Chest X-Rays using Deep Learning,7,2,42,7,3aa01779-831e-478f-b4e3-7c111d642b18,3,5,13,7,2,0
3,ALLIANCE > SAIL,10,0,9,Welsh Ambulance Services NHS Trust,6,0,42,7,3b3d9ab1-e896-4ccc-a679-2414ced68590,0,5,7,7,0,1
3,ALLIANCE > SAIL,10,0,9,GP dataset - Welsh Primary Care,6,0,42,7,3bd6cd26-edc2-420a-86c5-f3e05606edfd,0,5,6,7,0,0
3,ALLIANCE > SAIL,10,0,9,Congenital Anomaly Register and Information Service,6,0,42,7,3c430204-f632-4add-9fcb-f0ff88caea13,0,5,6,7,0,0
3,ALLIANCE > BARTS,10,0,9,"Problems, Diagnosis and Procedures",7,5,42,7,3cd53c68-7e56-4c3e-b7c2-bd7e18040ec5,9,5,33,7,10,3
3,ALLIANCE > DUNDEE,10,0,9,Renal Register – ISD National dataset,7,5,42,7,3d42b7e1-89b0-4bef-9e42-18edc328f28f,9,5,33,7,10,3
3,ALLIANCE > HQIP,10,0,9,National Clinical Audit of Anxiety and Depression - spotlight audit on psychological therapies (patient experience survey),7,4,42,7,3e89692b-7aa2-49d6-b802-82921bd7e006,8,5,29,7,8,3
3,HUBS > BREATHE,10,0,9,"Extended Cohort for E-health, Environment and DNA (EXCEED)",6,0,42,7,3ee52adc-b97e-4f7b-a251-a1c9841a380c,0,5,6,7,0,0
3,ALLIANCE > HQIP,10,0,9,National Emergency Laparotomy Audit - Patient Audit Dataset,7,4,42,7,3f299029-3126-4ce0-893c-4a759cbe90b1,8,5,29,7,8,3
3,ALLIANCE > DUNDEE,10,0,9,Walker Study Data,7,5,42,7,3fd5f728-fdb4-4ce2-86ec-f626787d455c,9,5,33,7,10,3
3,Oxford University Hospitals NHS Foundation Trust,10,0,9,Endobase,7,5,42,7,40573895-497b-4d47-90e1-6aafe70b93f6,9,5,33,7,10,3
3,ALLIANCE > TISSUE DIRECTORY,10,0,9,Bloodwise Childhood Leukaemia Cell Bank,7,2,42,7,406e7ae7-554b-4807-b3a5-a4d81316cf9c,0,5,10,7,2,0
3,ALLIANCE > SAIL,10,0,9,COVID-19 Symptom Tracker Dataset,6,0,42,7,40b3ddd4-e932-4848-ba48-5cb4593baebc,0,5,6,7,0,0
3,HUBS > DISCOVER NOW,10,0,9,North West London Outpatient Care Data (NWL OP),6,0,42,7,41a7adba-8771-46e2-8083-047d6a4cb877,0,5,7,7,1,0
3,NHS Digital,10,0,9,Mental Health and Learning Disabilities Data Set,6,5,42,7,4262e057-6978-4e4c-a05d-c4f328422090,1,5,20,7,5,3
3,ALLIANCE > HQIP,10,0,9,National Neonatal Audit Programme - 2 year outcomes audit,7,4,42,7,4271bc64-b139-40b0-98de-5f2e94e2d026,8,5,29,7,8,3
3,ALLIANCE > CPRD,10,0,9,HES Patient Reported Outcomes Measures (PROMs) data for CPRD Aurum,6,3,42,7,42780b16-32e3-442e-92cd-1810bf30dab8,3,5,20,7,5,3
3,ALLIANCE > HQIP,10,0,9,Falls and Fragility Fracture Audit Programme National Audit of Inpatient Falls clinical dataset,7,4,42,7,430331ef-fa66-485b-b090-e4e83def9136,8,5,29,7,8,3
3,HUB > HUBS > PIONEER,10,3,9,PIONEER - COVID ACUITY,7,4,42,7,436029e7-febe-44d6-9cea-1ab9ef9174a1,5,5,24,7,3,3
3,ALLIANCE > SCOTLAND,10,0,9,Scottish Cancer Registry (SMR06),6,1,42,7,4481aab8-9b4f-43dd-9cd4-1e427561a2a5,1,5,11,7,1,2
3,NHS Digital,10,0,9,Mental Health Minimum Dataset v4 (Sensitive) Events,6,5,42,7,46493a09-b3bb-4c0e-b944-82665ee21508,1,5,19,7,4,3
3,ALLIANCE > DUNDEE,10,0,9,Deaths General Registrar Office – National Records Scotland,7,5,42,7,464b06d6-239a-4c6d-a626-242ba7e79e05,9,5,33,7,10,3
3,ALLIANCE > SAIL,10,0,9,Welsh Demographic Service (WDS),6,0,42,7,46568011-ae01-4e3a-9ef7-187606316668,0,5,6,7,0,0
3,ALLIANCE > SCOTLAND,10,0,9,Child Health Systems Programme - School,7,2,42,7,4660884b-e40a-4251-ad19-40872641fa8c,2,5,13,7,1,2
3,ALLIANCE > HQIP,10,0,9,National Vascular Registry - Organisational Audit dataset,7,4,42,7,4678a81d-dfb6-478a-a373-d5510866b3d0,8,5,29,7,8,3
3,ALLIANCE > HQIP,10,0,9,National Cardiac Audit Programme - National Congenital Heart Disease Audit (NCHDA),7,4,42,7,46e4c3ba-dae2-453d-832a-88ea603110f1,8,5,29,7,8,3
3,ALLIANCE > SAIL,10,0,9,Healthcare Workers Risk Assessment,6,0,42,7,47108b03-ca80-4311-8090-f474bd880e87,0,5,8,7,2,0
3,ALLIANCE > HQIP,10,0,9,National Vascular Registry Audit - Lower Limb Bypass clinical dataset,7,4,42,7,47bec08b-57b7-450e-9be7-af19bab99b58,8,5,29,7,8,3
3,HUBS > BREATHE,10,0,9,Theory of Planned Behaviour Intervention: respiratory disease in South India,7,2,42,7,47e9fa0a-d74f-43bc-ae63-0eb33f354f01,3,5,14,7,1,2
3,HUBS > DATA-CAN,10,0,9,Comprehensive Patient Records for Cancer Outcomes,6,0,42,7,49dc6bfb-37f7-4f18-92e7-1a06ab80633e,0,5,6,7,0,0
3,ALLIANCE > DUNDEE,10,0,9,Tayside Microbiology: Isolations,7,5,42,7,4a295c54-ccbb-4aef-9ea9-8fc46749b123,9,5,33,7,10,3
3,ALLIANCE > HQIP,10,0,9,National Paediatric Diabetes Audit - Spotlight survey of diabetes-related technologies,7,4,42,7,4b71fca4-8b2c-4e37-8996-b64a9c1450f0,8,5,29,7,8,3
3,NHS Digital,10,0,9,Emergency Care Data Set (ECDS),6,5,42,7,4bb4bf38-870b-47e5-b5d1-dc75b3d4ea6a,2,5,20,7,4,3
3,ALLIANCE > SCOTLAND,10,0,9,Scottish Birth Record (SBR),7,2,42,7,4c1f6594-9ade-4e24-8e44-af9ecb73e231,2,5,13,7,1,2
3,ALLIANCE > TISSUE DIRECTORY,10,0,9,VinCaP,7,2,42,7,4cfabd2a-e590-4f63-82f5-6d543b0075cf,1,5,11,7,2,0
3,ALLIANCE > TISSUE DIRECTORY,10,0,9,Myeloma XII clinical trial samples,7,2,42,7,4d95d730-a53a-4856-a278-b2fba96657c4,1,5,11,7,2,0
3,ALLIANCE > PUBLIC HEALTH ENGLAND,10,0,9,National Cancer Registration and Analysis Service,6,0,42,7,4f210cfb-8d0a-4fc9-9ce0-91ba1ee0dc79,0,5,7,7,0,1
3,ALLIANCE > SCOTLAND,10,0,9,Child Health Systems Programme - 27-30Months Review,6,2,42,7,4f721a52-b3cd-4594-9099-5185f80832c7,3,5,14,7,1,2
3,HUBS > BREATHE,10,0,9,COPDMAP Consortium,7,1,42,7,505318b6-609c-4baf-9dea-2e3532f936f8,2,5,14,7,5,0
3,ALLIANCE > HQIP,10,0,9,National Audit of Psychosis - Audit on Early Intervention in Psychosis services -  patient experience survey,7,4,42,7,50631db6-126e-4b3a-8035-444b66ba4afa,8,5,29,7,8,3
3,ALLIANCE > SAIL,10,0,9,Emergency Department Data Set,6,0,42,7,50d07fb3-4d8e-413d-9958-434838daea4d,0,5,6,7,0,0
3,HUBS > BREATHE,10,0,9,Prospective Observation of Fibrosis in the Lung Clinical Endpoints,7,0,42,7,50feb9f3-3be8-4690-913b-bd462d27d3db,0,5,6,7,0,0
3,Oxford University Hospitals NHS Foundation Trust,10,0,9,Outpatient Appointment Dataset,7,5,42,7,510e1782-1650-4342-9c20-185ca47f7b11,9,5,33,7,10,3
3,HUBS > BREATHE,10,0,9,Leicester Respiratory Research Database,7,2,42,7,5138fa73-6695-413d-9d03-a40ecad98fb5,0,5,14,7,5,1
3,ALLIANCE > DUNDEE,10,0,9,Demography,7,5,42,7,514018c0-86e8-4998-8460-bb99912281ae,9,5,33,7,10,3
3,HUBS > BREATHE,10,0,9,International Severe Asthma Registry,7,5,42,7,52a4c514-0414-43c7-a400-1498a70ed85a,8,5,28,7,7,2
3,ALLIANCE > SAIL,10,0,9,Children Receiving Care and Support Census,6,0,42,7,5343bac9-244f-4211-8c9a-d9c29c79b4f3,0,5,6,7,0,0
3,ALLIANCE > HQIP,10,0,9,National Audit of Care at the End of Life - organisational level audit,7,4,42,7,535fbfd4-34f0-436d-8de2-e708fd0fa103,8,5,29,7,8,3
3,ALLIANCE > SAIL,10,1,9,School Workforce Annual Census (SWAC),6,1,42,7,54102beb-f0f0-4352-9127-68091cb7f561,1,5,12,7,2,1
3,ALLIANCE > HQIP,10,0,9,National Vascular Registry - Lower Limb Angioplasty clinical dataset,7,4,42,7,5536b00a-fb31-4e91-9bd8-e7f774974846,8,5,29,7,8,3
3,HUBS > DISCOVER NOW,10,0,9,North West London population data (NWL POP),6,0,42,7,5546a711-109e-440c-815c-1d27a596a625,0,5,7,7,1,0
3,ALLIANCE > SAIL,10,0,9,Breast Test Wales,6,0,42,7,5547f46f-75b7-4338-89bb-29c361187d28,0,5,6,7,0,0
3,HUB > PIONEER,10,0,9,Acute care patients within the 100K Genome project,6,4,42,7,561b49f3-0941-4839-838c-9359fa69d48e,0,5,13,7,3,0
3,HUBS > BREATHE,10,0,9,Care-seeking practices for childhood pneumonia in non/tribal areas of Pune India,7,2,42,7,561b8a79-6bac-4ffc-91f4-0bbec4e90968,3,5,14,7,1,2
3,ALLIANCE > TISSUE DIRECTORY,10,0,9,Cardiff School of Dentistry Tooth Bank,7,2,42,7,5758964b-1161-48ee-97b5-1e414f406978,1,5,11,7,2,0
3,ALLIANCE > TISSUE DIRECTORY,10,0,9,Cardamon Clinical Trial Samples,7,2,42,7,57f5eb44-bd9b-4ec5-b255-fe915ff74ab5,1,5,11,7,2,0
3,ALLIANCE > TISSUE DIRECTORY,10,0,9,King's Health Partners Cancer Biobank,7,2,42,7,593a5263-e2b5-4433-81c1-30b35a520488,1,5,11,7,2,0
3,ALLIANCE > SAIL,10,0,9,Looked After Children Wales,6,0,42,7,599b721f-054b-4b4d-b447-5dee7797ab58,0,5,6,7,0,0
3,ALLIANCE > HBS,10,2,9,Enhanced Prescribing Database,6,2,42,7,59ad4112-1405-4414-961f-27325ab4c8e8,2,5,17,7,3,2
3,ALLIANCE > HQIP,10,0,9,National Clinical Audit of Anxiety and Depression - spotlight audit on psychological therapies (therapist survey),7,4,42,7,59bc96f9-69b7-4763-81a8-ec4695b6b55e,8,5,29,7,8,3
3,OTHER > Office of National Statistics,10,0,9,Death registration data - Provisional Monthly Extracts,7,1,42,7,5a2b59f8-e20d-4ff4-b209-4710f7aca970,2,5,15,7,3,3
3,ALLIANCE > TISSUE DIRECTORY,10,0,9,MesobanK,7,2,42,7,5ad32bfa-8d4b-45cb-aa10-3b0a4bcfd258,1,5,11,7,2,0
3,ALLIANCE > DUNDEE,10,0,9,"Deaths – CHI, Community Health Index",7,5,42,7,5c01bfbe-5bda-4ff9-b565-d18e6e5d57d8,9,5,33,7,10,3
3,ALLIANCE > DUNDEE,10,0,9,NHS Tayside and Fife Haematology Biochemistry (Lab Data Restructured),7,5,42,7,5c56cfb6-46bb-4414-a963-24eafb0949f6,9,5,33,7,10,3
3,ALLIANCE > SCOTLAND,10,0,9,Scotland Accident and Emergency,6,2,42,7,5cffe432-21f9-44ba-b0fc-a6200115c21c,1,5,12,7,1,2
3,HUBS > BREATHE,10,0,9,SpiroMeta Consortium Dataset,7,1,42,7,5d2758c6-b315-421f-9971-9df8ba83a2d4,0,5,7,7,0,0
3,Oxford University Hospitals NHS Foundation Trust,10,0,9,ARIA Radonc,7,5,42,7,5e022f8f-4d07-44bb-a87c-43e31200fe1e,9,5,33,7,10,3
3,NHS Digital,10,0,9,Mental Health Services Data Set,6,5,42,7,5e37caad-4777-4d7e-be17-32220d8fed05,1,5,19,7,4,3
3,ALLIANCE > HQIP,10,0,9,National Paediatric Diabetes Audit - core clinical dataset (care processes and outcomes),7,4,42,7,5ea9c568-b850-4589-bcbb-6ee0cfd322cd,8,5,29,7,8,3
3,ALLIANCE > TISSUE DIRECTORY,10,0,9,UK CLL Trials Biobank,7,2,42,7,5eecebc6-d896-46de-92df-d108bb193b17,1,5,11,7,2,0
3,ALLIANCE > SCOTLAND,10,0,9,Maternity Inpatient and Day Case - Scottish Morbidity Record (SMR02),6,1,42,7,5f3d5f41-db25-4e93-b938-76ba07e84a8d,1,5,11,7,1,2
3,ALLIANCE > HQIP,10,0,9,National Maternity and Perinatal Audit Organisational Survey 2019,7,4,42,7,600be397-211b-4f65-9f82-e85f4393fb8a,8,5,29,7,8,3
3,ALLIANCE > SCOTLAND,10,0,9,Child Health Systems Programme - 13-15 Month Review,6,2,42,7,60a303b6-1ebf-466e-ab5c-db92ca7a13c4,2,5,13,7,1,2
3,OTHER > Office of National Statistics,10,0,9,Business Impact of COVID-19 Survey (BICS),7,2,42,7,617aca9b-0fb9-45ec-8314-e16c3e074b01,2,5,16,7,3,3
3,ALLIANCE > HQIP,10,0,9,National Clinical Audit of Anxiety and Depression - Core audit of practice,7,4,42,7,61cf3b8d-5a1b-4241-aaac-89599bf17ab6,8,5,29,7,8,3
3,HUBS > BREATHE,10,0,9,ICT-based intervention for adult asthma with limited health literacy,7,0,42,7,62824365-480a-4d20-9ab2-7e7739e7e2ec,3,5,10,7,1,0
3,ALLIANCE > SAIL,10,0,9,Critical Care Dataset,6,0,42,7,628284ca-0adf-45a9-8d7a-ea6f14a15e1c,0,5,6,7,0,0
3,ALLIANCE > TISSUE DIRECTORY,10,0,9,UK real-world lymphoid tissue bank,7,2,42,7,62b17ee5-97e3-468e-ba48-e8685ea28461,0,5,10,7,2,0
3,ALLIANCE > TISSUE DIRECTORY,10,0,9,UKCTOCS Longitudinal Women's Cohort (UKLWC),7,2,42,7,62d11868-51d7-4b3a-99eb-da9f5d3797dc,0,5,10,7,2,0
3,ALLIANCE > NIHR BIORESOURCE,10,0,9,Contact detail,6,1,42,7,62fc43ed-1198-4769-ad39-a0bc2c05fd47,1,5,10,7,2,0
3,HUBS > NHS DIGITRIALS,10,1,9,MSDS (Maternity Services Data Set),6,2,42,7,63aa23c0-80cf-48b1-89f2-909d5d5f70d8,2,5,15,7,3,1
3,ALLIANCE > SAIL,10,0,9,Annual District Birth Extract,6,0,42,7,63dfe292-6479-489f-a897-aa616acb0a10,0,5,6,7,0,0
3,ALLIANCE > DUNDEE,10,0,9,Fife Microbiology: Tests,7,5,42,7,63f6d960-da48-4de6-9183-5518f1ce7644,9,5,33,7,10,3
3,HUBS > BREATHE,10,0,9,Wales Asthma Observatory,6,0,42,7,6439bf82-d0b4-4d7f-b7d9-f1e716b12df5,0,5,7,7,0,1
3,ALLIANCE > DUNDEE,10,0,9,Prescribing,7,5,42,7,64640c6f-bc49-419f-bb2c-13c07d94adc9,9,5,33,7,10,3
3,ALLIANCE > HQIP,10,0,9,National Audit of Dementia Round 4 - organisational checklist,7,4,42,7,64a0ba4d-776c-4979-a4b0-1f1fb6b61c85,8,5,29,7,8,3
3,ALLIANCE > DUNDEE,10,0,9,NHS Tayside and Fife Immunology (Extractable),7,5,42,7,660ae034-5631-4fdb-8af5-cf39015c12f8,9,5,33,7,10,3
3,ALLIANCE > SAIL,10,0,9,Outpatient Dataset,6,0,42,7,662ed97c-23bf-43dc-88ba-2206d110d119,0,5,6,7,0,0
3,ALLIANCE > SAIL,10,0,9,Active Adult Survey,6,0,42,7,66cb4fac-7b2d-4832-8265-6ee58aaad438,0,5,6,7,0,0
3,ALLIANCE > BARTS,10,0,9,Critical Care Minimum Dataset,7,5,42,7,673626f3-bdac-4d32-9bb8-c890b727c0d1,9,5,33,7,10,3
3,HUBS > BREATHE,10,0,9,Exploring the provision of supportive care for patients with COPD in Malaysia,7,2,42,7,68eca6a2-7c32-4bea-bcd1-c07dc50ee018,5,5,18,7,3,2
3,ALLIANCE > TISSUE DIRECTORY,10,0,9,Leeds Breast Research Tissue Bank,7,2,42,7,6951e949-6aa3-4670-ad05-db8e954b3524,1,5,11,7,2,0
3,HUBS > INSIGHT,10,0,9,Moorfields Eye Image Dataset Release 001,6,0,42,7,6959639d-5bd2-4b53-918e-8f56784b2870,0,5,7,7,1,0
3,ALLIANCE > TISSUE DIRECTORY,10,0,9,Northern Ireland Biobank (NIB),7,2,42,7,6983134e-c920-47db-957b-47e873644eb0,0,5,10,7,2,0
3,HUBS > NHS DIGITRIALS,10,0,9,Personal Demographic Service,7,4,42,7,6a6b33a3-afd6-4f22-ba41-a87beccc3eb1,2,5,18,7,4,2
3,ALLIANCE > CPRD,10,0,9,Systemic Anti-Cancer Treatment (SACT) data for CPRD GOLD,6,5,42,7,6a8066c7-a8f4-44a6-9efd-871b19a3689f,4,5,26,7,8,3
3,ALLIANCE > SCOTLAND,10,0,9,National Records of Scotland (NRS) - Deaths Data,6,2,42,7,6ab4e273-0799-4f67-929d-d1b07e68b1f4,1,5,11,7,1,1
3,ALLIANCE > RCGP,10,0,9,The Royal College of General Practitioners (RCGP) Research and Surveillance Centre (RSC) primary care sentinel network and database,6,0,42,7,6b41863d-690e-492e-8034-303d56f12f22,0,5,7,7,1,0
3,ALLIANCE > HQIP,10,0,9,National Diabetes Audit - National Diabetes Foot Care Audit clinical dataset,7,4,42,7,6b53f274-c927-4b8f-bcc3-1d85fabf16ee,8,5,29,7,8,3
3,HUBS > DISCOVER NOW,10,0,9,North West London Adult Social Care Data (NWL ASC),6,0,42,7,6bcb3286-01a0-4332-b84c-35037759d6b1,0,5,7,7,1,0
3,ALLIANCE > DUNDEE,10,0,9,"NHS Tayside A&E, Diagnosis dataset during A&E visit",7,5,42,7,6cb4e624-a971-4d73-949e-bc57353e512b,9,5,33,7,10,3
3,ALLIANCE > NHS DIGITAL,10,0,9,GPES Data for Pandemic Planning and Research (COVID-19),6,1,42,7,6cc463b4-5524-40cc-8190-b484458ad48c,2,5,13,7,2,2
3,ALLIANCE > HQIP,10,0,9,National Joint Registry - Revision Elbow Replacement dataset,7,4,42,7,6d1b9b23-1197-4857-9b17-9e26cb0633e8,8,5,29,7,8,3
3,ALLIANCE > CPRD,10,0,9,HES Outpatient data for CPRD Aurum,6,2,42,7,6e1d8f50-f718-4964-9c88-2c80cbaa92b5,3,5,16,7,3,2
3,ALLIANCE > TISSUE DIRECTORY,10,0,9,Ethical Tissue - University of Bradford,7,2,42,7,6e535e7c-0ceb-4666-9361-e75e9c4a97ca,1,5,11,7,2,0
3,ALLIANCE > NIHR BIORESOURCE,10,0,9,Demographic,6,1,42,7,6ecc2cb0-3b9b-47fc-9c80-78da44f070ef,1,5,9,7,1,0
3,ALLIANCE > HQIP,10,0,9,Epilepsy 12 - Patient Reported Experience Measure,7,4,42,7,6efbc62f-6ebb-4f18-959b-1ec6fd0cc6fb,8,5,29,7,8,3
3,ALLIANCE > HQIP,10,0,9,National Joint Registry - Primary Hip Replacement dataset,7,0,42,7,7038a67d-34ca-4754-a50f-41aa2849db69,1,5,10,7,2,1
3,Oxford University Hospitals NHS Foundation Trust,10,0,9,Infoflex Cancer Registry,7,5,42,7,72fe91de-b0c0-423a-ad68-bd7067b20ad8,9,5,33,7,10,3
3,HUBS > BREATHE,10,0,9,"Prevention, detection, treatment: adult lung disease/cancer in rural Tamil Nadu",7,2,42,7,736a9d09-83c7-4cfa-ae82-a10b2a69efc8,3,5,14,7,1,2
3,NIHR Health Informatics Collaborative Viral Hepatitis Theme,10,0,9,HIC Hepatitis v2,6,0,42,7,73f54071-62bf-48f5-8be1-569208b18ab8,0,5,6,7,0,0
3,HUBS > BREATHE,10,0,9,Effects of second-hand smoke on pregnant women: a phenomenological study,7,1,42,7,7480abe4-e073-40ef-882d-217542b5e08e,3,5,12,7,2,0
3,ALLIANCE > CPRD,10,0,9,CPRD GOLD,6,1,42,7,756daeaa-6e47-4269-9df5-477c01cdd271,0,5,11,7,3,1
3,ALLIANCE > HQIP,10,0,9,National Asthma and COPD Audit Programme (NACAP): secondary care workstream – children and young people asthma (organisational),7,4,42,7,76ec0282-02e0-4fff-b016-76bc6ffcb784,8,5,29,7,8,3
3,ALLIANCE > SAIL,10,0,9,Annual District Death Extract,6,0,42,7,779b6d54-b923-4416-b74e-917cab30baa9,0,5,6,7,0,0
3,ALLIANCE > CPRD,10,0,9,HES Admitted Patient Care data for CPRD GOLD,6,2,42,7,77b5cf84-d4f2-4418-bafa-73306cf2d2b2,3,5,17,7,4,2
3,ALLIANCE > ISARIC 4C,10,2,9,COVID-19 Clinical Information Network (CO-CIN),7,5,42,7,78b4e352-a47f-4b45-aeb8-32eeb49e59df,9,5,35,7,10,3
3,ALLIANCE > HQIP,10,0,9,National Audit of Psychosis - Early Intervention Psychosis Audit patient experience survey,7,4,42,7,78d25670-9d20-4eb7-a79a-f29e53cc981f,8,5,29,7,8,3
3,NHS Digital,10,0,9,Mental Health Minimum Dataset v4.1 (Sensitive) Episodes,6,5,42,7,78fe2e13-7f40-406f-a584-04909d0ce060,1,5,19,7,4,3
3,ALLIANCE > SAIL,10,0,9,Pathology Data from WRRS,6,0,42,7,78fee45f-9f03-46b1-be8e-650c54e2c3fa,0,5,6,7,0,0
3,HUBS > BREATHE,10,0,9,EMEP4UK Pollution,7,4,42,7,79116473-bda2-413c-82ad-ba2b86e5076f,8,5,23,7,3,2
3,ALLIANCE > TISSUE DIRECTORY,10,0,9,Daisy Tumour Bank,7,2,42,7,7a0d678a-a341-4643-af33-bfc22f2f4e9c,0,5,10,7,2,0
3,NHS Digital,10,0,9,Mental Health & Learning Disabilities Dataset v 1 (Non-Sensitive) Records,6,5,42,7,7aa02796-787a-42c2-b97e-d008fa77e4b8,1,5,19,7,4,3
3,ALLIANCE > TISSUE DIRECTORY,10,0,9,PTCL Biobank,7,2,42,7,7c1fa7b2-2b76-4952-884e-8ef6f845c488,1,5,11,7,2,0
3,ALLIANCE > GENOMICS ENGLAND,10,0,9,GENOMICS ENGLAND 100K BIOINFORMATICS DATA,6,0,42,7,7c9f9620-8f18-4e2d-bda0-a3a6f46756b6,0,5,6,7,0,0
3,ALLIANCE > TISSUE DIRECTORY,10,0,9,Bristol Dental School Saliva Bank,7,2,42,7,7ca98657-037c-43a8-872a-65a0520695e5,0,5,10,7,2,0
3,ALLIANCE > BARTS,10,0,9,Somerset Cancer Registry,7,5,42,7,7d501f79-5d1f-4104-a5b7-d46a97fcde5f,9,5,33,7,10,3
3,ALLIANCE > SCOTLAND,10,0,9,National Records of Scotland (NRS) - Births Data,7,2,42,7,7db1c8bd-8d99-4189-8510-e6bdb0e19219,1,5,11,7,1,1
3,ALLIANCE > HQIP,10,0,9,National Asthma and COPD Audit Programme (NACAP): Adult Asthma secondary care clinical dataset,7,4,42,7,7dc319da-a16f-4e63-a115-0cba3905a322,8,5,29,7,8,3
3,ALLIANCE > HQIP,10,0,9,Epilepsy 12 - National organisational audit (service descriptor questionnaire) and Trust profile,7,4,42,7,7f125091-12ba-464d-af7d-9a88179b0b95,8,5,29,7,8,3
3,HUBS > DISCOVER NOW,10,0,9,North West London Integrated Care Record (NWL ICR),6,0,42,7,7f23034b-6887-48c0-bbe7-07d099ca9395,0,5,7,7,1,0
3,ALLIANCE > TISSUE DIRECTORY,10,0,9,UK MND Collections,7,2,42,7,7f55c499-abd9-4f61-ac7e-93a4d15c79a2,0,5,10,7,2,0
3,HUBS > NHS DIGITRIALS,10,0,9,Diagnostic Imaging Dataset,6,4,42,7,7f841dc4-87ed-4048-b06b-1a1e9198b8c1,2,5,17,7,3,2
3,ALLIANCE > HQIP,10,0,9,"National Audit of Dementia - spotlight audit on the prescription of psychotropic medication, 2019",7,4,42,7,7fab080b-6e2a-4c82-a5e5-daf99c70662a,8,5,29,7,8,3
3,HUBS > BREATHE,10,0,9,Developing Patient and Public Involvement in Research in Malaysia,7,1,42,7,7fe20f78-758d-4449-beb4-ccf98e2d8247,5,5,17,7,3,2
3,ALLIANCE > PUBLIC HEALTH ENGLAND,10,0,9,National Cancer Registration Dataset 2018,6,0,42,7,8045cbe5-738d-4d30-a360-06acbbace5a9,0,5,7,7,0,1
3,ALLIANCE > TISSUE DIRECTORY,10,0,9,National Unified Renal Translational Research Enterprise (NURTuRE),7,2,42,7,81a515f5-5f4d-480e-b5ce-24faa7026c00,1,5,11,7,2,0
3,NHS Digital,10,0,9,Mental Health & Learning Disabilities Dataset v 1 (Sensitive) Episodes,6,5,42,7,8226b6fa-d815-4f15-9064-b56beb0fddb1,1,5,19,7,4,3
3,ALLIANCE > TISSUE DIRECTORY,10,0,9,TRICON8B,7,2,42,7,824a2ef7-d282-495e-b0fc-e25b3a9613c3,1,5,11,7,2,0
3,ALLIANCE > HQIP,10,0,9,National Audit of Dementia Round 4 - staff questionnaire,7,4,42,7,82665c1e-df7f-4136-a05f-0826533149e5,8,5,29,7,8,3
3,ALLIANCE > TISSUE DIRECTORY,10,0,9,CASPS: A Phase II trial of Cediranib in ASPS patients,7,2,42,7,82ef7d1a-98d8-48b6-9acd-461bf2a399c3,1,5,11,7,2,0
3,ALLIANCE > TISSUE DIRECTORY,10,0,9,Leeds Multidisciplinary Research Tissue Bank,7,2,42,7,8342e05e-cb12-4d29-ae84-b9b8421cb4f8,0,5,10,7,2,0
3,ALLIANCE > TISSUE DIRECTORY,10,0,9,UKALL14 Trial,7,2,42,7,843062c0-fca0-464f-aa9c-0d4908f40513,1,5,11,7,2,0
3,NIHR Health Informatics Collaborative Cardiovascular Theme,10,0,9,HIC Acute Coronary Syndromes,6,0,42,7,844f3be0-f50d-4a88-9783-0928ad1c2aad,0,5,6,7,0,0
3,ALLIANCE > TISSUE DIRECTORY,10,0,9,Epilepsy Society Brain and Tissue Bank,7,2,42,7,84616d8c-336a-485b-9148-af6788efb721,1,5,11,7,2,0
3,Oxford University Hospitals NHS Foundation Trust,10,0,9,CRIS,7,5,42,7,84de0d13-f5bd-4c22-83d3-e1adb00d5a72,9,5,33,7,10,3
3,ALLIANCE > CPRD,10,0,9,Cancer registration data for CPRD Aurum,6,5,42,7,851bb11b-fa75-44ee-afe9-948dc7652555,4,5,26,7,8,3
3,ALLIANCE > HQIP,10,0,9,National Diabetes Audit - National Diabetes in Pregnancy clinical Audit dataset,7,4,42,7,858c517e-8ce3-4059-9326-d158489e48d1,8,5,29,7,8,3
3,ALLIANCE > TISSUE DIRECTORY,10,0,9,SCOT translational sample collection,7,0,42,7,85b25afd-73a6-4455-9098-1f906bc7738d,0,5,8,7,2,0
3,ALLIANCE > CPRD,10,0,9,HES Outpatient data for CPRD GOLD,6,2,42,7,8625eb42-93df-4d33-875b-e6a93413d7ba,3,5,16,7,3,2
3,HUBS > BREATHE,10,0,9,Children's Health in London and Luton (CHILL),7,2,42,7,868613e0-23cc-4f8a-82da-18984589afd7,0,5,9,7,1,0
3,ALLIANCE > SCOTLAND,10,0,9,Child Health Systems Programme - 6-8week review,6,2,42,7,86b39921-f0d4-42be-8236-1808c215c06b,3,5,14,7,1,2
3,NHS Digital,10,0,9,HES:Civil Registration (Deaths) bridge,6,5,42,7,86d7088b-7a15-4e9a-b2b0-857a67e04650,1,5,20,7,5,3
3,ALLIANCE > CPRD,10,0,9,Death Registration data for CPRD GOLD,6,3,42,7,87244819-4596-4e5d-baaa-f3fe4eb74b4b,3,5,17,7,3,2
3,ALLIANCE > HQIP,10,0,9,National Early Inflammatory Arthritis Audit - clinical dataset,7,4,42,7,875999d5-f5ed-4136-ac20-b20f1abe27dd,8,5,29,7,8,3
3,ALLIANCE > NIHR BIORESOURCE,10,0,9,NHS Trust data,7,4,42,7,8783d7d2-2b89-44cc-bbc6-645e5483e2fe,8,5,29,7,8,3
3,ALLIANCE > CYSTIC FIBROSIS,10,0,9,Cystic Fibrosis Patient CFQ-R,6,0,42,7,8881192f-ffdf-4917-be80-e7daab9a0ca2,0,5,6,7,0,0
3,HUBS > NHS DIGITRIALS,10,0,9,Hospital Episode Statistics Critical Care,6,4,42,7,88aef872-87fc-471b-a4ed-276349ef575a,2,5,18,7,4,2
3,NHS Digital,10,0,9,Mental Health Minimum Dataset v2.6 (Non-Sensitive),6,5,42,7,895e5c2f-e484-4d08-91c6-35ac2f85c231,1,5,19,7,4,3
3,ALLIANCE > TISSUE DIRECTORY,10,0,9,Children's Cancer and Leukaemia Group (CCLG) Tissue Bank,7,2,42,7,89ae7d31-d183-4f5e-b754-7ae14449da76,1,5,11,7,2,0
3,ALLIANCE > NIHR BIORESOURCE,10,0,9,Consent records,6,2,42,7,89e57932-ac48-48ac-a6e5-29795bc38b94,1,5,11,7,2,0
3,OTHER > Office of National Statistics,10,2,9,Labour Force Survey (Person),7,1,42,7,89f37cc8-8519-4fd8-a49c-fe591a530a8b,8,5,27,7,7,3
3,ALLIANCE > CPRD,10,0,9,Patient postcode linked deprivation measures for CPRD Aurum,6,5,42,7,8ab1dc13-634e-46ae-9ba0-e094d446bd74,3,5,25,7,8,3
3,ALLIANCE > SAIL,10,0,9,Outpatient Referral,6,0,42,7,8b1f4b49-78b7-4f15-b4d0-ea2b009750cc,0,5,7,7,0,1
3,ALLIANCE > NHSX,10,0,9,The National COVID-19 Chest Imaging Database,6,0,42,7,8c13e03e-b9d2-4b04-8b98-097643a6beaf,0,5,6,7,0,0
3,ALLIANCE > TISSUE DIRECTORY,10,0,9,UNIRAD UK Sample collection,7,2,42,7,8c50b721-8bbe-4d9e-86d1-08a6271fe047,1,5,11,7,2,0
3,ALLIANCE > CYSTIC FIBROSIS,10,0,9,Cystic Fibrosis Patient Transplants,6,0,42,7,8c5be9df-c9b8-43ab-83ca-5d5dd61549da,0,5,6,7,0,0
3,NHS Digital,10,0,9,Bridge file: Hospital Episode Statistics to Mental Health Minimum Data Set,6,5,42,7,8d3f80d4-aeae-46f0-809b-cd6c51e24f75,1,5,19,7,4,3
3,ALLIANCE > SAIL,10,0,9,Substance Misuse Dataset,6,0,42,7,8dd6f22d-e513-4ee7-a7e8-abe055727076,0,5,6,7,0,0
3,ALLIANCE > NIHR BIORESOURCE,10,0,9,Whole Genome Sequencing,7,4,42,7,8e32341b-ebad-4e10-8f2b-60b0b5b0ef4c,8,5,29,7,8,3
3,ALLIANCE > NHS DIGITAL,10,1,9,Community Services Data Set,6,4,42,7,8e66e623-2859-4a65-93d7-abd41e139976,7,5,24,7,3,3
3,NHS Digital,10,0,9,Mental Health Services Data Set - Inpatients,7,5,42,7,8eace3c2-1dc8-4708-9350-ad129b7d2bc9,1,5,20,7,5,3
3,HUBS > BREATHE,10,0,9,Pneumonia case management practices in selected communities in Pakistan,7,0,42,7,8fc0a2cc-a8ce-4558-a98a-c514255833d8,3,5,11,7,2,0
3,ALLIANCE > HQIP,10,0,9,National Asthma and COPD Audit Programme (NACAP): Pulmonary rehabilitation - organisational audit,7,4,42,7,91479cbf-664e-4782-8514-a3247bb5c4f4,8,5,29,7,8,3
3,ALLIANCE > HQIP,10,0,9,National Diabetes Audit - Core Clinical Audit Dataset,7,4,42,7,92d95f82-50a5-4df9-914a-ca26b14cf84c,8,5,29,7,8,3
3,Oxford University Hospitals NHS Foundation Trust,10,0,9,Emergency Care Dataset (ECDS),7,5,42,7,93105053-ddf3-4339-9e4a-baf91c310370,9,5,33,7,10,3
3,ALLIANCE > SCOTLAND,10,0,9,National Records of Scotland (NRS) - Stillbirth Data,6,3,42,7,9328f206-db9a-4feb-9012-deab80cafd2e,1,5,12,7,1,1
3,ALLIANCE > GENOMICS ENGLAND,10,0,9,GENOMICS ENGLAND 100K CANCER & COMMON,6,0,42,7,93ffc937-dc5f-4fae-bb75-a8ad19ac3d3e,0,5,6,7,0,0
3,ALLIANCE > TISSUE DIRECTORY,10,0,9,TwinsUK,7,2,42,7,9419a99b-f1fb-4566-8480-eecd4e189086,0,5,10,7,2,0
3,HUBS > INSIGHT,10,0,9,UHB Eye Image Dataset Release 001,7,4,42,7,94351432-da7e-4d44-97eb-4359d45e0240,0,5,13,7,3,0
3,ALLIANCE > SAIL,10,0,9,Postponed Admitted Procedures,6,0,42,7,947ab204-b052-4cac-897b-d771f8dcfd1f,0,5,7,7,0,1
3,HUBS > BREATHE,10,0,9,Genetics of Asthma Severity & Phenotypes,7,0,42,7,94c082e5-b45f-43fe-9340-f4855f392fd4,0,5,6,7,0,0
3,ALLIANCE > TISSUE DIRECTORY,10,0,9,"Oncology Clinical Trials Office, University of Oxford",7,2,42,7,952d4422-3f03-46e6-9dbd-1bf0f54b7e3a,1,5,11,7,2,0
3,ALLIANCE > CPRD,10,0,9,Mental Health Dataset (MHDS) for CPRD GOLD,6,5,42,7,95475a1f-1623-4bfa-9821-1159d4dbcc8e,3,5,25,7,8,3
3,ALLIANCE > CPRD,10,0,9,Pregnancy Register for CPRD GOLD,6,5,42,7,96d29a1d-9566-4793-8dbb-351fbe2eb790,1,5,23,7,8,3
3,ALLIANCE > TISSUE DIRECTORY,10,0,9,The PEACE Study,7,2,42,7,979d600f-f541-4028-8576-a6e4603fc244,1,5,11,7,2,0
3,HUBS > GUT REACTION,10,0,9,IBD Registry,7,5,42,7,97ddd990-f47a-40f5-9178-cbf742e4c613,8,5,30,7,8,3
3,NHS Digital,10,0,9,Mental Health Minimum Dataset v4 (Sensitive) Records,6,5,42,7,97fa09e6-5ea5-41cd-baf8-20366db13a3f,1,5,19,7,4,3
3,ALLIANCE > TISSUE DIRECTORY,10,0,9,Public Health England Seroepidemiology Unit,7,2,42,7,98a03f2b-1a67-4653-a4f5-f9db7262a94d,1,5,11,7,2,0
3,ALLIANCE > SCOTLAND,10,0,9,GP Out of Hours,6,2,42,7,98babf8f-a557-410a-9075-640db283c9a3,1,5,12,7,1,2
3,ALLIANCE > CPRD,10,0,9,Quality of Life of Cancer Survivors in England: Pilot Patient Reported Outcomes Measures Survey (2011) for CPRD GOLD,6,5,42,7,992c8fe6-f460-490c-b202-8d4d9c434425,4,5,26,7,8,3
3,ALLIANCE > DUNDEE,10,0,9,Tayside Microbiology: Tests,7,5,42,7,992d45d6-c80e-474d-87ff-4503ee1210a2,9,5,33,7,10,3
3,ALLIANCE > SCOTLAND,10,0,9,Child Health Systems Programme - 4-5 year review,6,2,42,7,995c0f8d-f5ef-470a-8ffe-6bdb956bdbc0,3,5,14,7,1,2
3,HUBS > DISCOVER NOW,10,0,9,North West London COVID-19 Patient Level Situation Report (NWL COVID19 PLD SITREP),6,0,42,7,997a5bda-d6f2-46c7-8fe5-990ac4576ff6,0,5,7,7,1,0
3,ALLIANCE > HQIP,10,0,9,National Bowel Cancer Audit - clinical dataset,7,4,42,7,9a4ef776-6b4b-40cd-9c88-cbf1128780e9,8,5,29,7,8,3
3,ALLIANCE > CPRD,10,0,9,Cancer Patient Experience Survey (CPES) for CPRD GOLD,6,5,42,7,9a58219f-8cea-479c-bb5f-c68cae23136b,4,5,26,7,8,3
3,NHS Digital,10,0,9,Mental Health Services Data Set - Currencies,7,5,42,7,9b7f7994-0b9c-4809-b67d-45ae1f04ec5c,1,5,20,7,5,3
3,ALLIANCE > CPRD,10,0,9,HES Patient Reported Outcomes Measures (PROMs) data for CPRD GOLD,6,3,42,7,9bc66d1b-68a2-4d4e-a54a-cc3842ff95c7,3,5,20,7,5,3
3,ALLIANCE > HQIP,10,0,9,National Asthma and COPD Audit Programme (NACAP):COPD and adult asthma secondary care organisational dataset,7,5,42,7,9beca627-12cd-4231-8638-93cf0bdfa413,8,5,30,7,8,3
3,ALLIANCE > NIHR BIORESOURCE,10,0,9,Sample holding,6,0,42,7,9bfcf24b-5b13-4997-9062-6c58583e69cd,1,5,9,7,2,0
3,ALLIANCE > ALSPAC,10,0,9,Avon Longitudinal Study of Parents and Children,7,0,42,7,9c07be99-54a1-4a23-8de2-492e8dfea55a,1,5,10,7,2,1
3,ALLIANCE > HQIP,10,0,9,Falls and Fragility Fracture Audit Programme National Hip Database clinical dataset,7,4,42,7,9c0f13ca-5831-4d9b-860a-7d856be7a9f1,8,5,29,7,8,3
3,ALLIANCE > TISSUE DIRECTORY,10,0,9,Tissue Access for Patient Benefit (TAPb),7,2,42,7,9cb10184-7459-4ca5-ac30-d2364e70821d,1,5,11,7,2,0
3,ALLIANCE > NIHR BIORESOURCE,10,0,9,Full Blood Counts,7,4,42,7,9ccfde56-dd13-4606-a6c1-1e797d3b8d82,8,5,29,7,8,3
3,HDR UK,10,0,9,HDR UK Papers & Preprints,7,0,42,7,9e798632-442a-427b-8d0e-456f754d28dc,0,5,6,7,0,0
3,ALLIANCE > TISSUE DIRECTORY,10,0,9,POUT-T,7,2,42,7,9e8982cb-6e2b-4c6e-b9d5-80a3794eb1dc,1,5,11,7,2,0
3,ALLIANCE > TISSUE DIRECTORY,10,0,9,MDSBio,7,2,42,7,9f45db59-b3c9-4c33-85bf-25c1b5242903,1,5,11,7,2,0
3,ALLIANCE > NHS Scotland,10,3,9,NHS Scotland General Practice (GP) Contact Data - Subset,7,5,42,7,a021f150-41e6-48c3-807c-a0cefa4cb2c2,9,5,35,7,9,3
3,ALLIANCE > HQIP,10,0,9,National Early Inflammatory Arthritis Audit - patient survey,7,4,42,7,a05443cd-e292-4b5f-b1f1-95718e300d46,8,5,29,7,8,3
3,ALLIANCE > CPRD,10,0,9,Cancer registration data for CPRD GOLD,6,4,42,7,a0dad23c-c02d-4347-92ef-0019fa59eb3e,4,5,25,7,8,3
3,NIHR Health Informatics Collaborative Renal Transplantation Theme,10,0,9,HIC Transplantation,6,0,42,7,a0e0c0c2-072a-47ac-9252-e27b37ac024f,0,5,7,7,0,1
3,HUBS > NHS DIGITRIALS,10,0,9,Hospital Episode Statistics Accident and Emergency,6,4,42,7,a104ba06-be82-4f2d-b177-f13948643f84,2,5,18,7,4,2
3,NHS Digital,10,0,9,Mental Health Minimum Dataset v4.1 (Non-Sensitive) Events,6,5,42,7,a1a67182-e81b-4144-ac51-92a86f277eb2,1,5,19,7,4,3
3,ALLIANCE > TISSUE DIRECTORY,10,0,9,Cam-UroOnc Biorepository,7,2,42,7,a1f9315e-8561-4e7b-b1a7-1276bdeca14d,1,5,11,7,2,0
3,ALLIANCE > TISSUE DIRECTORY,10,0,9,ICON9 Trial,7,2,42,7,a2d94442-91c1-4626-b28f-700eb436a4c1,1,5,11,7,2,0
3,ALLIANCE > BARTS,10,0,9,Freetext Dataset,7,5,42,7,a429e699-4650-4feb-9392-f24aa3a3b7b6,9,5,33,7,10,3
3,ALLIANCE > TISSUE DIRECTORY,10,0,9,Sheffield Brain Tissue Bank (SBTB),7,0,42,7,a49a1145-4334-4c2a-81cb-90155e8f05c6,0,5,8,7,2,0
3,ALLIANCE > TISSUE DIRECTORY,10,0,9,plasmaMATCH,7,2,42,7,a617a37d-1813-49ad-8282-38169981a095,1,5,11,7,2,0
3,ALLIANCE > BARTS,10,0,9,Community Services Dataset,7,5,42,7,a675ac5e-ecc2-4899-9c3c-65c2f36432c5,9,5,33,7,10,3
3,ALLIANCE > TISSUE DIRECTORY,10,0,9,UK primary Sjogren's syndrome Registry,7,2,42,7,a6fb087d-1a90-4db0-9fcf-323c5b3cce51,1,5,11,7,2,0
3,ALLIANCE > TISSUE DIRECTORY,10,0,9,Central England Haemato-oncology and oncology Research Biobank (CEHRB),7,2,42,7,a7209348-c011-44d0-9c4f-35a2014c2542,0,5,10,7,2,0
3,Oxford University Hospitals NHS Foundation Trust,10,0,9,LIMS,7,5,42,7,a74f72ad-bf70-42e4-8933-069c7b53c7f9,9,5,33,7,10,3
3,ALLIANCE > CPRD,10,0,9,Quality of Life of Colorectal Cancer Survivors in England: Patient Reported Outcome Measures Survey for CPRD Aurum,6,5,42,7,a772b8dd-cb93-4f27-a349-329992e0b212,3,5,25,7,8,3
3,ALLIANCE > HQIP,10,0,9,National Asthma and COPD Audit Programme (NACAP): primary care workstream resources,7,4,42,7,a895be78-f41c-40b8-b2fa-678a071a6427,8,5,29,7,8,3
3,NHS Digital,10,0,9,Mental Health Minimum Dataset v3_3.5 (Non-Sensitive),6,5,42,7,aa019da2-0f2f-493c-95e8-7263ee735f46,1,5,19,7,4,3
3,ALLIANCE > CPRD,10,0,9,HES Diagnostic Imaging Dataset for CPRD GOLD,6,3,42,7,aa8c53e8-f91f-41f7-9522-7e2462a9a84b,3,5,17,7,3,2
3,NHS Digital,10,0,9,Mental Health Minimum Data Set,6,5,42,7,acafb160-b18a-436e-90f1-dc4530a90267,1,5,20,7,5,3
3,ALLIANCE > TISSUE DIRECTORY,10,0,9,REQUITE,7,2,42,7,ace79a9e-1552-4287-9f6e-9d01f628252b,1,5,11,7,2,0
3,ALLIANCE > TISSUE DIRECTORY,10,0,9,Cardiff University Biobank,7,2,42,7,ad5c7693-983e-4f32-a979-9ab550f2084a,0,5,10,7,2,0
3,HUBS > BREATHE,10,0,9,Optimum Patient Care Research Database,7,3,42,7,ae4b8371-d037-46e8-bdcd-bf3de08ef38e,5,5,19,7,3,2
3,ALLIANCE > TISSUE DIRECTORY,10,0,9,Cambridge Blood and Stem Cell Biobank,7,2,42,7,ae4f0589-8679-48a1-ad04-2324a5001869,1,5,11,7,2,0
3,ALLIANCE > HQIP,10,0,9,National Audit of Care at the End of Life - Quality Survey,7,4,42,7,aeb2f1ea-c914-4b30-94c8-9fd3eb51b288,8,5,29,7,8,3
3,ALLIANCE > CYSTIC FIBROSIS,10,0,9,Cystic Fibrosis Patient NTM culture,6,0,42,7,af148400-1ec6-436d-910e-45350a54c390,0,5,6,7,0,0
3,HUBS > BREATHE,10,0,9,Community perception on public health measures for COVID-19 prevention/control,7,2,42,7,af238430-c257-4d60-9ff0-1de6b825f09e,3,5,13,7,2,0
3,OTHER > HBS,10,1,9,COVID antigen  testing - Pillar 2,6,3,42,7,af5caf3f-a8f7-4365-af6e-8d9a59711ad1,2,5,18,7,4,2
3,HUBS > DISCOVER NOW,10,0,9,North West London Coordinate My Care (NWL CMC),6,0,42,7,af660e81-bb96-4e85-99a8-b85147c6ba79,0,5,7,7,1,0
3,ALLIANCE > TISSUE DIRECTORY,10,0,9,RAPPER,7,2,42,7,b0886a0c-7ddc-4c2b-a499-afd7262fbe56,0,5,10,7,2,0
3,ALLIANCE > GENOMICS ENGLAND,10,0,9,GENOMICS ENGLAND 100K RARE DISEASE & COMMON,6,0,42,7,b0a8085e-8cf0-45ee-b4a6-12a4a545ca70,0,5,6,7,0,0
3,ALLIANCE > SAIL,10,2,9,ONS 2011 Census Wales (CENW),6,2,42,7,b1a2126a-640d-4b02-8acd-e5ce5ee454f0,2,5,15,7,2,1
3,ALLIANCE > DUNDEE,10,0,9,Patient SIMD Postcode,7,5,42,7,b2124786-9658-40cc-b5a3-6624885ce490,9,5,33,7,10,3
3,HUBS > DISCOVER NOW,10,0,9,North West London Patient Index (NWL PI),6,0,42,7,b232b32f-07d4-4fce-85a0-3834efd8757a,0,5,7,7,1,0
3,HUBS > DISCOVER NOW,10,0,9,North West London Admitted Patient Care Data (NWL APC),6,0,42,7,b339ea90-c3dd-44d8-a968-88eba9e3edb3,0,5,7,7,1,0
3,ALLIANCE > TISSUE DIRECTORY,10,0,9,York Tissue Bank,7,2,42,7,b36202ad-7652-460c-8389-baa1a1c1ac46,0,5,10,7,2,0
3,ALLIANCE > TISSUE DIRECTORY,10,0,9,HCV Research UK,7,2,42,7,b3a10154-a409-491a-92fb-e7fac47ccd91,1,5,11,7,2,0
3,NIHR Health Informatics Collaborative Critical Care Theme,10,0,9,HIC ICU 8.3.2,6,0,42,7,b40777a2-468b-4b45-8b7d-2f62f912e950,0,5,6,7,0,0
3,ALLIANCE > BARTS,10,0,9,CDE Surginet Documentation,7,5,42,7,b41bb360-f2ed-49f0-a45b-b2fb05321975,9,5,33,7,10,3
3,ALLIANCE > CPRD,10,0,9,Systemic Anti-Cancer Treatment (SACT) data for CPRD Aurum,6,5,42,7,b4f6a5c2-e652-4972-9d06-510e9a469dfe,4,5,26,7,8,3
3,NHS Digital,10,0,9,Mental Health Minimum Dataset v4.1 (Non-Sensitive) Episodes,6,5,42,7,b53f716d-a5c3-4ad8-a2aa-cae09c12ac18,2,5,20,7,4,3
3,ALLIANCE > TISSUE DIRECTORY,10,0,9,MRC Brain Banks Network,7,2,42,7,b717d41e-9202-40ed-be1a-882ec0c47761,1,5,11,7,2,0
3,ALLIANCE > TISSUE DIRECTORY,10,0,9,Tissue Solutions Ltd,7,2,42,7,b730442a-72f3-4b0d-8ad3-4bdba046df7a,1,5,11,7,2,0
3,HUBS > DATA-CAN,10,0,9,Yorkshire Specialist Register of Cancer in Children and Young People,6,0,42,7,b765d514-1642-4762-a521-73463c977094,0,5,7,7,1,0
3,ALLIANCE > TISSUE DIRECTORY,10,0,9,TRICON8,7,2,42,7,b796b821-97cf-4aa1-bbc7-53e3c1fbc33f,0,5,10,7,2,0
3,ALLIANCE > DUNDEE,10,0,9,Tayside Radiology,7,5,42,7,b8107ec3-ba35-45ee-8231-cb610fe2ce48,9,5,33,7,10,3
3,ALLIANCE > DUNDEE,10,0,9,NHS Tayside and Fife Haematology (Lab Data Restructured),7,5,42,7,b9a2fe09-60b3-48a4-b252-9ed04a7dcc66,9,5,33,7,10,3
3,NHS Digital,10,0,9,Mental Health Minimum Dataset v4 (Non-Sensitive) Events,6,5,42,7,ba071b0b-5ef4-457b-b194-3a69c2c71a06,1,5,19,7,4,3
3,HUBS > BREATHE,10,0,9,Assessment of ASHA’s workload and its determinants,7,2,42,7,bab944af-e345-4893-8640-a88aaff97c72,3,5,14,7,1,2
3,HUBS > DISCOVER NOW,10,0,9,North West London Primary Care Events Data (NWL PCE),6,0,42,7,bc2d2a17-0f36-4cb0-85d3-b54e64460d75,0,5,7,7,1,0
3,ALLIANCE > NHS DIGITAL,10,2,9,Cancer Registration Data,6,5,42,7,bc30732b-32cb-4f66-8794-e6e6691c79e7,8,5,31,7,7,3
3,ALLIANCE > CPRD,10,0,9,Patient postcode linked deprivation measures for CPRD GOLD,6,5,42,7,bc6ae5bc-7175-49e2-b093-337dde427736,3,5,25,7,8,3
3,ALLIANCE > TISSUE DIRECTORY,10,0,9,Wales Cancer Bank,7,2,42,7,bcfdc597-1bf0-41c2-8b68-779f9a115f83,1,5,11,7,2,0
3,NHS Digital,10,0,9,Mental Health & Learning Disabilities Dataset v 1 (Sensitive) Events,6,5,42,7,bdc17b2c-8b0f-4959-ab9b-e2de32d8a5f9,1,5,19,7,4,3
3,ALLIANCE > CPRD,10,0,9,Mother-Baby Link for CPRD GOLD,6,5,42,7,bdcbbb2b-df99-4ae7-b36e-f266cfe10ed3,1,5,23,7,8,3
3,ALLIANCE > HQIP,10,0,9,National Joint Registry - Revision Shoulder Replacement dataset,7,4,42,7,bddcc89d-028f-48a5-b568-7dccd574563b,8,5,29,7,8,3
3,HUBS > BREATHE,10,0,9,4 LMIC Asian Country ChrOnic: estimating respiratory disease burden in adults,7,0,42,7,be9bf427-d96d-4b1a-b1d1-83bdc3e8790b,3,5,11,7,1,1
3,Oxford University Hospitals NHS Foundation Trust,10,0,9,TheatreEvents,7,5,42,7,bf83ada4-b72e-4789-b177-12a53aa763ea,9,5,33,7,10,3
3,ALLIANCE > SCOTLAND,10,0,9,Mental Health Inpatient and Day Case - Scottish Morbidity Record (SMR04),6,1,42,7,bfc6e7c5-a81b-4fe2-95b5-d108a48d7d67,2,5,12,7,1,2
3,ALLIANCE > SAIL,10,0,9,Daily Situation Report Data,6,0,42,7,c0da6801-6907-4c06-8fba-d21943c3a931,0,5,7,7,0,1
3,OTHER > Office of National Statistics,10,0,9,Covid-19 Infection Survey,6,1,42,7,c0f5fde3-4e8a-4956-998b-1fb955f58a22,2,5,15,7,3,3
3,ALLIANCE > TISSUE DIRECTORY,10,0,9,UCL Infection DNA Bank,7,2,42,7,c10d6c3a-e405-4ee9-828f-02443c210879,0,5,10,7,2,0
3,HUBS > BREATHE,10,0,9,Vitamin D supplementation meta-analyses,7,4,42,7,c16605d7-6e6e-4461-bfab-107660e31427,8,5,28,7,8,2
3,ALLIANCE > TISSUE DIRECTORY,10,0,9,STAMPEDE,7,2,42,7,c182a3b6-8eea-43ef-be18-6cd444f150dc,1,5,11,7,2,0
3,HUBS > DISCOVER NOW,10,0,9,North West London Primary Care Prescriptions Data (NWL PCP),6,0,42,7,c1f947c3-4956-4e0b-93ef-23ce9abda000,0,5,7,7,1,0
3,ALLIANCE > DUNDEE,10,0,9,Fife Radiology,7,5,42,7,c22d8356-d51b-4d34-aadf-ed356d15fe46,9,5,33,7,10,3
3,HUBS > BREATHE,10,0,9,Assessing the eDPSEEA model in seasonal pollen induced asthma in Islamabad,7,1,42,7,c2548017-7913-40e1-bf98-aaa2e907b0ea,3,5,12,7,2,0
3,ALLIANCE > DUNDEE,10,0,9,Tayside Bowel Screening Dataset,7,5,42,7,c275f19e-2373-43dc-8e83-3318aaf8bfa4,9,5,33,7,10,3
3,ALLIANCE > TISSUE DIRECTORY,10,0,9,Arden Tissue Bank,7,1,42,7,c29c3fbe-700e-4f85-8943-5557c30c1dfa,0,5,9,7,2,0
3,ALLIANCE > LEICESTER,10,0,9,Genvasc Primary Care Data,7,3,42,7,c324246a-22d9-45d8-9a7a-a513078be2d1,8,5,28,7,8,3
3,ALLIANCE > HQIP,10,0,9,Sentinel Stroke National Audit Programme Acute Organisational survey dataset,7,4,42,7,c3d84dfa-fe3a-4b86-a0f5-efbe45aa93ad,8,5,29,7,8,3
3,ALLIANCE > SCOTLAND,10,0,9,ECOSS (-/+VE tested patients only),6,5,42,7,c415b97f-4dd8-4330-b682-bc76b1bbaab4,7,5,30,7,9,3
3,HUBS > BREATHE,10,0,9,UK BiLEVE Consortium Dataset,7,1,42,7,c43363e5-a2cd-4990-a425-733dfe559a4f,0,5,7,7,0,0
3,ALLIANCE > CPRD,10,0,9,HES Accident and Emergency data for CPRD GOLD,6,2,42,7,c55b92d8-889d-435c-b0cb-2d9f7b432839,3,5,17,7,4,2
3,ALLIANCE > CPRD,10,0,9,Death Registration data for CPRD Aurum,6,3,42,7,c577669a-a84f-493e-8164-3fe02f618561,3,5,17,7,3,2
3,ALLIANCE > HQIP,10,0,9,National Audit of Psychosis - Audit on Early Intervention in Psychosis services - contextual data,7,4,42,7,c5994fae-9c4a-47eb-ba42-85bd76e92879,8,5,29,7,8,3
3,ALLIANCE > CPRD,10,0,9,Practice postcode linked deprivation measures for CPRD GOLD,6,5,42,7,c6117afd-bc4d-404b-8d58-9d87db936b4c,3,5,25,7,8,3
3,ALLIANCE > TISSUE DIRECTORY,10,0,9,Barts CTU,7,2,42,7,c6d6bbd3-74ed-46af-841d-ac5e05f4da41,1,5,11,7,2,0
3,OTHER > COG-UK,10,0,9,COG-UK Viral Genome Sequences,6,0,42,7,c6dc78fa-1543-4fbf-87d8-a3f48e7de813,0,5,6,7,0,0
3,NHS Digital,10,0,9,Mental Health & Learning Disabilities Dataset v 1 (Non-Sensitive) Episodes,6,5,42,7,c713773c-e961-400e-b44a-947002deb073,1,5,19,7,4,3
3,HUBS > NHS DIGITRIALS,10,0,9,Hospital Episode Statistics Outpatients,6,4,42,7,c720c89a-b2c6-4cd6-b606-df34ff22b1c8,2,5,18,7,4,2
3,ALLIANCE > SAIL,10,0,9,Annual District Death Daily,6,0,42,7,c7c7d692-99a2-4ef4-b295-35c3e6e243a1,0,5,6,7,0,0
3,ALLIANCE > TISSUE DIRECTORY,10,0,9,RATHL Trial,7,0,42,7,c83d2206-3778-400b-9b26-27c7588af930,1,5,9,7,2,0
3,ALLIANCE > DUNDEE,10,0,9,NHS Tayside and Fife Virology,7,5,42,7,c8ed8784-91ce-4823-8e80-fa3a4b732e11,9,5,33,7,10,3
3,NHS Digital,10,0,9,Mental Health Minimum Dataset v4.1 (Non-Sensitive) Records,6,5,42,7,c97b8058-a6a4-4c8d-92e1-6e9f4cddd301,1,5,19,7,4,3
3,ALLIANCE > HQIP,10,0,9,National Audit of Care at the End of Life - case note review,7,4,42,7,cabb1db1-ee3e-42ce-a40b-468282e2011d,8,5,29,7,8,3
3,ALLIANCE > HQIP,10,0,9,National Early Inflammatory Arthritis Audit - organisational survey dataset,7,4,42,7,cbda5643-96b7-4914-b990-a872e693ff29,8,5,29,7,8,3
3,NHS Digital,10,0,9,Mental Health Minimum Dataset v4.1 (Sensitive) Records,6,5,42,7,cc383a3f-1c47-4b7d-99cf-be8ee0afe401,1,5,19,7,4,3
3,ALLIANCE > CPRD,10,0,9,HES Admitted Patient Care data for CPRD Aurum,6,2,42,7,cc3e20da-aca5-471d-a4bb-38e13f350f10,3,5,16,7,3,2
3,ALLIANCE > NHS DIGITAL,10,1,9,Improving Access to Psychological Therapies Data Set,7,4,42,7,cef00323-8756-4ea5-99e4-f12dcb2c6297,6,5,22,7,3,2
3,ALLIANCE > HQIP,10,0,9,National Clinical Audit of Anxiety and Depression - spotlight audit on psychological therapies (clinical),7,4,42,7,cf3f4336-e52d-4b82-8cc5-647dedaaee57,8,5,29,7,8,3
3,ALLIANCE > CPRD,10,0,9,Quality of Life of Colorectal Cancer Survivors in England: Patient Reported Outcome Measures Survey for CPRD GOLD,6,5,42,7,cf81a42f-2611-4410-89e9-7e3770d03a15,3,5,25,7,8,3
3,ALLIANCE > CYSTIC FIBROSIS,10,0,9,Cystic Fibrosis Patient Microbiology Cultures,6,0,42,7,d0468470-a88f-4692-a19d-c9ac0b9868f3,0,5,6,7,0,0
3,ALLIANCE > SAIL,10,0,9,Welsh Cancer Intelligence and Surveillance Unit (WCISU),6,0,42,7,d2667c43-adfd-4a61-b090-38d39e35a392,0,5,6,7,0,0
3,ALLIANCE > TISSUE DIRECTORY,10,0,9,Cancer Group CTR Cardiff trials,7,2,42,7,d272b783-8db3-4068-8d0f-05728f786d6d,1,5,11,7,2,0
3,NHS Digital,10,2,9,Patient Reported Outcome Measures,6,4,42,7,d2af6a29-291b-4444-a17c-40f4208f1e1b,8,5,32,7,9,3
3,ALLIANCE > HQIP,10,0,9,Sentinel Stroke National Audit Programme Clinical Dataset,7,4,42,7,d3673b75-ec8f-4c2e-8c9b-6ef1d951f978,8,5,29,7,8,3
3,ALLIANCE > TISSUE DIRECTORY,10,0,9,MFT Biobank,7,2,42,7,d3a3935f-b28e-4e74-9b15-9432d611f26c,0,5,10,7,2,0
3,HUBS > BREATHE,10,0,9,Strategy introducing Pulmonary Rehabilitation for COPD management in rural India,7,2,42,7,d3e859ba-cfb0-4eda-a14c-34b08d113cd9,3,5,15,7,2,2
3,Oxford University Hospitals NHS Foundation Trust,10,0,9,JANUS,7,5,42,7,d3fd4dac-2d15-401c-8185-905ee108d9ce,9,5,33,7,10,3
3,ALLIANCE > TISSUE DIRECTORY,10,0,9,UK ME/CFS Biobank,7,2,42,7,d51de39c-153a-462b-8de5-cd1424908e0c,0,5,10,7,2,0
3,HUBS > BREATHE,10,0,9,Exploration of Pneumonia Related Policy Formation and Implementation in Pakistan,7,1,42,7,d5446d68-2fb9-4f0f-962e-7b7ed484d534,3,5,12,7,2,0
3,HUBS > PIONEER,10,0,9,Birmingham Out of Hours Research Database,7,4,42,7,d546521a-79be-4a53-83bd-ff008bda6171,8,5,29,7,8,3
3,Oxford University Hospitals NHS Foundation Trust,10,0,9,OUH Patient Master Index,7,5,42,7,d57a096a-4fa3-4529-b508-0b9df0f1893c,9,5,33,7,10,3
3,ALLIANCE > TISSUE DIRECTORY,10,0,9,NHS Grampian Biorepository,7,2,42,7,d5ab658e-b474-4e22-95f8-92607c40792d,0,5,10,7,2,0
3,HUB > NHS DIGITRIALS,10,0,9,Civil Registration - Deaths,6,1,42,7,d796a1b6-8769-433c-a2cf-6a7b161db1fb,1,5,13,7,3,2
3,ALLIANCE > NIHR BIORESOURCE,10,0,9,Health and Lifestyle Questionnaire,6,0,42,7,d7ec9584-cba3-46f9-9ef4-b1cb9eef2e7c,1,5,9,7,2,0
3,ALLIANCE > CPRD,10,0,9,Cancer Patient Experience Survey (CPES) for CPRD Aurum,7,5,42,7,d90830f4-5aaa-4075-8c8d-839627224d16,4,5,26,7,8,3
3,ALLIANCE > SAIL,10,0,9,Patient Episode Dataset for Wales,6,0,42,7,d99dd234-0fed-4731-99fe-82a567187854,0,5,6,7,0,0
3,ALLIANCE > HQIP,10,0,9,National Vascular Registry -  Abdominal Aortic Aneurysm Repair clinical dataset,7,4,42,7,da4d3e21-3d81-49e9-ada0-6175e2341190,8,5,29,7,8,3
3,NHS Digital,10,0,9,Mental Health Minimum Dataset v4.1 (Sensitive) Events,6,5,42,7,db113fcd-69a0-4357-9c6d-250085deb3f5,1,5,19,7,4,3
3,ALLIANCE > TISSUE DIRECTORY,10,0,9,interNational Anaplastic Thyroid Cancer Tissue Bank (iNATT),7,2,42,7,dd7e56e7-2683-4b88-bed2-3a27ef3e4c9e,1,5,11,7,2,0
3,ALLIANCE > HQIP,10,0,9,National Vascular Registry Audit Carotid Endarterectomy Clinical Dataset,7,4,42,7,ddc965e7-6f52-4eed-bed5-657e3e7bbeac,8,5,29,7,8,3
3,ALLIANCE > NIHR BIORESOURCE,10,0,9,NHS Digital data,7,4,42,7,de1179eb-89fe-45a3-9e3c-e54a2a36ebf0,9,5,31,7,9,3
3,ALLIANCE > HQIP,10,0,9,National Bowel Cancer Audit -  Organisational Survey dataset,7,4,42,7,de19b3ea-2600-4472-85e8-628e7beff76e,8,5,29,7,8,3
3,HUBS > BREATHE,10,0,9,UK Lung Volume Reduction Surgery,7,0,42,7,def6669b-0fac-485c-84b2-2ea83ec31123,0,5,6,7,0,0
3,HUBS > BREATHE,10,0,9,Klang Asthma Cohort,7,1,42,7,df63e893-f688-4bb4-956c-cc4354bb4001,3,5,13,7,1,2
3,Oxford University Hospitals NHS Foundation Trust,10,0,9,Admitted Patient Care Dataset,7,5,42,7,dfb21b3b-7fd9-40c4-892e-810edd6dfc25,9,5,33,7,10,3
3,ALLIANCE > GENOMICS ENGLAND,10,0,9,GENOMICS ENGLAND 100K PHE LINKED DATA,6,0,42,7,e0c871f9-b63c-43a5-9fd6-e5731dae2343,0,5,6,7,0,0
3,ALLIANCE > SAIL,10,0,9,Brecon dataset,6,0,42,7,e0ed59e2-8fb5-44d4-b694-f31d46884954,0,5,6,7,0,0
3,ALLIANCE > HQIP,10,0,9,National Oesophago-Gastric Cancer Audit - clinical dataset,7,4,42,7,e10660af-b420-4e25-8fc9-ea451da1dcfb,8,5,29,7,8,3
3,ALLIANCE > HQIP,10,0,9,National Joint Registry - Primary Ankle Replacement dataset,7,4,42,7,e38c8d6c-8655-4432-b654-23f89c0bb495,8,5,29,7,8,3
3,ALLIANCE > CYSTIC FIBROSIS,10,0,9,Cystic Fibrosis Patient Tendon Rupture,6,0,42,7,e432737f-43c0-43c1-aef5-71cb204d770c,0,5,6,7,0,0
3,HUBS > BREATHE,10,0,9,Unified Cohorts Research Network,7,4,42,7,e516a359-74a8-4932-b4df-f2cf75eef89d,8,5,28,7,8,2
3,ALLIANCE > CYSTIC FIBROSIS,10,0,9,Cystic Fibrosis Patient Sweat Tests,6,0,42,7,e66b726f-8e58-4411-be32-1d00ba1df13f,0,5,6,7,0,0
3,ALLIANCE > TISSUE DIRECTORY,10,0,9,Biobank for patients with retinal degenerations & dystrophies,7,2,42,7,e678366e-bb53-4dbb-a228-05114e0b6eb3,1,5,11,7,2,0
3,ALLIANCE > SAIL,10,1,9,Lifelong Learning Wales Record (LLWR),6,2,42,7,e7c99216-2d93-4cc5-96e8-36002aac80b1,2,5,15,7,2,2
3,HUBS > DISCOVER NOW,10,0,9,North West London Community Data (NWL COM),6,0,42,7,e85e5c8c-b6be-4e8b-8a0b-13b785b457a2,0,5,7,7,1,0
3,ALLIANCE > TISSUE DIRECTORY,10,0,9,University of Liverpool - GCP Laboratory Facility,7,2,42,7,e8f23004-f1f7-4a36-859f-25af6ca6433b,1,5,11,7,2,0
3,ALLIANCE > DUNDEE,10,0,9,"NHS Tayside, A&E Drugs given during an A&E visit",7,5,42,7,e8f5b1b5-2c08-439a-b337-70b454aa40f3,9,5,33,7,10,3
3,ALLIANCE > SCOTLAND,10,0,9,Scottish Immunisation Recall System (SIRS),7,2,42,7,e9d504fc-4b61-4419-a400-ffda998fc377,3,5,14,7,1,2
3,ALLIANCE > TISSUE DIRECTORY,10,0,9,Research Donors Ltd,7,0,42,7,ea07f115-9f70-4c21-a373-247a1ca906f0,0,5,8,7,2,0
3,ALLIANCE > SAIL,10,0,9,COVID-19 Consolidated Deaths,6,0,42,7,ea3f0b0e-d91a-479f-a44e-010d86ddaf3f,0,5,7,7,0,1
3,Oxford University Hospitals NHS Foundation Trust,10,0,9,Sunquest,7,5,42,7,eaca9ed1-30b6-4157-8894-8e53efc84849,9,5,33,7,10,3
3,ALLIANCE > TISSUE DIRECTORY,10,0,9,Tommy's National Reproductive Health Biobank,7,2,42,7,eb19fcd9-2e9e-4e27-aa79-ad235952b1ac,0,5,10,7,2,0
3,ALLIANCE > SAIL,10,0,9,Higher Education Statistics Agency (HESA) Student Data,6,0,42,7,ec8e4933-2118-4366-a61a-090748e49be7,0,5,9,7,2,1
3,ALLIANCE > GENOMICS ENGLAND,10,0,9,GENOMICS ENGLAND 100K QUICK VIEW,6,0,42,7,ecbe7275-82b5-43cd-9401-fd7ef4b55341,0,5,6,7,0,0
3,HUBS > BREATHE,10,0,9,"Introducing pulse oximetry in IMNCI, primary health facilities in Pune India",7,2,42,7,ecc4daf2-e58a-4ebc-9608-4bc741231fb9,3,5,15,7,2,2
3,ALLIANCE > DUNDEE,10,0,9,Fife Microbiology: Isolations,7,5,42,7,edaf29f4-9857-4bb0-97b9-ae88b70a2a3c,9,5,33,7,10,3
3,HUBS > BREATHE,10,0,9,Its Not JUST Idiopathic pulmonary fibrosis Study (INJUSTIS),7,0,42,7,edc8f0c6-64f8-4f6d-a1dd-41e05033d54e,0,5,7,7,1,0
3,ALLIANCE > TISSUE DIRECTORY,10,0,9,QTL Programme at MRC HGU,7,2,42,7,ee5f4405-6930-4a7b-ba00-85a8e8c8a8b9,0,5,10,7,2,0
3,ALLIANCE > SAIL,10,0,9,National Survey for Wales,6,0,42,7,ee78ce42-7f1f-4c97-80cc-ea6ad628e5da,0,5,6,7,0,0
3,ALLIANCE > TISSUE DIRECTORY,10,0,9,Manchester Cancer Research Centre (MCRC) Biobank,7,2,42,7,eea147a4-4576-4f86-8ad1-c762137335fd,0,5,10,7,2,0
3,ALLIANCE > SAIL,10,0,9,Emergency Department Dataset Daily,6,0,42,7,eebb647a-63eb-4e62-b052-26cb2eb4799d,0,5,6,7,0,0
3,ALLIANCE > CPRD,10,0,9,CPRD Aurum,6,1,42,7,ef42201e-deb1-4675-896a-8a0162fe52a8,1,5,11,7,2,1
3,ALLIANCE > HQIP,10,0,9,National Cardiac Audit Programme - National Heart Failure Audit,7,4,42,7,efbb3bf4-834b-417e-b002-03fc41715e58,8,5,29,7,8,3
3,HUBS > BREATHE,10,0,9,The Malaysian Asthma Hajj Study,7,1,42,7,eff41dbc-0ce4-4bfe-b51f-7b2753750332,5,5,16,7,2,2
3,HUBS > PIONEER,10,0,9,Society for Acute Medicine Benchmarking Audit,7,4,42,7,f075ceb7-5bed-4e6b-8e83-211aee945356,8,5,29,7,8,3
3,ALLIANCE > NIHR BIORESOURCE,10,0,9,SNP imputation data,7,5,42,7,f1a85970-bddc-499b-92e9-783706c60995,8,5,30,7,8,3
3,ALLIANCE > TISSUE DIRECTORY,10,0,9,Manchester Eye Tissue Repository,7,2,42,7,f1a93b8f-6332-43a2-b2da-c86f68f7d24a,1,5,11,7,2,0
3,ALLIANCE > NIHR BIORESOURCE,10,0,9,Case report form,6,0,42,7,f1d3b068-7dd0-4a28-bd64-3519dd104eb6,1,5,9,7,2,0
3,HUBS > PIONEER,10,0,9,PIONEER - Genomics Patients and related data,7,4,42,7,f202a9da-f036-4e8c-a069-a20ff6c8a9e1,0,5,14,7,4,0
3,ALLIANCE > CPRD,10,0,9,Practice postcode linked deprivation measures for CPRD Aurum,6,5,42,7,f3a53f7a-ea93-4b9e-bccd-afe762259044,3,5,25,7,8,3
3,ALLIANCE > LEICESTER,10,0,9,The Leicester City and County Chronic Kidney Disease Cohort,7,4,42,7,f3ade619-292e-4631-916a-9cd9d7938e48,8,5,29,7,8,3
3,ALLIANCE > NHS DIGITAL,10,1,9,Pillar 2 - Covid-19 UK Non-hospital Antigen Testing Results,6,1,42,7,f3b4817a-7924-460c-a1c5-0b24acd81a7d,4,5,17,7,3,2
3,ALLIANCE > TISSUE DIRECTORY,10,0,9,Bristol Biobank,7,2,42,7,f42b9fa6-adad-4637-943e-6fa7508559a3,1,5,11,7,2,0
3,ALLIANCE > HQIP,10,0,9,National Joint Registry - Primary Knee Replacement dataset,7,0,42,7,f4915e4b-639c-45ae-9b0f-afab547e1104,1,5,10,7,2,1
3,ALLIANCE > TISSUE DIRECTORY,10,0,9,Leeds NIHR Biomarker Research Tissue Bank,7,2,42,7,f5b57b56-a4ed-46d4-825f-d181e8db809d,1,5,11,7,2,0
3,ALLIANCE > TISSUE DIRECTORY,10,0,9,Oxford Musculoskeletal Biobank,7,2,42,7,f5ed34fa-154a-4613-a253-277547cfd8ca,1,5,11,7,2,0
3,ALLIANCE > TISSUE DIRECTORY,10,0,9,NIHR Exeter Clinical Research Facility,7,2,42,7,f621fcc9-e9ab-4da4-bd34-e4530d11b59d,1,5,11,7,2,0
3,ALLIANCE > HQIP,10,0,9,National Diabetes Inpatient Audit - Harms clinical dataset,7,4,42,7,f69d1b15-a0b4-461a-8aff-dba56da0791f,8,5,29,7,8,3
3,HUB > BREATHE,10,0,9,Developing and evaluating interventions to improve asthma care: HEAL ASTHMA,7,1,42,7,f73627e3-bd7c-4be2-81b4-3baf846ab787,2,5,12,7,1,2
3,ALLIANCE > NIHR BIORESOURCE,10,0,9,SNP chip data,6,2,42,7,f7c563c0-9625-47be-a070-c121fe734f3c,1,5,11,7,2,0
3,ALLIANCE > HQIP,10,0,9,National Maternity and Perinatal Audit clinical audit,7,4,42,7,f806fe65-79aa-4843-bc56-a08bf14ffcec,8,5,29,7,8,3
3,ALLIANCE > HQIP,10,0,9,"Maternal, Newborn and Infant Clinical Outcome Review Programme - perinatal surveillance dataset",7,4,42,7,f82b8ca5-5a52-4502-bf78-cfbb718cbe2f,8,5,29,7,8,3
3,ALLIANCE > IMPERIAL COLLEGE LONDON,10,0,9,National Neonatal Research Database,6,1,42,7,f89af2f4-e3cd-4eaa-835d-94aa347d8a92,0,5,8,7,1,0
3,ALLIANCE > BARTS,10,0,9,Maternity Services Dataset,7,5,42,7,f8bab14a-bc9b-4dd1-a6c6-c57588605849,9,5,33,7,10,3
3,ALLIANCE > TISSUE DIRECTORY,10,0,9,Multiple Sclerosis and Parkinson's Tissue Bank,7,2,42,7,f8f6e9ea-65c0-48a6-9beb-6de80bbbefda,1,5,11,7,2,0
3,ALLIANCE > TISSUE DIRECTORY,10,0,9,UCL / UCLH Biobank for Studying Health and Disease,7,2,42,7,f9a712ae-9d41-41a6-b2ca-3127441b03ac,0,5,10,7,2,0
3,ALLIANCE > TISSUE DIRECTORY,10,0,9,"St Thomas' Hospitals Plasma, serum & DNA Bio bank from patients with antiphospholipid antibodies",7,2,42,7,f9f3af0d-ca1c-4e8f-b5e8-20962e1e7b4e,0,5,10,7,2,0
3,ALLIANCE > HBS,10,0,9,Admissions & Discharges,6,2,42,7,fac038e1-bd42-4df8-b68f-a827095b3784,2,5,15,7,3,2
3,ALLIANCE > HQIP,10,0,9,National Cardiac Audit Programme - National Adult Cardiac Surgery Audit (NACSA),7,4,42,7,faf7ec31-999a-4d87-9d6d-8837ff2fa486,8,5,29,7,8,3
3,ALLIANCE > SCOTLAND,10,0,9,Outpatient Appointments and Attendances - Scottish Morbidity Record (SMR00),6,1,42,7,fb0e3d82-dcdb-4854-bdf5-99f03514a083,1,5,11,7,1,2
3,Oxford University Hospitals NHS Foundation Trust,10,0,9,CellPath,7,5,42,7,fc7b44f0-eb69-4257-8c07-7516c1210c46,9,5,33,7,10,3
3,ALLIANCE > TISSUE DIRECTORY,10,0,9,eLIXIR - Early Life Data Cross-Linkage in Research,7,2,42,7,fcee6c99-a4bd-44b8-a28e-dc63337ce216,0,5,10,7,2,0
3,ALLIANCE > SAIL,10,0,9,National Exercise Referral Scheme,6,0,42,7,fe3c7527-e802-4a51-9aa2-19e7d4d22783,0,5,6,7,0,0
3,ALLIANCE > HQIP,10,0,9,National Joint Registry - Primary Shoulder Replacement dataset,7,4,42,7,fe4662ad-9080-4bd8-8de4-51195d275d5b,8,5,29,7,8,3
3,ALLIANCE > HQIP,10,0,9,National Paediatric Diabetes Audit - Parent and Patient Recorded Experience measures,7,4,42,7,fe872375-2401-4de1-9650-d4139cf5793a,8,5,29,7,8,3
3,ALLIANCE > SAIL,10,0,9,Welsh Dispensing Dataset,6,0,42,7,fea0b4be-4097-4c2e-86f2-03dc1ee2877b,0,5,7,7,1,0
3,NHS Digital,10,0,9,Mental Health Minimum Dataset v4 (Non-Sensitive) Records,6,5,42,7,ff2c6982-00f3-4483-9fc2-19b3a7211d8d,1,5,19,7,4,3
3,HUBS > BREATHE,10,0,9,Teleconsultation in remote rural India: management of COPD and Asthma,7,0,42,7,ffc34689-1a81-4f56-9c3f-e62b76d8445b,3,5,13,7,2,2
