id,publisher,title,completeness_percent,error_percent,quality_score,quality_rating,weighted_completeness_percent,weighted_error_percent,weighted_quality_score,weighted_quality_rating
004d1932-f06e-49d2-b87a-e5e4140ffbb3,ALLIANCE > NIHR BIORESOURCE,Metabolite data,26.19,28,49.09,Not Rated,22.22,28.57,46.83,Not Rated
007e20d2-f883-47c2-abdc-481b574382b2,ALLIANCE > SAIL,Careers Wales dataset,76.19,20,78.09,Silver,85.71,12.7,86.5,Gold
0092dc60-a0af-4d45-801c-b888210d6609,ALLIANCE > HQIP,National Joint Registry - Primary Elbow Replacement dataset,26.19,26,50.09,Not Rated,22.22,25.4,48.41,Not Rated
009417f0-232a-4ebc-b12c-59c5352a49d3,ALLIANCE > SAIL,Referral to Treatment Times,92.86,16,88.43,Gold,90.48,17.46,86.51,Gold
014bc853-1b27-4d97-9e5e-97fe28b84769,ALLIANCE > DUNDEE,Tayside Pathology,16.67,32,42.34,Not Rated,14.29,30.16,42.06,Not Rated
0150353c-d33d-4af0-b177-8ef0adf867f4,HUB > BREATHE,Estimating Chronic Respiratory Disease burden in adults in Asian LMICs,52.38,20,66.19,Bronze,39.68,22.22,58.73,Not Rated
0217114b-6847-4aae-9d76-4d52acea2bcc,ALLIANCE > HQIP,Paediatric Intensive Care Audit Network - core dataset (admission),26.19,28,49.09,Not Rated,22.22,28.57,46.83,Not Rated
0266f904-b168-488a-a9e7-d318443584ef,ALLIANCE > CPRD,HES Diagnostic Imaging Dataset for CPRD Aurum,69.05,28,70.53,Bronze,73.02,26.98,73.02,Bronze
02961e24-4cb3-4cd3-90bd-4248a00391ce,HUBS > NHS DIGITRIALS,Hospital Episode Statistics Admitted Patient Care,69.05,22,73.53,Bronze,76.19,19.05,78.57,Silver
0477b06f-cbed-4949-982e-ce248a47ed1a,Oxford University Hospitals NHS Foundation Trust,SOLUS,16.67,34,41.34,Not Rated,14.29,33.33,40.48,Not Rated
04b1648d-eeb7-4072-8dd2-806c3ae4e20d,ALLIANCE > HQIP,National Cardiac Audit Programme - Myocardial Ischaemia National Audit Project (MINAP),26.19,30,48.09,Not Rated,22.22,30.16,46.03,Not Rated
04f4604e-6d0b-4100-977b-59c3b69b0cfc,ALLIANCE > BARTS,Sectra PACS,16.67,34,41.34,Not Rated,14.29,33.33,40.48,Not Rated
0534b41b-9877-4e30-b3ce-e604b29d4990,ALLIANCE > TISSUE DIRECTORY,Infectious Diseases BioBank at King's College London,69.05,18,75.53,Bronze,53.97,19.05,67.46,Bronze
05ade19c-75f5-4623-ade6-99fb21c2d4e3,ALLIANCE > LEICESTER,The Primary-Secondary Care Partnership to Improve Outcomes in Chronic Kidney Disease,26.19,28,49.09,Not Rated,22.22,26.98,47.62,Not Rated
05fda11b-b66c-4cfa-a137-a6937401cdb5,ALLIANCE > SAIL,Maternity Indicators Dataset,95.24,14,90.62,Gold,92.06,12.7,89.68,Gold
0692d86c-1f24-43a4-9508-005d00bd7259,HUBS > BREATHE,CuT-AsthMa: Culturally tailored school-based intervention for asthma in Malaysia,54.76,18,68.38,Bronze,41.27,20.63,60.32,Not Rated
0711cc7e-80d5-4781-a1ab-2637ea176ceb,Oxford University Hospitals NHS Foundation Trust,Millennium Clinical Events,16.67,34,41.34,Not Rated,14.29,33.33,40.48,Not Rated
07188ee0-5d2d-492d-a1cc-32cbbbfbe63b,OTHER > Office of National Statistics,Labour Force Survey (Household),28.57,30,49.28,Not Rated,23.81,30.16,46.83,Not Rated
0756c167-e778-486f-9b96-94bd12af89cf,ALLIANCE > NHS DIGITAL,Pillar 1 - England (Second Generation Surveillance Systems),57.14,26,65.57,Not Rated,66.67,20.63,73.02,Bronze
07abf678-a2c0-4d8b-8d25-8b9f180f9ff2,ALLIANCE > NIHR BIORESOURCE,Returned datasets,16.67,34,41.34,Not Rated,14.29,33.33,40.48,Not Rated
09586db0-4da4-47f8-9434-13cbd2da2bb9,ALLIANCE > HQIP,Paediatric Intensive Care Audit Network - customised data collection,26.19,28,49.09,Not Rated,22.22,28.57,46.83,Not Rated
0985f58b-87e0-42d2-9ee7-efd618abcd51,HUBS > BREATHE,Development of spirometry predictive values for Indian population,66.67,16,75.34,Bronze,50.79,19.05,65.87,Not Rated
09e8e407-82b4-4ed4-b296-53810472cbe9,HUBS > BREATHE,Reasons for delay in seeking care for pneumonia in children under five,69.05,14,77.53,Silver,52.38,17.46,67.46,Bronze
0a418d30-c13c-404a-9f4c-39334d889b9c,ALLIANCE > HQIP,Paediatric Intensive Care Audit Network - core dataset (transport),26.19,28,49.09,Not Rated,22.22,28.57,46.83,Not Rated
0a4f19cc-8565-410b-ac02-2751f5284a9b,ALLIANCE > TISSUE DIRECTORY,Tayside Biorepository,69.05,18,75.53,Bronze,53.97,19.05,67.46,Bronze
0a524760-0efc-477e-8a3b-805e1a0f67ec,HUBS > DISCOVER NOW,North West London Accident and Emergency Data (NWL A&E),92.86,16,88.43,Gold,88.89,17.46,85.72,Silver
0b794715-53f3-422f-817a-92be3392c735,ALLIANCE > SCOTLAND,Prescribing Information System (PIS),85.71,20,82.85,Silver,85.71,19.05,83.33,Silver
0bb202c7-80e8-4532-8042-1351576e6c94,ALLIANCE > HQIP,National Asthma and COPD Audit Programme (NACAP): Pulmonary rehabilitation - clinical audit,26.19,30,48.09,Not Rated,22.22,30.16,46.03,Not Rated
0c98200b-48b5-418a-b8d0-a7708abc1f39,NHS Digital,Mental Health Services Data Set - Community,47.62,34,56.81,Not Rated,41.27,34.92,53.17,Not Rated
0cfe60cd-038d-4c03-9a95-894c52135922,ALLIANCE > BARTS,ARIA Dataset,16.67,34,41.34,Not Rated,14.29,33.33,40.48,Not Rated
0d0ce21e-afc1-4d9f-bf54-e0545363a0cc,HUBS > BREATHE,Research on use of an online learning platform on under-five pneumonia,66.67,16,75.34,Bronze,50.79,19.05,65.87,Not Rated
0d89c503-1c79-4e2a-baf6-02f12e68805b,ALLIANCE > HQIP,National Neonatal Audit Programme - clinical audit,26.19,26,50.09,Not Rated,22.22,25.4,48.41,Not Rated
0df3a0a9-d261-47ff-99e5-9c7e67410712,ALLIANCE > TISSUE DIRECTORY,IMPORT HIGH trial blood samples,71.43,18,76.72,Silver,57.14,19.05,69.05,Bronze
0e59698c-1532-4155-ab0e-af11b3d9e7b1,ALLIANCE > CPRD,HES Accident and Emergency data for CPRD Aurum,71.43,30,70.72,Bronze,74.6,28.57,73.02,Bronze
0e6e6ed5-ab81-4d7f-b06a-768bf33357ca,NHS Digital,Mental Health Minimum Dataset v4 (Sensitive) Episodes,64.29,40,62.15,Not Rated,73.02,44.44,64.29,Not Rated
0e8546e9-c841-4a99-a3f8-bb9020c6782c,HUBS > BREATHE,Developing and Evaluating Interventions to Improve Asthma Care,54.76,18,68.38,Bronze,41.27,20.63,60.32,Not Rated
0e88bc9d-bdfb-417c-8926-fdc513f5e8da,ALLIANCE > SAIL,National Community Child Health Database (NCCHD),95.24,14,90.62,Gold,92.06,12.7,89.68,Gold
0ecd2b01-88bd-41a2-82fd-8bb7544caecd,ALLIANCE > SAIL,COVID-19 Shielded People list,95.24,14,90.62,Gold,92.06,15.87,88.09,Gold
0fbd11c2-c44b-430f-b527-63cb82fcee63,ALLIANCE > CPRD,National Radiotherapy Dataset (RTDS) for CPRD Aurum,47.62,36,55.81,Not Rated,57.14,30.16,63.49,Not Rated
0fc61ace-397d-4489-9e62-77f88082e775,NHS Digital,Mental Health & Learning Disabilities Dataset v 1 (Non-Sensitive) Events,64.29,40,62.15,Not Rated,73.02,44.44,64.29,Not Rated
0ff88499-931b-4614-9f81-facf21f28174,ALLIANCE > DUNDEE,Tayside & Fife Diabetes – Summary and a range of diabetes related datasets.,16.67,32,42.34,Not Rated,14.29,30.16,42.06,Not Rated
1048c3d9-42f6-4950-89be-c51fe7421753,ALLIANCE > CYSTIC FIBROSIS,Cystic Fibrosis Patient Liver Enzyme,95.24,20,87.62,Gold,92.06,26.98,82.54,Silver
110008b0-4c70-4e84-bce0-189d3601e305,ALLIANCE > SCOTLAND,General Acute Inpatient and Day Case - Scottish Morbidity Record (SMR01),78.57,16,81.28,Silver,77.78,12.7,82.54,Silver
113b54b0-fee5-427a-b569-04e150c1f06d,ALLIANCE > SAIL,Cervical Screening Wales,95.24,10,92.62,Gold,92.06,9.52,91.27,Gold
11571357-b9fc-45ed-ab40-3bb3d7443245,ALLIANCE > HQIP,National Audit of Dementia Round 4 - carer experience survey,26.19,26,50.09,Not Rated,22.22,25.4,48.41,Not Rated
117aa9f5-db76-48f9-9dd2-19e2d00a1b45,ALLIANCE > SCOTLAND,Unscheduled Care Datamart,78.57,18,80.28,Silver,79.37,15.87,81.75,Silver
12690263-f5d3-435b-9582-de1a88064e1e,ALLIANCE > HQIP,National Vascular Registry Audit Carotid Lower Limb Amputation clinical dataset,26.19,26,50.09,Not Rated,22.22,25.4,48.41,Not Rated
12c5b83c-6e4a-442e-b6c2-2f6b7165fe6b,ALLIANCE > HQIP,National Joint Registry - Revision Hip Replacement dataset,26.19,26,50.09,Not Rated,22.22,25.4,48.41,Not Rated
12d23c2c-5f35-4f59-80e3-584636c7cacb,ALLIANCE > SCOTLAND,Child Health Systems Programme - First Visit,80.95,16,82.47,Silver,80.95,14.29,83.33,Silver
13a931c1-18cf-4d60-be79-a527acb0a36d,ALLIANCE > TISSUE DIRECTORY,Obesity Research Biobank Syndicate (ORBiS),69.05,18,75.53,Bronze,53.97,19.05,67.46,Bronze
13f9e94f-2190-44a6-9e6d-b08e95787b37,ALLIANCE > SAIL,COVID-19 Test results,95.24,14,90.62,Gold,92.06,12.7,89.68,Gold
14190e64-8e48-41e7-94b1-fc7b2e42c599,ALLIANCE > NHS DIGITAL,Secondary Uses Services,66.67,20,73.34,Bronze,74.6,12.7,80.95,Silver
14855eb1-6563-4e56-89e5-aecd51f100ad,ALLIANCE > TISSUE DIRECTORY,Watch and Wait Trial,69.05,18,75.53,Bronze,53.97,19.05,67.46,Bronze
148a3896-e4ed-48ef-8643-48df726041e1,ALLIANCE > HQIP,Paediatric Intensive Care Audit Network - core dataset (referral),26.19,28,49.09,Not Rated,22.22,28.57,46.83,Not Rated
15a7c12f-145c-46fc-acc9-c27e83ed2c4d,ALLIANCE > GENOMICS ENGLAND,GENOMICS ENGLAND 100K NHSD LINKED DATA,95.24,22,86.62,Gold,92.06,22.22,84.92,Silver
16341d43-0e79-4afa-a84f-67db018e449f,ALLIANCE > TISSUE DIRECTORY,INCA Trial,69.05,18,75.53,Bronze,53.97,19.05,67.46,Bronze
166c6c04-c4dd-4df7-977a-b375fda23134,HUBS > PIONEER,PIONEER - COVID,76.19,22,77.09,Silver,60.32,25.4,67.46,Bronze
1700f545-5f8b-48d5-bb07-da91da75dc88,ALLIANCE > SAIL,Cafcass Wales,92.86,8,92.43,Gold,90.48,6.35,92.06,Gold
172242ce-a1c5-4915-9c71-686f6e7d5789,Oxford University Hospitals NHS Foundation Trust,ARIA Medonc,16.67,34,41.34,Not Rated,14.29,33.33,40.48,Not Rated
179c21cd-41e0-489b-82c4-1bec011c562f,ALLIANCE > TISSUE DIRECTORY,IDRIS Trial,71.43,18,76.72,Silver,57.14,19.05,69.05,Bronze
1841e7c9-39e1-4eff-9d2f-da3dede71f86,ALLIANCE > CPRD,Rural-Urban classification for CPRD GOLD,50,36,57,Not Rated,60.32,30.16,65.08,Not Rated
184b973d-ac38-4fc5-8203-f2a244574b4f,HUBS > BREATHE,Asthma and COPD: practices and perceptions of GPs in rural India,66.67,14,76.34,Silver,49.21,19.05,65.08,Not Rated
18603ae7-a056-4fd6-a3e5-d32a2440dd26,ALLIANCE > HQIP,National Audit of Psychosis - Audit on Early Intervention in Psychosis services - case note audit,26.19,28,49.09,Not Rated,22.22,26.98,47.62,Not Rated
191c1e3f-4eff-41b9-bff1-c6510f7c6c3d,HUBS > BREATHE,Early Pandemic Evaluation and Enhanced Surveillance of COVID-19 (EAVE II),71.43,16,77.72,Silver,50.79,20.63,65.08,Not Rated
19f21b8f-6ae0-4cbd-a175-596b8476f69a,HUBS > NHS DIGITRIALS,National Diabetes Audit,78.57,22,78.28,Silver,80.95,20.63,80.16,Silver
1a0af437-ec80-4db7-9c76-a2418cc8c5c8,ALLIANCE > HQIP,National Asthma and COPD Audit Programme (NACAP): COPD secondary care clinical dataset,26.19,30,48.09,Not Rated,22.22,30.16,46.03,Not Rated
1aa60c9f-a458-454d-802a-e4c4628f3870,ALLIANCE > DUNDEE,NHS Tayside and Fife Accident & Emergency Dataset (ISD/National),16.67,32,42.34,Not Rated,14.29,30.16,42.06,Not Rated
1b80d25c-4f0f-497b-8614-4d1a8c4d1cd3,HUBS > BREATHE,Air Quality Study: An ecological analysis of asthma health outcomes in Malaysia,52.38,18,67.19,Bronze,39.68,20.63,59.53,Not Rated
1bb2c353-8d91-4989-a21b-26182262b807,ALLIANCE > TISSUE DIRECTORY,DARWIN1 Trial,71.43,22,74.72,Bronze,57.14,23.81,66.66,Bronze
1c17f45b-ba0f-4e97-a0f0-34a600844d4f,ALLIANCE > TISSUE DIRECTORY,NICAM: Nilotinib treatment for c-KIT mutated advanced AMM,69.05,20,74.53,Bronze,53.97,20.63,66.67,Bronze
1cb31e11-505b-4ff6-ae20-5c468c9ad296,ALLIANCE > TISSUE DIRECTORY,HPB Biobank,69.05,18,75.53,Bronze,53.97,20.63,66.67,Bronze
1d1244b6-aeeb-4655-b5a2-2357ed28227a,HUBS > PIONEER,University Hospitals Birmingham PICS data,26.19,28,49.09,Not Rated,22.22,28.57,46.83,Not Rated
1d2a94c4-b18d-47c4-9b48-cfab8e67f126,ALLIANCE > TISSUE DIRECTORY,National Diet and Nutrition Survey (NDNS),69.05,18,75.53,Bronze,53.97,19.05,67.46,Bronze
1d2e3cc0-4f55-47de-9e19-98a1667cf6af,ALLIANCE > SAIL,Care Home Dataset,92.86,14,89.43,Gold,90.48,12.7,88.89,Gold
1d5e3b05-8ce3-4f80-ae3a-f6031ad8cf69,NHS Digital,Mental Health Services Data Set - Service Users,47.62,34,56.81,Not Rated,41.27,34.92,53.17,Not Rated
1d789e6f-a32e-44c9-9f18-15517b021015,ALLIANCE > SAIL,UK Cystic Fibrosis Registry (CYFI),69.05,24,72.53,Bronze,79.37,23.81,77.78,Silver
1da704e3-f5ee-4614-8880-10541637a0b7,ALLIANCE > HQIP,National Cardiac Audit Programme - National Audit of Percutaneous Coronary Interventions (PCI),26.19,30,48.09,Not Rated,22.22,30.16,46.03,Not Rated
1e8d84b7-e9e2-4e03-8c53-025719f53746,OTHER > Office of National Statistics,Census 2011 E&W - Household structure for COVID-19 models,76.19,24,76.09,Silver,84.13,17.46,83.33,Silver
1f55cfcc-1c5d-44e3-9d60-3bedeb033f0a,ALLIANCE > CYSTIC FIBROSIS,Cystic Fibrosis Patient Demographics,95.24,22,86.62,Gold,92.06,25.4,83.33,Silver
201602df-7432-4710-98a7-18f59e4f211e,ALLIANCE > TISSUE DIRECTORY,University of Southampton Faculty of Medicine Tissue Bank,69.05,18,75.53,Bronze,53.97,19.05,67.46,Bronze
209f42a8-4581-49e1-a0c2-25069a37f230,ALLIANCE > TISSUE DIRECTORY,RIO,73.81,22,75.91,Bronze,57.14,22.22,67.46,Bronze
20c2a274-843c-43fa-9b76-38ef2f8a3d64,ALLIANCE > TISSUE DIRECTORY,TNT: Triple Negative breast cancer Trial,69.05,20,74.53,Bronze,53.97,20.63,66.67,Bronze
212d5331-3681-4477-97f6-0e1cee562cd6,OTHER > Office of National Statistics,Labour Force Survey (Longitudinal),30.95,28,51.48,Not Rated,25.4,28.57,48.42,Not Rated
21cd4b8e-f4f5-44a6-83eb-b7799e98ba55,SLaM,South London and Maudsley NHS Foundation Trust (SLaM) Clinical Record Interactive Search (CRIS) platform,80.95,36,72.47,Bronze,63.49,41.27,61.11,Not Rated
21d58202-15a2-4ec8-9f36-3080de3905a5,HUBS > DISCOVER NOW,North West London Mental Health Data (NWL MH),92.86,18,87.43,Gold,88.89,20.63,84.13,Silver
226fb3f1-4471-400a-8c39-2b66d46a39b6,Barts Health NHS Trust,Emergency Care Dataset (ECDS),16.67,34,41.34,Not Rated,14.29,33.33,40.48,Not Rated
22a99111-46ad-4d3f-a2d5-09351e851350,HUBS > DISCOVER NOW,North West London Pathology (NWL PATH),92.86,16,88.43,Gold,88.89,17.46,85.72,Silver
22fe7168-89af-4d93-89c8-afa03cf2031a,ALLIANCE > CYSTIC FIBROSIS,Cystic Fibrosis Patient Chronic Medication,95.24,20,87.62,Gold,92.06,26.98,82.54,Silver
23306c88-ecb0-4955-99d4-c5d20e84cebf,ALLIANCE > SAIL,Cafcass England,92.86,8,92.43,Gold,90.48,6.35,92.06,Gold
23330792-fe18-4331-a101-b246657a03ae,ALLIANCE > HQIP,National Joint Registry - Revision Knee Replacement dataset,26.19,26,50.09,Not Rated,22.22,25.4,48.41,Not Rated
236108a2-5e2c-4acb-86e7-6ec793aef8ab,ALLIANCE > TISSUE DIRECTORY,Human Biomaterials Resource Centre,69.05,18,75.53,Bronze,53.97,19.05,67.46,Bronze
237e724d-03b2-478c-a92d-85a1baa6ae53,ALLIANCE > HQIP,Falls and Fragility Fracture Audit Programme Fracture Liaison Service Database clinical dataset,26.19,30,48.09,Not Rated,22.22,30.16,46.03,Not Rated
24b82645-1854-438a-97b2-911bba469d3d,HUBS > BREATHE,Idiopathic Pulmonary Fibrosis (IPF) Genome-wide Association Study,80.95,10,85.47,Silver,63.49,12.7,75.39,Bronze
2542abf8-e50b-4962-9fa1-6dba1b7e8439,HUBS > BREATHE,mHealth for pneumonia prevention,66.67,14,76.34,Silver,50.79,17.46,66.66,Bronze
263ad0a8-ae90-4c1d-85d6-c3d2470eb2b7,NHS Digital,Mental Health Minimum Dataset v4 (Non-Sensitive) Episodes,64.29,40,62.15,Not Rated,73.02,44.44,64.29,Not Rated
263f28a4-9835-4856-b1c3-0a0d4085f207,NHS Digital,Mental Health Minimum Dataset v2.6 (Sensitive),64.29,40,62.15,Not Rated,73.02,44.44,64.29,Not Rated
2684706f-1d43-4263-99b7-b54279614c76,ALLIANCE > BARTS,CDE Patient Demographics,19.05,32,43.52,Not Rated,15.87,31.75,42.06,Not Rated
278c3fb2-6b1e-46db-a529-9fc7ddaf4461,ALLIANCE > HQIP,National Asthma and COPD Audit Programme (NACAP): secondary care workstream – children and young people asthma (clinical),26.19,30,48.09,Not Rated,22.22,30.16,46.03,Not Rated
27910ce4-f74f-4fab-8649-19d5ec292ad8,ALLIANCE > CYSTIC FIBROSIS,Cystic Fibrosis Patient Annual Review Encounters,95.24,16,89.62,Gold,92.06,19.05,86.5,Gold
28393252-4287-4be6-8b2a-591622ad6c29,OTHER > Office of National Statistics,Linked Census and death occurrences,76.19,26,75.09,Bronze,84.13,22.22,80.95,Silver
2a5d2a42-803c-4c96-bcd6-a4289d2b664a,ALLIANCE > TISSUE DIRECTORY,IoN Trial,69.05,20,74.53,Bronze,53.97,20.63,66.67,Bronze
2a725f9d-c4a9-4c89-aa37-b3c25cc83389,NHS Digital,Mental Health & Learning Disabilities Dataset v 1 (Sensitive) Records,64.29,40,62.15,Not Rated,73.02,44.44,64.29,Not Rated
2aa58bb8-83d8-455a-87e6-d567ae4a379c,ALLIANCE > TISSUE DIRECTORY,ESPAC-TPlus,69.05,20,74.53,Bronze,53.97,20.63,66.67,Bronze
2b06afa3-dfc7-424b-8b9a-9325df6cfc19,ALLIANCE > SCOTLAND,Scottish Stillbirth and Infant Death Survey,64.29,16,74.15,Bronze,50.79,19.05,65.87,Not Rated
2b09ea87-5b22-4049-b7dd-de0889699115,ALLIANCE > SAIL,Millennium Cohort Study,92.86,16,88.43,Gold,90.48,17.46,86.51,Gold
2b198886-ccab-4276-b6b9-22c344df8304,ALLIANCE > TISSUE DIRECTORY,NIHR Nottingham Digestive Diseases Collection,69.05,20,74.53,Bronze,53.97,22.22,65.88,Not Rated
2bf53952-e77c-4746-b36f-5ccb1574f6a7,ALLIANCE > TISSUE DIRECTORY,BRAIN UK,71.43,18,76.72,Silver,57.14,19.05,69.05,Bronze
2c0e04bc-2f16-4903-90dc-c9d57ab40efb,ALLIANCE > HQIP,National Joint Registry - Revision Ankle Replacement dataset,26.19,26,50.09,Not Rated,22.22,25.4,48.41,Not Rated
2c53d1f7-4540-4c57-8e93-8115b8abc6a9,ALLIANCE > HQIP,National Diabetes Inpatient Audit Hospital Characteristics Survey dataset,26.19,26,50.09,Not Rated,22.22,25.4,48.41,Not Rated
2c764139-22a3-4db9-89ee-583fdb9d9396,ALLIANCE > SAIL,Bowel Screening Wales,95.24,10,92.62,Gold,92.06,9.52,91.27,Gold
2d23ad3c-0541-453c-8bf7-9dc42e1aba65,ALLIANCE > CPRD,Rural-Urban classification for CPRD Aurum,50,36,57,Not Rated,60.32,30.16,65.08,Not Rated
2d3302d1-b6fc-4883-8168-010da0d48638,ALLIANCE > CPRD,Quality of Life of Cancer Survivors in England: Pilot Patient Reported Outcomes Measures Survey (2011) for CPRD Aurum,50,40,55,Not Rated,60.32,36.51,61.91,Not Rated
2dbd2e38-a4bb-4f8c-b401-ebec10f0d89e,ALLIANCE > HQIP,Falls and Fragility Fracture Audit Programme National Hip Database Facilities Survey 2019,26.19,30,48.09,Not Rated,22.22,30.16,46.03,Not Rated
2dc79612-0e0d-4336-aaa1-6abd90d28589,HUBS > BREATHE,"4 Country ChrOnic: estimating respiratory disease burden in adults, South India",59.52,18,70.76,Bronze,47.62,20.63,63.5,Not Rated
2e20b776-a0bc-44ed-9882-ad63855a0ec4,ALLIANCE > TISSUE DIRECTORY,NHS Greater Glasgow & Clyde Bio-Repository,71.43,18,76.72,Silver,57.14,19.05,69.05,Bronze
2e7fe631-6d25-44b5-bfd4-92d34bfb8145,Office of National Statistics > Office of National Statistics,Coronavirus and the social impacts on Great Britain,61.9,22,69.95,Bronze,52.38,19.05,66.67,Bronze
2e8cc70b-bd57-4b64-bd12-fbc07e0f240f,ALLIANCE > CPRD,Mental Health Dataset (MHDS) for CPRD Aurum,50,40,55,Not Rated,60.32,39.68,60.32,Not Rated
2f57c592-c65c-4d1c-b92d-d19d2a11c02e,ALLIANCE > TISSUE DIRECTORY,BioDock,69.05,18,75.53,Bronze,53.97,19.05,67.46,Bronze
301233da-53f8-4cea-8f74-4d4aa8d8c42c,ALLIANCE > GENERATION SCOTLAND,Generation Scotland: Scottish Family Health Study,50,20,65,Not Rated,41.27,19.05,61.11,Not Rated
304430ff-0aff-4d36-91e5-94be251a409a,ALLIANCE > HQIP,National Audit of Dementia Round 4 - casenote audit,26.19,26,50.09,Not Rated,22.22,25.4,48.41,Not Rated
319a2a77-3f4d-497e-bc3e-33002f316cae,ALLIANCE > TISSUE DIRECTORY,PHOTO Translational bladder cancer biorepository,71.43,18,76.72,Silver,57.14,19.05,69.05,Bronze
31e377bf-7c6c-4bc0-95f4-a4626cfa5807,ALLIANCE > NHS Scotland,RAPID (Hospital Stay Level Data),50,36,57,Not Rated,58.73,38.1,60.31,Not Rated
32b5d90f-6bad-40f8-96d7-69b11df6d5ff,ALLIANCE > TISSUE DIRECTORY,LBIH Biobank,69.05,18,75.53,Bronze,53.97,19.05,67.46,Bronze
32f616fb-af37-46b5-9473-7a3460656bdf,ALLIANCE > SAIL,Education - Wales,95.24,14,90.62,Gold,92.06,17.46,87.3,Gold
33f2e9dd-9019-4e8b-9c0e-bbc6a8dc9d81,ALLIANCE > NHS DIGITAL,Medicines dispensed in Primary Care (NHSBSA data),71.43,20,75.72,Bronze,77.78,11.11,83.34,Silver
342bef6e-8fa2-49f0-bdbb-c95d866aa145,ALLIANCE > TISSUE DIRECTORY,Scottish Human Papillomavirus Archive,76.19,20,78.09,Silver,60.32,20.63,69.84,Bronze
355de4ca-1ce9-4ba4-8e07-2d51bb82bfbf,ALLIANCE > TISSUE DIRECTORY,Human Developmental Biology Resource (HDBR),69.05,18,75.53,Bronze,53.97,19.05,67.46,Bronze
36047c5f-7d57-4d25-a114-2bcc6c11708f,NHS Digital,Mental Health Minimum Dataset v3_3.5 (Sensitive),64.29,40,62.15,Not Rated,73.02,44.44,64.29,Not Rated
3784d68e-d213-43a7-bf30-8f4d34de022c,ALLIANCE > TISSUE DIRECTORY,NIMRAD-TRANS,69.05,18,75.53,Bronze,53.97,19.05,67.46,Bronze
37eb2884-d7df-489f-a3ad-f02f1e510475,HUBS > BREATHE,Exploring psychological issues of primary care teams in Malaysia amidst COVID-19,52.38,16,68.19,Bronze,41.27,19.05,61.11,Not Rated
37fe2488-f4c3-4471-a1e0-7d4a4204f063,ALLIANCE > TISSUE DIRECTORY,"Leeds Dental Institute/School of Dentistry Leeds, Skeletal Tissues Bank",69.05,18,75.53,Bronze,53.97,19.05,67.46,Bronze
3932ee85-69cb-414a-b4a0-b763010d90a5,HUBS > DISCOVER NOW,North West London High Cost Drugs Data (NWL HCD),92.86,18,87.43,Gold,88.89,20.63,84.13,Silver
3935e2fd-0c30-4f56-8388-45a02e0499b4,NHS Digital,Bridge file: Hospital Episode Statistics to Diagnostic Imaging Dataset,64.29,36,64.15,Not Rated,73.02,38.1,67.46,Bronze
393b666c-157b-4fee-afde-61ff93948f27,ALLIANCE > SAIL,Diagnostic and Therapy Services Waiting Times,90.48,18,86.24,Gold,88.89,19.05,84.92,Silver
3943e6de-6c32-43dd-8090-16ec9ca0902f,ALLIANCE > CPRD,National Radiotherapy Dataset (RTDS) for CPRD GOLD,47.62,36,55.81,Not Rated,57.14,30.16,63.49,Not Rated
395262e7-9846-4d9d-a288-8b0ebea782b9,ALLIANCE > HQIP,National Cardiac Audit Programme - Cardiac Rhythm Management (CRM),26.19,28,49.09,Not Rated,22.22,28.57,46.83,Not Rated
395d4311-da00-49a4-b78e-5387c961d803,HUBS > DATA-CAN,Children’s Kidney Cancers - Great Ormond Street Hospital,92.86,24,84.43,Silver,88.89,25.4,81.75,Silver
3983f3ec-ce63-4142-b73e-93130654710b,ALLIANCE > TISSUE DIRECTORY,The Cleft Collective,71.43,20,75.72,Bronze,57.14,20.63,68.25,Bronze
3a0599ed-5452-4299-956c-af5a30bbef23,ALLIANCE > TISSUE DIRECTORY,PHOENIX DDR-Anti-PD-L1 Trial,71.43,20,75.72,Bronze,57.14,20.63,68.25,Bronze
3a23e7dc-d814-4772-a6f8-a814c8e0128b,ALLIANCE > TISSUE DIRECTORY,SWIFT-RTB,69.05,20,74.53,Bronze,53.97,20.63,66.67,Bronze
3a51b861-026d-45ed-abe6-30d9cc07b516,ALLIANCE > HQIP,Epilepsy 12 - clinical audit,26.19,26,50.09,Not Rated,22.22,25.4,48.41,Not Rated
3a9ab245-5fcc-49a0-ae58-12ebab9b0053,ALLIANCE > HQIP,National Paediatric Diabetes Audit - Spotlight survey of workforce in Paediatric Diabetes Units,26.19,30,48.09,Not Rated,22.22,30.16,46.03,Not Rated
3aa01779-831e-478f-b4e3-7c111d642b18,HUBS > BREATHE,COVID-19 Detection from Chest X-Rays using Deep Learning,64.29,14,75.15,Bronze,50.79,17.46,66.66,Bronze
3b3d9ab1-e896-4ccc-a679-2414ced68590,ALLIANCE > SAIL,Welsh Ambulance Services NHS Trust,92.86,12,90.43,Gold,90.48,11.11,89.69,Gold
3bd6cd26-edc2-420a-86c5-f3e05606edfd,ALLIANCE > SAIL,GP dataset - Welsh Primary Care,95.24,14,90.62,Gold,92.06,12.7,89.68,Gold
3c430204-f632-4add-9fcb-f0ff88caea13,ALLIANCE > SAIL,Congenital Anomaly Register and Information Service,95.24,10,92.62,Gold,92.06,9.52,91.27,Gold
3cd53c68-7e56-4c3e-b7c2-bd7e18040ec5,ALLIANCE > BARTS,"Problems, Diagnosis and Procedures",16.67,34,41.34,Not Rated,14.29,33.33,40.48,Not Rated
3d42b7e1-89b0-4bef-9e42-18edc328f28f,ALLIANCE > DUNDEE,Renal Register – ISD National dataset,16.67,32,42.34,Not Rated,14.29,30.16,42.06,Not Rated
3e89692b-7aa2-49d6-b802-82921bd7e006,ALLIANCE > HQIP,National Clinical Audit of Anxiety and Depression - spotlight audit on psychological therapies (patient experience survey),26.19,28,49.09,Not Rated,22.22,26.98,47.62,Not Rated
3ee52adc-b97e-4f7b-a251-a1c9841a380c,HUBS > BREATHE,"Extended Cohort for E-health, Environment and DNA (EXCEED)",95.24,20,87.62,Gold,92.06,20.63,85.72,Silver
3f299029-3126-4ce0-893c-4a759cbe90b1,ALLIANCE > HQIP,National Emergency Laparotomy Audit - Patient Audit Dataset,26.19,28,49.09,Not Rated,22.22,28.57,46.83,Not Rated
3fd5f728-fdb4-4ce2-86ec-f626787d455c,ALLIANCE > DUNDEE,Walker Study Data,16.67,32,42.34,Not Rated,14.29,30.16,42.06,Not Rated
40573895-497b-4d47-90e1-6aafe70b93f6,Oxford University Hospitals NHS Foundation Trust,Endobase,16.67,34,41.34,Not Rated,14.29,33.33,40.48,Not Rated
406e7ae7-554b-4807-b3a5-a4d81316cf9c,ALLIANCE > TISSUE DIRECTORY,Bloodwise Childhood Leukaemia Cell Bank,71.43,18,76.72,Silver,57.14,19.05,69.05,Bronze
41a7adba-8771-46e2-8083-047d6a4cb877,HUBS > DISCOVER NOW,North West London Outpatient Care Data (NWL OP),92.86,16,88.43,Gold,88.89,14.29,87.3,Gold
4262e057-6978-4e4c-a05d-c4f328422090,NHS Digital,Mental Health and Learning Disabilities Data Set,61.9,36,62.95,Not Rated,69.84,34.92,67.46,Bronze
4271bc64-b139-40b0-98de-5f2e94e2d026,ALLIANCE > HQIP,National Neonatal Audit Programme - 2 year outcomes audit,26.19,26,50.09,Not Rated,22.22,25.4,48.41,Not Rated
42780b16-32e3-442e-92cd-1810bf30dab8,ALLIANCE > CPRD,HES Patient Reported Outcomes Measures (PROMs) data for CPRD Aurum,61.9,30,65.95,Not Rated,66.67,30.16,68.25,Bronze
430331ef-fa66-485b-b090-e4e83def9136,ALLIANCE > HQIP,Falls and Fragility Fracture Audit Programme National Audit of Inpatient Falls clinical dataset,26.19,30,48.09,Not Rated,22.22,30.16,46.03,Not Rated
436029e7-febe-44d6-9cea-1ab9ef9174a1,HUB > HUBS > PIONEER,PIONEER - COVID ACUITY,38.1,28,55.05,Not Rated,33.33,25.4,53.96,Not Rated
4481aab8-9b4f-43dd-9cd4-1e427561a2a5,ALLIANCE > SCOTLAND,Scottish Cancer Registry (SMR06),83.33,22,80.66,Silver,84.13,20.63,81.75,Silver
46493a09-b3bb-4c0e-b944-82665ee21508,NHS Digital,Mental Health Minimum Dataset v4 (Sensitive) Events,64.29,40,62.15,Not Rated,73.02,44.44,64.29,Not Rated
464b06d6-239a-4c6d-a626-242ba7e79e05,ALLIANCE > DUNDEE,Deaths General Registrar Office – National Records Scotland,16.67,32,42.34,Not Rated,14.29,30.16,42.06,Not Rated
46568011-ae01-4e3a-9ef7-187606316668,ALLIANCE > SAIL,Welsh Demographic Service (WDS),95.24,12,91.62,Gold,92.06,11.11,90.47,Gold
4660884b-e40a-4251-ad19-40872641fa8c,ALLIANCE > SCOTLAND,Child Health Systems Programme - School,64.29,18,73.15,Bronze,50.79,20.63,65.08,Not Rated
4678a81d-dfb6-478a-a373-d5510866b3d0,ALLIANCE > HQIP,National Vascular Registry - Organisational Audit dataset,26.19,26,50.09,Not Rated,22.22,25.4,48.41,Not Rated
46e4c3ba-dae2-453d-832a-88ea603110f1,ALLIANCE > HQIP,National Cardiac Audit Programme - National Congenital Heart Disease Audit (NCHDA),26.19,30,48.09,Not Rated,22.22,30.16,46.03,Not Rated
47108b03-ca80-4311-8090-f474bd880e87,ALLIANCE > SAIL,Healthcare Workers Risk Assessment,90.48,16,87.24,Gold,88.89,14.29,87.3,Gold
47bec08b-57b7-450e-9be7-af19bab99b58,ALLIANCE > HQIP,National Vascular Registry Audit - Lower Limb Bypass clinical dataset,26.19,26,50.09,Not Rated,22.22,25.4,48.41,Not Rated
47e9fa0a-d74f-43bc-ae63-0eb33f354f01,HUBS > BREATHE,Theory of Planned Behaviour Intervention: respiratory disease in South India,61.9,16,72.95,Bronze,47.62,20.63,63.5,Not Rated
49dc6bfb-37f7-4f18-92e7-1a06ab80633e,HUBS > DATA-CAN,Comprehensive Patient Records for Cancer Outcomes,95.24,22,86.62,Gold,92.06,25.4,83.33,Silver
4a295c54-ccbb-4aef-9ea9-8fc46749b123,ALLIANCE > DUNDEE,Tayside Microbiology: Isolations,16.67,32,42.34,Not Rated,14.29,30.16,42.06,Not Rated
4b71fca4-8b2c-4e37-8996-b64a9c1450f0,ALLIANCE > HQIP,National Paediatric Diabetes Audit - Spotlight survey of diabetes-related technologies,26.19,30,48.09,Not Rated,22.22,30.16,46.03,Not Rated
4bb4bf38-870b-47e5-b5d1-dc75b3d4ea6a,NHS Digital,Emergency Care Data Set (ECDS),61.9,38,61.95,Not Rated,69.84,38.1,65.87,Not Rated
4c1f6594-9ade-4e24-8e44-af9ecb73e231,ALLIANCE > SCOTLAND,Scottish Birth Record (SBR),64.29,18,73.15,Bronze,50.79,20.63,65.08,Not Rated
4cfabd2a-e590-4f63-82f5-6d543b0075cf,ALLIANCE > TISSUE DIRECTORY,VinCaP,69.05,16,76.53,Silver,53.97,17.46,68.25,Bronze
4d95d730-a53a-4856-a278-b2fba96657c4,ALLIANCE > TISSUE DIRECTORY,Myeloma XII clinical trial samples,69.05,18,75.53,Bronze,53.97,19.05,67.46,Bronze
4f210cfb-8d0a-4fc9-9ce0-91ba1ee0dc79,ALLIANCE > PUBLIC HEALTH ENGLAND,National Cancer Registration and Analysis Service,92.86,28,82.43,Silver,90.48,33.33,78.58,Silver
4f721a52-b3cd-4594-9099-5185f80832c7,ALLIANCE > SCOTLAND,Child Health Systems Programme - 27-30Months Review,76.19,18,79.09,Silver,76.19,15.87,80.16,Silver
505318b6-609c-4baf-9dea-2e3532f936f8,HUBS > BREATHE,COPDMAP Consortium,61.9,20,70.95,Bronze,46.03,20.63,62.7,Not Rated
50631db6-126e-4b3a-8035-444b66ba4afa,ALLIANCE > HQIP,National Audit of Psychosis - Audit on Early Intervention in Psychosis services -  patient experience survey,26.19,28,49.09,Not Rated,22.22,26.98,47.62,Not Rated
50d07fb3-4d8e-413d-9958-434838daea4d,ALLIANCE > SAIL,Emergency Department Data Set,95.24,16,89.62,Gold,92.06,17.46,87.3,Gold
50feb9f3-3be8-4690-913b-bd462d27d3db,HUBS > BREATHE,Prospective Observation of Fibrosis in the Lung Clinical Endpoints,80.95,20,80.47,Silver,63.49,22.22,70.64,Bronze
510e1782-1650-4342-9c20-185ca47f7b11,Oxford University Hospitals NHS Foundation Trust,Outpatient Appointment Dataset,16.67,34,41.34,Not Rated,14.29,33.33,40.48,Not Rated
5138fa73-6695-413d-9d03-a40ecad98fb5,HUBS > BREATHE,Leicester Respiratory Research Database,61.9,18,71.95,Bronze,50.79,17.46,66.66,Bronze
514018c0-86e8-4998-8460-bb99912281ae,ALLIANCE > DUNDEE,Demography,16.67,32,42.34,Not Rated,14.29,30.16,42.06,Not Rated
52a4c514-0414-43c7-a400-1498a70ed85a,HUBS > BREATHE,International Severe Asthma Registry,28.57,32,48.28,Not Rated,23.81,31.75,46.03,Not Rated
5343bac9-244f-4211-8c9a-d9c29c79b4f3,ALLIANCE > SAIL,Children Receiving Care and Support Census,95.24,14,90.62,Gold,92.06,14.29,88.89,Gold
535fbfd4-34f0-436d-8de2-e708fd0fa103,ALLIANCE > HQIP,National Audit of Care at the End of Life - organisational level audit,26.19,26,50.09,Not Rated,22.22,25.4,48.41,Not Rated
54102beb-f0f0-4352-9127-68091cb7f561,ALLIANCE > SAIL,School Workforce Annual Census (SWAC),80.95,20,80.47,Silver,88.89,15.87,86.51,Gold
5536b00a-fb31-4e91-9bd8-e7f774974846,ALLIANCE > HQIP,National Vascular Registry - Lower Limb Angioplasty clinical dataset,26.19,26,50.09,Not Rated,22.22,25.4,48.41,Not Rated
5546a711-109e-440c-815c-1d27a596a625,HUBS > DISCOVER NOW,North West London population data (NWL POP),92.86,18,87.43,Gold,88.89,20.63,84.13,Silver
5547f46f-75b7-4338-89bb-29c361187d28,ALLIANCE > SAIL,Breast Test Wales,95.24,10,92.62,Gold,92.06,9.52,91.27,Gold
561b49f3-0941-4839-838c-9359fa69d48e,HUB > PIONEER,Acute care patients within the 100K Genome project,78.57,30,74.28,Bronze,85.71,26.98,79.36,Silver
561b8a79-6bac-4ffc-91f4-0bbec4e90968,HUBS > BREATHE,Care-seeking practices for childhood pneumonia in non/tribal areas of Pune India,61.9,14,73.95,Bronze,47.62,19.05,64.28,Not Rated
5758964b-1161-48ee-97b5-1e414f406978,ALLIANCE > TISSUE DIRECTORY,Cardiff School of Dentistry Tooth Bank,69.05,16,76.53,Silver,53.97,17.46,68.25,Bronze
57f5eb44-bd9b-4ec5-b255-fe915ff74ab5,ALLIANCE > TISSUE DIRECTORY,Cardamon Clinical Trial Samples,69.05,18,75.53,Bronze,53.97,19.05,67.46,Bronze
593a5263-e2b5-4433-81c1-30b35a520488,ALLIANCE > TISSUE DIRECTORY,King's Health Partners Cancer Biobank,69.05,18,75.53,Bronze,53.97,19.05,67.46,Bronze
599b721f-054b-4b4d-b447-5dee7797ab58,ALLIANCE > SAIL,Looked After Children Wales,95.24,8,93.62,Gold,92.06,6.35,92.86,Gold
59ad4112-1405-4414-961f-27325ab4c8e8,ALLIANCE > HBS,Enhanced Prescribing Database,69.05,24,72.53,Bronze,77.78,15.87,80.95,Silver
59bc96f9-69b7-4763-81a8-ec4695b6b55e,ALLIANCE > HQIP,National Clinical Audit of Anxiety and Depression - spotlight audit on psychological therapies (therapist survey),26.19,28,49.09,Not Rated,22.22,26.98,47.62,Not Rated
5a2b59f8-e20d-4ff4-b209-4710f7aca970,OTHER > Office of National Statistics,Death registration data - Provisional Monthly Extracts,59.52,22,68.76,Bronze,52.38,17.46,67.46,Bronze
5ad32bfa-8d4b-45cb-aa10-3b0a4bcfd258,ALLIANCE > TISSUE DIRECTORY,MesobanK,69.05,18,75.53,Bronze,53.97,19.05,67.46,Bronze
5c01bfbe-5bda-4ff9-b565-d18e6e5d57d8,ALLIANCE > DUNDEE,"Deaths – CHI, Community Health Index",16.67,32,42.34,Not Rated,14.29,30.16,42.06,Not Rated
5c56cfb6-46bb-4414-a963-24eafb0949f6,ALLIANCE > DUNDEE,NHS Tayside and Fife Haematology Biochemistry (Lab Data Restructured),16.67,32,42.34,Not Rated,14.29,30.16,42.06,Not Rated
5cffe432-21f9-44ba-b0fc-a6200115c21c,ALLIANCE > SCOTLAND,Scotland Accident and Emergency,80.95,22,79.47,Silver,82.54,23.81,79.37,Silver
5d2758c6-b315-421f-9971-9df8ba83a2d4,HUBS > BREATHE,SpiroMeta Consortium Dataset,78.57,8,85.28,Silver,63.49,11.11,76.19,Silver
5e022f8f-4d07-44bb-a87c-43e31200fe1e,Oxford University Hospitals NHS Foundation Trust,ARIA Radonc,16.67,34,41.34,Not Rated,14.29,33.33,40.48,Not Rated
5e37caad-4777-4d7e-be17-32220d8fed05,NHS Digital,Mental Health Services Data Set,64.29,38,63.15,Not Rated,73.02,39.68,66.67,Bronze
5ea9c568-b850-4589-bcbb-6ee0cfd322cd,ALLIANCE > HQIP,National Paediatric Diabetes Audit - core clinical dataset (care processes and outcomes),26.19,30,48.09,Not Rated,22.22,30.16,46.03,Not Rated
5eecebc6-d896-46de-92df-d108bb193b17,ALLIANCE > TISSUE DIRECTORY,UK CLL Trials Biobank,69.05,18,75.53,Bronze,53.97,19.05,67.46,Bronze
5f3d5f41-db25-4e93-b938-76ba07e84a8d,ALLIANCE > SCOTLAND,Maternity Inpatient and Day Case - Scottish Morbidity Record (SMR02),83.33,22,80.66,Silver,84.13,20.63,81.75,Silver
600be397-211b-4f65-9f82-e85f4393fb8a,ALLIANCE > HQIP,National Maternity and Perinatal Audit Organisational Survey 2019,26.19,26,50.09,Not Rated,22.22,25.4,48.41,Not Rated
60a303b6-1ebf-466e-ab5c-db92ca7a13c4,ALLIANCE > SCOTLAND,Child Health Systems Programme - 13-15 Month Review,78.57,16,81.28,Silver,79.37,14.29,82.54,Silver
617aca9b-0fb9-45ec-8314-e16c3e074b01,OTHER > Office of National Statistics,Business Impact of COVID-19 Survey (BICS),57.14,22,67.57,Bronze,50.79,17.46,66.66,Bronze
61cf3b8d-5a1b-4241-aaac-89599bf17ab6,ALLIANCE > HQIP,National Clinical Audit of Anxiety and Depression - Core audit of practice,26.19,26,50.09,Not Rated,22.22,25.4,48.41,Not Rated
62824365-480a-4d20-9ab2-7e7739e7e2ec,HUBS > BREATHE,ICT-based intervention for adult asthma with limited health literacy,71.43,12,79.72,Silver,52.38,17.46,67.46,Bronze
628284ca-0adf-45a9-8d7a-ea6f14a15e1c,ALLIANCE > SAIL,Critical Care Dataset,95.24,16,89.62,Gold,92.06,17.46,87.3,Gold
62b17ee5-97e3-468e-ba48-e8685ea28461,ALLIANCE > TISSUE DIRECTORY,UK real-world lymphoid tissue bank,71.43,18,76.72,Silver,57.14,19.05,69.05,Bronze
62d11868-51d7-4b3a-99eb-da9f5d3797dc,ALLIANCE > TISSUE DIRECTORY,UKCTOCS Longitudinal Women's Cohort (UKLWC),71.43,20,75.72,Bronze,57.14,22.22,67.46,Bronze
62fc43ed-1198-4769-ad39-a0bc2c05fd47,ALLIANCE > NIHR BIORESOURCE,Contact detail,85.71,22,81.85,Silver,84.13,20.63,81.75,Silver
63aa23c0-80cf-48b1-89f2-909d5d5f70d8,HUBS > NHS DIGITRIALS,MSDS (Maternity Services Data Set),73.81,24,74.91,Bronze,77.78,22.22,77.78,Silver
63dfe292-6479-489f-a897-aa616acb0a10,ALLIANCE > SAIL,Annual District Birth Extract,95.24,12,91.62,Gold,92.06,14.29,88.89,Gold
63f6d960-da48-4de6-9183-5518f1ce7644,ALLIANCE > DUNDEE,Fife Microbiology: Tests,16.67,32,42.34,Not Rated,14.29,30.16,42.06,Not Rated
6439bf82-d0b4-4d7f-b7d9-f1e716b12df5,HUBS > BREATHE,Wales Asthma Observatory,92.86,14,89.43,Gold,90.48,14.29,88.09,Gold
64640c6f-bc49-419f-bb2c-13c07d94adc9,ALLIANCE > DUNDEE,Prescribing,16.67,32,42.34,Not Rated,14.29,30.16,42.06,Not Rated
64a0ba4d-776c-4979-a4b0-1f1fb6b61c85,ALLIANCE > HQIP,National Audit of Dementia Round 4 - organisational checklist,26.19,26,50.09,Not Rated,22.22,25.4,48.41,Not Rated
660ae034-5631-4fdb-8af5-cf39015c12f8,ALLIANCE > DUNDEE,NHS Tayside and Fife Immunology (Extractable),16.67,32,42.34,Not Rated,14.29,30.16,42.06,Not Rated
662ed97c-23bf-43dc-88ba-2206d110d119,ALLIANCE > SAIL,Outpatient Dataset,95.24,14,90.62,Gold,92.06,12.7,89.68,Gold
66cb4fac-7b2d-4832-8265-6ee58aaad438,ALLIANCE > SAIL,Active Adult Survey,95.24,16,89.62,Gold,92.06,17.46,87.3,Gold
673626f3-bdac-4d32-9bb8-c890b727c0d1,ALLIANCE > BARTS,Critical Care Minimum Dataset,16.67,34,41.34,Not Rated,14.29,33.33,40.48,Not Rated
68eca6a2-7c32-4bea-bcd1-c07dc50ee018,HUBS > BREATHE,Exploring the provision of supportive care for patients with COPD in Malaysia,52.38,18,67.19,Bronze,39.68,20.63,59.53,Not Rated
6951e949-6aa3-4670-ad05-db8e954b3524,ALLIANCE > TISSUE DIRECTORY,Leeds Breast Research Tissue Bank,69.05,18,75.53,Bronze,53.97,19.05,67.46,Bronze
6959639d-5bd2-4b53-918e-8f56784b2870,HUBS > INSIGHT,Moorfields Eye Image Dataset Release 001,92.86,24,84.43,Silver,88.89,22.22,83.34,Silver
6983134e-c920-47db-957b-47e873644eb0,ALLIANCE > TISSUE DIRECTORY,Northern Ireland Biobank (NIB),71.43,18,76.72,Silver,57.14,19.05,69.05,Bronze
6a6b33a3-afd6-4f22-ba41-a87beccc3eb1,HUBS > NHS DIGITRIALS,Personal Demographic Service,52.38,22,65.19,Not Rated,44.44,22.22,61.11,Not Rated
6a8066c7-a8f4-44a6-9efd-871b19a3689f,ALLIANCE > CPRD,Systemic Anti-Cancer Treatment (SACT) data for CPRD GOLD,47.62,38,54.81,Not Rated,57.14,34.92,61.11,Not Rated
6ab4e273-0799-4f67-929d-d1b07e68b1f4,ALLIANCE > SCOTLAND,National Records of Scotland (NRS) - Deaths Data,83.33,22,80.66,Silver,84.13,30.16,76.98,Silver
6b41863d-690e-492e-8034-303d56f12f22,ALLIANCE > RCGP,The Royal College of General Practitioners (RCGP) Research and Surveillance Centre (RSC) primary care sentinel network and database,92.86,28,82.43,Silver,88.89,31.75,78.57,Silver
6b53f274-c927-4b8f-bcc3-1d85fabf16ee,ALLIANCE > HQIP,National Diabetes Audit - National Diabetes Foot Care Audit clinical dataset,26.19,26,50.09,Not Rated,22.22,25.4,48.41,Not Rated
6bcb3286-01a0-4332-b84c-35037759d6b1,HUBS > DISCOVER NOW,North West London Adult Social Care Data (NWL ASC),92.86,20,86.43,Gold,88.89,22.22,83.34,Silver
6cb4e624-a971-4d73-949e-bc57353e512b,ALLIANCE > DUNDEE,"NHS Tayside A&E, Diagnosis dataset during A&E visit",16.67,32,42.34,Not Rated,14.29,30.16,42.06,Not Rated
6cc463b4-5524-40cc-8190-b484458ad48c,ALLIANCE > NHS DIGITAL,GPES Data for Pandemic Planning and Research (COVID-19),78.57,26,76.28,Silver,85.71,19.05,83.33,Silver
6d1b9b23-1197-4857-9b17-9e26cb0633e8,ALLIANCE > HQIP,National Joint Registry - Revision Elbow Replacement dataset,26.19,28,49.09,Not Rated,22.22,26.98,47.62,Not Rated
6e1d8f50-f718-4964-9c88-2c80cbaa92b5,ALLIANCE > CPRD,HES Outpatient data for CPRD Aurum,71.43,30,70.72,Bronze,74.6,28.57,73.02,Bronze
6e535e7c-0ceb-4666-9361-e75e9c4a97ca,ALLIANCE > TISSUE DIRECTORY,Ethical Tissue - University of Bradford,69.05,18,75.53,Bronze,53.97,19.05,67.46,Bronze
6ecc2cb0-3b9b-47fc-9c80-78da44f070ef,ALLIANCE > NIHR BIORESOURCE,Demographic,88.1,22,83.05,Silver,84.13,23.81,80.16,Silver
6efbc62f-6ebb-4f18-959b-1ec6fd0cc6fb,ALLIANCE > HQIP,Epilepsy 12 - Patient Reported Experience Measure,26.19,26,50.09,Not Rated,22.22,25.4,48.41,Not Rated
7038a67d-34ca-4754-a50f-41aa2849db69,ALLIANCE > HQIP,National Joint Registry - Primary Hip Replacement dataset,71.43,22,74.72,Bronze,55.56,25.4,65.08,Not Rated
72fe91de-b0c0-423a-ad68-bd7067b20ad8,Oxford University Hospitals NHS Foundation Trust,Infoflex Cancer Registry,16.67,34,41.34,Not Rated,14.29,33.33,40.48,Not Rated
736a9d09-83c7-4cfa-ae82-a10b2a69efc8,HUBS > BREATHE,"Prevention, detection, treatment: adult lung disease/cancer in rural Tamil Nadu",61.9,16,72.95,Bronze,47.62,20.63,63.5,Not Rated
73f54071-62bf-48f5-8be1-569208b18ab8,NIHR Health Informatics Collaborative Viral Hepatitis Theme,HIC Hepatitis v2,95.24,36,79.62,Silver,92.06,42.86,74.6,Bronze
7480abe4-e073-40ef-882d-217542b5e08e,HUBS > BREATHE,Effects of second-hand smoke on pregnant women: a phenomenological study,66.67,16,75.34,Bronze,50.79,19.05,65.87,Not Rated
756daeaa-6e47-4269-9df5-477c01cdd271,ALLIANCE > CPRD,CPRD GOLD,83.33,30,76.66,Silver,84.13,28.57,77.78,Silver
76ec0282-02e0-4fff-b016-76bc6ffcb784,ALLIANCE > HQIP,National Asthma and COPD Audit Programme (NACAP): secondary care workstream – children and young people asthma (organisational),26.19,30,48.09,Not Rated,22.22,30.16,46.03,Not Rated
779b6d54-b923-4416-b74e-917cab30baa9,ALLIANCE > SAIL,Annual District Death Extract,95.24,14,90.62,Gold,92.06,15.87,88.09,Gold
77b5cf84-d4f2-4418-bafa-73306cf2d2b2,ALLIANCE > CPRD,HES Admitted Patient Care data for CPRD GOLD,69.05,28,70.53,Bronze,73.02,26.98,73.02,Bronze
78b4e352-a47f-4b45-aeb8-32eeb49e59df,ALLIANCE > ISARIC 4C,COVID-19 Clinical Information Network (CO-CIN),11.9,32,39.95,Not Rated,11.11,30.16,40.48,Not Rated
78d25670-9d20-4eb7-a79a-f29e53cc981f,ALLIANCE > HQIP,National Audit of Psychosis - Early Intervention Psychosis Audit patient experience survey,26.19,28,49.09,Not Rated,22.22,26.98,47.62,Not Rated
78fe2e13-7f40-406f-a584-04909d0ce060,NHS Digital,Mental Health Minimum Dataset v4.1 (Sensitive) Episodes,64.29,40,62.15,Not Rated,73.02,44.44,64.29,Not Rated
78fee45f-9f03-46b1-be8e-650c54e2c3fa,ALLIANCE > SAIL,Pathology Data from WRRS,95.24,16,89.62,Gold,92.06,17.46,87.3,Gold
79116473-bda2-413c-82ad-ba2b86e5076f,HUBS > BREATHE,EMEP4UK Pollution,40.48,22,59.24,Not Rated,33.33,23.81,54.76,Not Rated
7a0d678a-a341-4643-af33-bfc22f2f4e9c,ALLIANCE > TISSUE DIRECTORY,Daisy Tumour Bank,71.43,20,75.72,Bronze,57.14,20.63,68.25,Bronze
7aa02796-787a-42c2-b97e-d008fa77e4b8,NHS Digital,Mental Health & Learning Disabilities Dataset v 1 (Non-Sensitive) Records,64.29,40,62.15,Not Rated,73.02,44.44,64.29,Not Rated
7c1fa7b2-2b76-4952-884e-8ef6f845c488,ALLIANCE > TISSUE DIRECTORY,PTCL Biobank,69.05,20,74.53,Bronze,53.97,20.63,66.67,Bronze
7c9f9620-8f18-4e2d-bda0-a3a6f46756b6,ALLIANCE > GENOMICS ENGLAND,GENOMICS ENGLAND 100K BIOINFORMATICS DATA,95.24,22,86.62,Gold,92.06,22.22,84.92,Silver
7ca98657-037c-43a8-872a-65a0520695e5,ALLIANCE > TISSUE DIRECTORY,Bristol Dental School Saliva Bank,71.43,16,77.72,Silver,57.14,17.46,69.84,Bronze
7d501f79-5d1f-4104-a5b7-d46a97fcde5f,ALLIANCE > BARTS,Somerset Cancer Registry,16.67,34,41.34,Not Rated,14.29,33.33,40.48,Not Rated
7db1c8bd-8d99-4189-8510-e6bdb0e19219,ALLIANCE > SCOTLAND,National Records of Scotland (NRS) - Births Data,69.05,16,76.53,Silver,55.56,20.63,67.47,Bronze
7dc319da-a16f-4e63-a115-0cba3905a322,ALLIANCE > HQIP,National Asthma and COPD Audit Programme (NACAP): Adult Asthma secondary care clinical dataset,26.19,30,48.09,Not Rated,22.22,30.16,46.03,Not Rated
7f125091-12ba-464d-af7d-9a88179b0b95,ALLIANCE > HQIP,Epilepsy 12 - National organisational audit (service descriptor questionnaire) and Trust profile,26.19,28,49.09,Not Rated,22.22,26.98,47.62,Not Rated
7f23034b-6887-48c0-bbe7-07d099ca9395,HUBS > DISCOVER NOW,North West London Integrated Care Record (NWL ICR),92.86,18,87.43,Gold,88.89,20.63,84.13,Silver
7f55c499-abd9-4f61-ac7e-93a4d15c79a2,ALLIANCE > TISSUE DIRECTORY,UK MND Collections,71.43,18,76.72,Silver,57.14,19.05,69.05,Bronze
7f841dc4-87ed-4048-b06b-1a1e9198b8c1,HUBS > NHS DIGITRIALS,Diagnostic Imaging Dataset,69.05,26,71.53,Bronze,74.6,23.81,75.39,Bronze
7fab080b-6e2a-4c82-a5e5-daf99c70662a,ALLIANCE > HQIP,"National Audit of Dementia - spotlight audit on the prescription of psychotropic medication, 2019",26.19,28,49.09,Not Rated,22.22,26.98,47.62,Not Rated
7fe20f78-758d-4449-beb4-ccf98e2d8247,HUBS > BREATHE,Developing Patient and Public Involvement in Research in Malaysia,54.76,16,69.38,Bronze,41.27,19.05,61.11,Not Rated
8045cbe5-738d-4d30-a360-06acbbace5a9,ALLIANCE > PUBLIC HEALTH ENGLAND,National Cancer Registration Dataset 2018,92.86,24,84.43,Silver,90.48,25.4,82.54,Silver
81a515f5-5f4d-480e-b5ce-24faa7026c00,ALLIANCE > TISSUE DIRECTORY,National Unified Renal Translational Research Enterprise (NURTuRE),69.05,20,74.53,Bronze,53.97,20.63,66.67,Bronze
8226b6fa-d815-4f15-9064-b56beb0fddb1,NHS Digital,Mental Health & Learning Disabilities Dataset v 1 (Sensitive) Episodes,64.29,40,62.15,Not Rated,73.02,44.44,64.29,Not Rated
824a2ef7-d282-495e-b0fc-e25b3a9613c3,ALLIANCE > TISSUE DIRECTORY,TRICON8B,69.05,20,74.53,Bronze,53.97,20.63,66.67,Bronze
82665c1e-df7f-4136-a05f-0826533149e5,ALLIANCE > HQIP,National Audit of Dementia Round 4 - staff questionnaire,26.19,26,50.09,Not Rated,22.22,25.4,48.41,Not Rated
82ef7d1a-98d8-48b6-9acd-461bf2a399c3,ALLIANCE > TISSUE DIRECTORY,CASPS: A Phase II trial of Cediranib in ASPS patients,69.05,20,74.53,Bronze,53.97,20.63,66.67,Bronze
8342e05e-cb12-4d29-ae84-b9b8421cb4f8,ALLIANCE > TISSUE DIRECTORY,Leeds Multidisciplinary Research Tissue Bank,71.43,18,76.72,Silver,57.14,19.05,69.05,Bronze
843062c0-fca0-464f-aa9c-0d4908f40513,ALLIANCE > TISSUE DIRECTORY,UKALL14 Trial,69.05,16,76.53,Silver,53.97,17.46,68.25,Bronze
844f3be0-f50d-4a88-9783-0928ad1c2aad,NIHR Health Informatics Collaborative Cardiovascular Theme,HIC Acute Coronary Syndromes,95.24,34,80.62,Silver,92.06,38.1,76.98,Silver
84616d8c-336a-485b-9148-af6788efb721,ALLIANCE > TISSUE DIRECTORY,Epilepsy Society Brain and Tissue Bank,69.05,18,75.53,Bronze,53.97,19.05,67.46,Bronze
84de0d13-f5bd-4c22-83d3-e1adb00d5a72,Oxford University Hospitals NHS Foundation Trust,CRIS,16.67,34,41.34,Not Rated,14.29,33.33,40.48,Not Rated
851bb11b-fa75-44ee-afe9-948dc7652555,ALLIANCE > CPRD,Cancer registration data for CPRD Aurum,47.62,38,54.81,Not Rated,57.14,34.92,61.11,Not Rated
858c517e-8ce3-4059-9326-d158489e48d1,ALLIANCE > HQIP,National Diabetes Audit - National Diabetes in Pregnancy clinical Audit dataset,26.19,26,50.09,Not Rated,22.22,25.4,48.41,Not Rated
85b25afd-73a6-4455-9098-1f906bc7738d,ALLIANCE > TISSUE DIRECTORY,SCOT translational sample collection,76.19,22,77.09,Silver,60.32,22.22,69.05,Bronze
8625eb42-93df-4d33-875b-e6a93413d7ba,ALLIANCE > CPRD,HES Outpatient data for CPRD GOLD,71.43,30,70.72,Bronze,74.6,28.57,73.02,Bronze
868613e0-23cc-4f8a-82da-18984589afd7,HUBS > BREATHE,Children's Health in London and Luton (CHILL),73.81,10,81.91,Silver,58.73,12.7,73.02,Bronze
86b39921-f0d4-42be-8236-1808c215c06b,ALLIANCE > SCOTLAND,Child Health Systems Programme - 6-8week review,76.19,16,80.09,Silver,76.19,14.29,80.95,Silver
86d7088b-7a15-4e9a-b2b0-857a67e04650,NHS Digital,HES:Civil Registration (Deaths) bridge,61.9,36,62.95,Not Rated,69.84,38.1,65.87,Not Rated
87244819-4596-4e5d-baaa-f3fe4eb74b4b,ALLIANCE > CPRD,Death Registration data for CPRD GOLD,69.05,32,68.53,Bronze,73.02,31.75,70.63,Bronze
875999d5-f5ed-4136-ac20-b20f1abe27dd,ALLIANCE > HQIP,National Early Inflammatory Arthritis Audit - clinical dataset,26.19,28,49.09,Not Rated,22.22,28.57,46.83,Not Rated
8783d7d2-2b89-44cc-bbc6-645e5483e2fe,ALLIANCE > NIHR BIORESOURCE,NHS Trust data,26.19,28,49.09,Not Rated,22.22,28.57,46.83,Not Rated
8881192f-ffdf-4917-be80-e7daab9a0ca2,ALLIANCE > CYSTIC FIBROSIS,Cystic Fibrosis Patient CFQ-R,95.24,22,86.62,Gold,92.06,26.98,82.54,Silver
88aef872-87fc-471b-a4ed-276349ef575a,HUBS > NHS DIGITRIALS,Hospital Episode Statistics Critical Care,66.67,24,71.34,Bronze,73.02,22.22,75.4,Bronze
895e5c2f-e484-4d08-91c6-35ac2f85c231,NHS Digital,Mental Health Minimum Dataset v2.6 (Non-Sensitive),64.29,40,62.15,Not Rated,73.02,44.44,64.29,Not Rated
89ae7d31-d183-4f5e-b754-7ae14449da76,ALLIANCE > TISSUE DIRECTORY,Children's Cancer and Leukaemia Group (CCLG) Tissue Bank,69.05,18,75.53,Bronze,53.97,19.05,67.46,Bronze
89e57932-ac48-48ac-a6e5-29795bc38b94,ALLIANCE > NIHR BIORESOURCE,Consent records,83.33,20,81.66,Silver,82.54,19.05,81.75,Silver
89f37cc8-8519-4fd8-a49c-fe591a530a8b,OTHER > Office of National Statistics,Labour Force Survey (Person),30.95,28,51.48,Not Rated,25.4,28.57,48.42,Not Rated
8ab1dc13-634e-46ae-9ba0-e094d446bd74,ALLIANCE > CPRD,Patient postcode linked deprivation measures for CPRD Aurum,50,36,57,Not Rated,60.32,30.16,65.08,Not Rated
8b1f4b49-78b7-4f15-b4d0-ea2b009750cc,ALLIANCE > SAIL,Outpatient Referral,92.86,16,88.43,Gold,90.48,17.46,86.51,Gold
8c13e03e-b9d2-4b04-8b98-097643a6beaf,ALLIANCE > NHSX,The National COVID-19 Chest Imaging Database,95.24,16,89.62,Gold,92.06,17.46,87.3,Gold
8c50b721-8bbe-4d9e-86d1-08a6271fe047,ALLIANCE > TISSUE DIRECTORY,UNIRAD UK Sample collection,69.05,20,74.53,Bronze,53.97,20.63,66.67,Bronze
8c5be9df-c9b8-43ab-83ca-5d5dd61549da,ALLIANCE > CYSTIC FIBROSIS,Cystic Fibrosis Patient Transplants,95.24,22,86.62,Gold,92.06,26.98,82.54,Silver
8d3f80d4-aeae-46f0-809b-cd6c51e24f75,NHS Digital,Bridge file: Hospital Episode Statistics to Mental Health Minimum Data Set,64.29,36,64.15,Not Rated,73.02,38.1,67.46,Bronze
8dd6f22d-e513-4ee7-a7e8-abe055727076,ALLIANCE > SAIL,Substance Misuse Dataset,95.24,16,89.62,Gold,92.06,17.46,87.3,Gold
8e32341b-ebad-4e10-8f2b-60b0b5b0ef4c,ALLIANCE > NIHR BIORESOURCE,Whole Genome Sequencing,26.19,30,48.09,Not Rated,22.22,30.16,46.03,Not Rated
8e66e623-2859-4a65-93d7-abd41e139976,ALLIANCE > NHS DIGITAL,Community Services Data Set,52.38,24,64.19,Not Rated,63.49,15.87,73.81,Bronze
8eace3c2-1dc8-4708-9350-ad129b7d2bc9,NHS Digital,Mental Health Services Data Set - Inpatients,47.62,34,56.81,Not Rated,41.27,34.92,53.17,Not Rated
8fc0a2cc-a8ce-4558-a98a-c514255833d8,HUBS > BREATHE,Pneumonia case management practices in selected communities in Pakistan,69.05,12,78.53,Silver,52.38,15.87,68.25,Bronze
91479cbf-664e-4782-8514-a3247bb5c4f4,ALLIANCE > HQIP,National Asthma and COPD Audit Programme (NACAP): Pulmonary rehabilitation - organisational audit,26.19,30,48.09,Not Rated,22.22,30.16,46.03,Not Rated
92d95f82-50a5-4df9-914a-ca26b14cf84c,ALLIANCE > HQIP,National Diabetes Audit - Core Clinical Audit Dataset,26.19,26,50.09,Not Rated,22.22,25.4,48.41,Not Rated
93105053-ddf3-4339-9e4a-baf91c310370,Oxford University Hospitals NHS Foundation Trust,Emergency Care Dataset (ECDS),16.67,34,41.34,Not Rated,14.29,33.33,40.48,Not Rated
9328f206-db9a-4feb-9012-deab80cafd2e,ALLIANCE > SCOTLAND,National Records of Scotland (NRS) - Stillbirth Data,80.95,22,79.47,Silver,82.54,26.98,77.78,Silver
93ffc937-dc5f-4fae-bb75-a8ad19ac3d3e,ALLIANCE > GENOMICS ENGLAND,GENOMICS ENGLAND 100K CANCER & COMMON,95.24,26,84.62,Silver,92.06,28.57,81.75,Silver
9419a99b-f1fb-4566-8480-eecd4e189086,ALLIANCE > TISSUE DIRECTORY,TwinsUK,71.43,18,76.72,Silver,57.14,19.05,69.05,Bronze
94351432-da7e-4d44-97eb-4359d45e0240,HUBS > INSIGHT,UHB Eye Image Dataset Release 001,64.29,26,69.15,Bronze,57.14,23.81,66.66,Bronze
947ab204-b052-4cac-897b-d771f8dcfd1f,ALLIANCE > SAIL,Postponed Admitted Procedures,92.86,16,88.43,Gold,90.48,17.46,86.51,Gold
94c082e5-b45f-43fe-9340-f4855f392fd4,HUBS > BREATHE,Genetics of Asthma Severity & Phenotypes,80.95,20,80.47,Silver,63.49,22.22,70.64,Bronze
952d4422-3f03-46e6-9dbd-1bf0f54b7e3a,ALLIANCE > TISSUE DIRECTORY,"Oncology Clinical Trials Office, University of Oxford",69.05,18,75.53,Bronze,53.97,19.05,67.46,Bronze
95475a1f-1623-4bfa-9821-1159d4dbcc8e,ALLIANCE > CPRD,Mental Health Dataset (MHDS) for CPRD GOLD,50,40,55,Not Rated,60.32,39.68,60.32,Not Rated
96d29a1d-9566-4793-8dbb-351fbe2eb790,ALLIANCE > CPRD,Pregnancy Register for CPRD GOLD,54.76,38,58.38,Not Rated,66.67,34.92,65.88,Not Rated
979d600f-f541-4028-8576-a6e4603fc244,ALLIANCE > TISSUE DIRECTORY,The PEACE Study,69.05,18,75.53,Bronze,53.97,20.63,66.67,Bronze
97ddd990-f47a-40f5-9178-cbf742e4c613,HUBS > GUT REACTION,IBD Registry,23.81,32,45.91,Not Rated,20.63,31.75,44.44,Not Rated
97fa09e6-5ea5-41cd-baf8-20366db13a3f,NHS Digital,Mental Health Minimum Dataset v4 (Sensitive) Records,64.29,40,62.15,Not Rated,73.02,44.44,64.29,Not Rated
98a03f2b-1a67-4653-a4f5-f9db7262a94d,ALLIANCE > TISSUE DIRECTORY,Public Health England Seroepidemiology Unit,69.05,18,75.53,Bronze,53.97,19.05,67.46,Bronze
98babf8f-a557-410a-9075-640db283c9a3,ALLIANCE > SCOTLAND,GP Out of Hours,80.95,20,80.47,Silver,82.54,19.05,81.75,Silver
992c8fe6-f460-490c-b202-8d4d9c434425,ALLIANCE > CPRD,Quality of Life of Cancer Survivors in England: Pilot Patient Reported Outcomes Measures Survey (2011) for CPRD GOLD,47.62,40,53.81,Not Rated,57.14,36.51,60.31,Not Rated
992d45d6-c80e-474d-87ff-4503ee1210a2,ALLIANCE > DUNDEE,Tayside Microbiology: Tests,16.67,32,42.34,Not Rated,14.29,30.16,42.06,Not Rated
995c0f8d-f5ef-470a-8ffe-6bdb956bdbc0,ALLIANCE > SCOTLAND,Child Health Systems Programme - 4-5 year review,76.19,16,80.09,Silver,76.19,14.29,80.95,Silver
997a5bda-d6f2-46c7-8fe5-990ac4576ff6,HUBS > DISCOVER NOW,North West London COVID-19 Patient Level Situation Report (NWL COVID19 PLD SITREP),92.86,16,88.43,Gold,88.89,14.29,87.3,Gold
9a4ef776-6b4b-40cd-9c88-cbf1128780e9,ALLIANCE > HQIP,National Bowel Cancer Audit - clinical dataset,26.19,28,49.09,Not Rated,22.22,26.98,47.62,Not Rated
9a58219f-8cea-479c-bb5f-c68cae23136b,ALLIANCE > CPRD,Cancer Patient Experience Survey (CPES) for CPRD GOLD,47.62,36,55.81,Not Rated,57.14,30.16,63.49,Not Rated
9b7f7994-0b9c-4809-b67d-45ae1f04ec5c,NHS Digital,Mental Health Services Data Set - Currencies,47.62,34,56.81,Not Rated,41.27,34.92,53.17,Not Rated
9bc66d1b-68a2-4d4e-a54a-cc3842ff95c7,ALLIANCE > CPRD,HES Patient Reported Outcomes Measures (PROMs) data for CPRD GOLD,61.9,30,65.95,Not Rated,66.67,30.16,68.25,Bronze
9beca627-12cd-4231-8638-93cf0bdfa413,ALLIANCE > HQIP,National Asthma and COPD Audit Programme (NACAP):COPD and adult asthma secondary care organisational dataset,23.81,32,45.91,Not Rated,20.63,31.75,44.44,Not Rated
9bfcf24b-5b13-4997-9062-6c58583e69cd,ALLIANCE > NIHR BIORESOURCE,Sample holding,88.1,28,80.05,Silver,85.71,26.98,79.36,Silver
9c07be99-54a1-4a23-8de2-492e8dfea55a,ALLIANCE > ALSPAC,Avon Longitudinal Study of Parents and Children,71.43,26,72.72,Bronze,55.56,26.98,64.29,Not Rated
9c0f13ca-5831-4d9b-860a-7d856be7a9f1,ALLIANCE > HQIP,Falls and Fragility Fracture Audit Programme National Hip Database clinical dataset,26.19,30,48.09,Not Rated,22.22,30.16,46.03,Not Rated
9cb10184-7459-4ca5-ac30-d2364e70821d,ALLIANCE > TISSUE DIRECTORY,Tissue Access for Patient Benefit (TAPb),69.05,20,74.53,Bronze,53.97,22.22,65.88,Not Rated
9ccfde56-dd13-4606-a6c1-1e797d3b8d82,ALLIANCE > NIHR BIORESOURCE,Full Blood Counts,26.19,28,49.09,Not Rated,22.22,28.57,46.83,Not Rated
9e798632-442a-427b-8d0e-456f754d28dc,HDR UK,HDR UK Papers & Preprints,80.95,16,82.47,Silver,63.49,17.46,73.02,Bronze
9e8982cb-6e2b-4c6e-b9d5-80a3794eb1dc,ALLIANCE > TISSUE DIRECTORY,POUT-T,69.05,18,75.53,Bronze,53.97,19.05,67.46,Bronze
9f45db59-b3c9-4c33-85bf-25c1b5242903,ALLIANCE > TISSUE DIRECTORY,MDSBio,69.05,16,76.53,Silver,53.97,17.46,68.25,Bronze
a021f150-41e6-48c3-807c-a0cefa4cb2c2,ALLIANCE > NHS Scotland,NHS Scotland General Practice (GP) Contact Data - Subset,11.9,32,39.95,Not Rated,9.52,31.75,38.88,Not Rated
a05443cd-e292-4b5f-b1f1-95718e300d46,ALLIANCE > HQIP,National Early Inflammatory Arthritis Audit - patient survey,26.19,28,49.09,Not Rated,22.22,28.57,46.83,Not Rated
a0dad23c-c02d-4347-92ef-0019fa59eb3e,ALLIANCE > CPRD,Cancer registration data for CPRD GOLD,50,40,55,Not Rated,58.73,36.51,61.11,Not Rated
a0e0c0c2-072a-47ac-9252-e27b37ac024f,NIHR Health Informatics Collaborative Renal Transplantation Theme,HIC Transplantation,92.86,40,76.43,Silver,90.48,49.21,70.64,Bronze
a104ba06-be82-4f2d-b177-f13948643f84,HUBS > NHS DIGITRIALS,Hospital Episode Statistics Accident and Emergency,66.67,24,71.34,Bronze,73.02,22.22,75.4,Bronze
a1a67182-e81b-4144-ac51-92a86f277eb2,NHS Digital,Mental Health Minimum Dataset v4.1 (Non-Sensitive) Events,64.29,40,62.15,Not Rated,73.02,44.44,64.29,Not Rated
a1f9315e-8561-4e7b-b1a7-1276bdeca14d,ALLIANCE > TISSUE DIRECTORY,Cam-UroOnc Biorepository,69.05,18,75.53,Bronze,53.97,19.05,67.46,Bronze
a2d94442-91c1-4626-b28f-700eb436a4c1,ALLIANCE > TISSUE DIRECTORY,ICON9 Trial,69.05,18,75.53,Bronze,53.97,19.05,67.46,Bronze
a429e699-4650-4feb-9392-f24aa3a3b7b6,ALLIANCE > BARTS,Freetext Dataset,16.67,34,41.34,Not Rated,14.29,33.33,40.48,Not Rated
a49a1145-4334-4c2a-81cb-90155e8f05c6,ALLIANCE > TISSUE DIRECTORY,Sheffield Brain Tissue Bank (SBTB),76.19,22,77.09,Silver,60.32,22.22,69.05,Bronze
a617a37d-1813-49ad-8282-38169981a095,ALLIANCE > TISSUE DIRECTORY,plasmaMATCH,69.05,20,74.53,Bronze,53.97,20.63,66.67,Bronze
a675ac5e-ecc2-4899-9c3c-65c2f36432c5,ALLIANCE > BARTS,Community Services Dataset,16.67,34,41.34,Not Rated,14.29,33.33,40.48,Not Rated
a6fb087d-1a90-4db0-9fcf-323c5b3cce51,ALLIANCE > TISSUE DIRECTORY,UK primary Sjogren's syndrome Registry,69.05,20,74.53,Bronze,53.97,20.63,66.67,Bronze
a7209348-c011-44d0-9c4f-35a2014c2542,ALLIANCE > TISSUE DIRECTORY,Central England Haemato-oncology and oncology Research Biobank (CEHRB),71.43,20,75.72,Bronze,57.14,20.63,68.25,Bronze
a74f72ad-bf70-42e4-8933-069c7b53c7f9,Oxford University Hospitals NHS Foundation Trust,LIMS,16.67,34,41.34,Not Rated,14.29,33.33,40.48,Not Rated
a772b8dd-cb93-4f27-a349-329992e0b212,ALLIANCE > CPRD,Quality of Life of Colorectal Cancer Survivors in England: Patient Reported Outcome Measures Survey for CPRD Aurum,50,42,54,Not Rated,60.32,41.27,59.52,Not Rated
a895be78-f41c-40b8-b2fa-678a071a6427,ALLIANCE > HQIP,National Asthma and COPD Audit Programme (NACAP): primary care workstream resources,26.19,30,48.09,Not Rated,22.22,30.16,46.03,Not Rated
aa019da2-0f2f-493c-95e8-7263ee735f46,NHS Digital,Mental Health Minimum Dataset v3_3.5 (Non-Sensitive),64.29,40,62.15,Not Rated,73.02,44.44,64.29,Not Rated
aa8c53e8-f91f-41f7-9522-7e2462a9a84b,ALLIANCE > CPRD,HES Diagnostic Imaging Dataset for CPRD GOLD,69.05,28,70.53,Bronze,73.02,26.98,73.02,Bronze
acafb160-b18a-436e-90f1-dc4530a90267,NHS Digital,Mental Health Minimum Data Set,61.9,36,62.95,Not Rated,69.84,34.92,67.46,Bronze
ace79a9e-1552-4287-9f6e-9d01f628252b,ALLIANCE > TISSUE DIRECTORY,REQUITE,69.05,18,75.53,Bronze,53.97,19.05,67.46,Bronze
ad5c7693-983e-4f32-a979-9ab550f2084a,ALLIANCE > TISSUE DIRECTORY,Cardiff University Biobank,71.43,18,76.72,Silver,57.14,19.05,69.05,Bronze
ae4b8371-d037-46e8-bdcd-bf3de08ef38e,HUBS > BREATHE,Optimum Patient Care Research Database,50,20,65,Not Rated,34.92,25.4,54.76,Not Rated
ae4f0589-8679-48a1-ad04-2324a5001869,ALLIANCE > TISSUE DIRECTORY,Cambridge Blood and Stem Cell Biobank,69.05,18,75.53,Bronze,53.97,19.05,67.46,Bronze
aeb2f1ea-c914-4b30-94c8-9fd3eb51b288,ALLIANCE > HQIP,National Audit of Care at the End of Life - Quality Survey,26.19,26,50.09,Not Rated,22.22,25.4,48.41,Not Rated
af148400-1ec6-436d-910e-45350a54c390,ALLIANCE > CYSTIC FIBROSIS,Cystic Fibrosis Patient NTM culture,95.24,20,87.62,Gold,92.06,26.98,82.54,Silver
af238430-c257-4d60-9ff0-1de6b825f09e,HUBS > BREATHE,Community perception on public health measures for COVID-19 prevention/control,64.29,16,74.15,Bronze,50.79,19.05,65.87,Not Rated
af5caf3f-a8f7-4365-af6e-8d9a59711ad1,OTHER > HBS,COVID antigen  testing - Pillar 2,66.67,28,69.34,Bronze,74.6,23.81,75.39,Bronze
af660e81-bb96-4e85-99a8-b85147c6ba79,HUBS > DISCOVER NOW,North West London Coordinate My Care (NWL CMC),92.86,14,89.43,Gold,88.89,12.7,88.09,Gold
b0886a0c-7ddc-4c2b-a499-afd7262fbe56,ALLIANCE > TISSUE DIRECTORY,RAPPER,71.43,18,76.72,Silver,57.14,19.05,69.05,Bronze
b0a8085e-8cf0-45ee-b4a6-12a4a545ca70,ALLIANCE > GENOMICS ENGLAND,GENOMICS ENGLAND 100K RARE DISEASE & COMMON,95.24,22,86.62,Gold,92.06,22.22,84.92,Silver
b1a2126a-640d-4b02-8acd-e5ce5ee454f0,ALLIANCE > SAIL,ONS 2011 Census Wales (CENW),73.81,24,74.91,Bronze,84.13,22.22,80.95,Silver
b2124786-9658-40cc-b5a3-6624885ce490,ALLIANCE > DUNDEE,Patient SIMD Postcode,16.67,32,42.34,Not Rated,14.29,30.16,42.06,Not Rated
b232b32f-07d4-4fce-85a0-3834efd8757a,HUBS > DISCOVER NOW,North West London Patient Index (NWL PI),92.86,16,88.43,Gold,88.89,15.87,86.51,Gold
b339ea90-c3dd-44d8-a968-88eba9e3edb3,HUBS > DISCOVER NOW,North West London Admitted Patient Care Data (NWL APC),92.86,16,88.43,Gold,88.89,14.29,87.3,Gold
b36202ad-7652-460c-8389-baa1a1c1ac46,ALLIANCE > TISSUE DIRECTORY,York Tissue Bank,71.43,16,77.72,Silver,57.14,17.46,69.84,Bronze
b3a10154-a409-491a-92fb-e7fac47ccd91,ALLIANCE > TISSUE DIRECTORY,HCV Research UK,69.05,20,74.53,Bronze,53.97,20.63,66.67,Bronze
b40777a2-468b-4b45-8b7d-2f62f912e950,NIHR Health Informatics Collaborative Critical Care Theme,HIC ICU 8.3.2,95.24,36,79.62,Silver,92.06,42.86,74.6,Bronze
b41bb360-f2ed-49f0-a45b-b2fb05321975,ALLIANCE > BARTS,CDE Surginet Documentation,16.67,34,41.34,Not Rated,14.29,33.33,40.48,Not Rated
b4f6a5c2-e652-4972-9d06-510e9a469dfe,ALLIANCE > CPRD,Systemic Anti-Cancer Treatment (SACT) data for CPRD Aurum,47.62,38,54.81,Not Rated,57.14,34.92,61.11,Not Rated
b53f716d-a5c3-4ad8-a2aa-cae09c12ac18,NHS Digital,Mental Health Minimum Dataset v4.1 (Non-Sensitive) Episodes,61.9,40,60.95,Not Rated,69.84,44.44,62.7,Not Rated
b717d41e-9202-40ed-be1a-882ec0c47761,ALLIANCE > TISSUE DIRECTORY,MRC Brain Banks Network,69.05,18,75.53,Bronze,53.97,19.05,67.46,Bronze
b730442a-72f3-4b0d-8ad3-4bdba046df7a,ALLIANCE > TISSUE DIRECTORY,Tissue Solutions Ltd,69.05,24,72.53,Bronze,55.56,25.4,65.08,Not Rated
b765d514-1642-4762-a521-73463c977094,HUBS > DATA-CAN,Yorkshire Specialist Register of Cancer in Children and Young People,92.86,24,84.43,Silver,88.89,28.57,80.16,Silver
b796b821-97cf-4aa1-bbc7-53e3c1fbc33f,ALLIANCE > TISSUE DIRECTORY,TRICON8,71.43,20,75.72,Bronze,57.14,20.63,68.25,Bronze
b8107ec3-ba35-45ee-8231-cb610fe2ce48,ALLIANCE > DUNDEE,Tayside Radiology,16.67,32,42.34,Not Rated,14.29,30.16,42.06,Not Rated
b9a2fe09-60b3-48a4-b252-9ed04a7dcc66,ALLIANCE > DUNDEE,NHS Tayside and Fife Haematology (Lab Data Restructured),16.67,32,42.34,Not Rated,14.29,30.16,42.06,Not Rated
ba071b0b-5ef4-457b-b194-3a69c2c71a06,NHS Digital,Mental Health Minimum Dataset v4 (Non-Sensitive) Events,64.29,40,62.15,Not Rated,73.02,44.44,64.29,Not Rated
bab944af-e345-4893-8640-a88aaff97c72,HUBS > BREATHE,Assessment of ASHA’s workload and its determinants,61.9,16,72.95,Bronze,47.62,20.63,63.5,Not Rated
bc2d2a17-0f36-4cb0-85d3-b54e64460d75,HUBS > DISCOVER NOW,North West London Primary Care Events Data (NWL PCE),92.86,14,89.43,Gold,88.89,12.7,88.09,Gold
bc30732b-32cb-4f66-8794-e6e6691c79e7,ALLIANCE > NHS DIGITAL,Cancer Registration Data,35.71,32,51.86,Not Rated,49.21,28.57,60.32,Not Rated
bc6ae5bc-7175-49e2-b093-337dde427736,ALLIANCE > CPRD,Patient postcode linked deprivation measures for CPRD GOLD,50,36,57,Not Rated,60.32,30.16,65.08,Not Rated
bcfdc597-1bf0-41c2-8b68-779f9a115f83,ALLIANCE > TISSUE DIRECTORY,Wales Cancer Bank,69.05,18,75.53,Bronze,53.97,19.05,67.46,Bronze
bdc17b2c-8b0f-4959-ab9b-e2de32d8a5f9,NHS Digital,Mental Health & Learning Disabilities Dataset v 1 (Sensitive) Events,64.29,40,62.15,Not Rated,73.02,44.44,64.29,Not Rated
bdcbbb2b-df99-4ae7-b36e-f266cfe10ed3,ALLIANCE > CPRD,Mother-Baby Link for CPRD GOLD,54.76,38,58.38,Not Rated,66.67,34.92,65.88,Not Rated
bddcc89d-028f-48a5-b568-7dccd574563b,ALLIANCE > HQIP,National Joint Registry - Revision Shoulder Replacement dataset,26.19,26,50.09,Not Rated,22.22,25.4,48.41,Not Rated
be9bf427-d96d-4b1a-b1d1-83bdc3e8790b,HUBS > BREATHE,4 LMIC Asian Country ChrOnic: estimating respiratory disease burden in adults,69.05,14,77.53,Silver,50.79,19.05,65.87,Not Rated
bf83ada4-b72e-4789-b177-12a53aa763ea,Oxford University Hospitals NHS Foundation Trust,TheatreEvents,16.67,36,40.34,Not Rated,14.29,34.92,39.69,Not Rated
bfc6e7c5-a81b-4fe2-95b5-d108a48d7d67,ALLIANCE > SCOTLAND,Mental Health Inpatient and Day Case - Scottish Morbidity Record (SMR04),80.95,22,79.47,Silver,80.95,20.63,80.16,Silver
c0da6801-6907-4c06-8fba-d21943c3a931,ALLIANCE > SAIL,Daily Situation Report Data,92.86,10,91.43,Gold,90.48,7.94,91.27,Gold
c0f5fde3-4e8a-4956-998b-1fb955f58a22,OTHER > Office of National Statistics,Covid-19 Infection Survey,73.81,26,73.91,Bronze,80.95,22.22,79.37,Silver
c10d6c3a-e405-4ee9-828f-02443c210879,ALLIANCE > TISSUE DIRECTORY,UCL Infection DNA Bank,71.43,22,74.72,Bronze,57.14,23.81,66.66,Bronze
c16605d7-6e6e-4461-bfab-107660e31427,HUBS > BREATHE,Vitamin D supplementation meta-analyses,28.57,26,51.28,Not Rated,23.81,26.98,48.41,Not Rated
c182a3b6-8eea-43ef-be18-6cd444f150dc,ALLIANCE > TISSUE DIRECTORY,STAMPEDE,69.05,16,76.53,Silver,53.97,17.46,68.25,Bronze
c1f947c3-4956-4e0b-93ef-23ce9abda000,HUBS > DISCOVER NOW,North West London Primary Care Prescriptions Data (NWL PCP),92.86,14,89.43,Gold,88.89,14.29,87.3,Gold
c22d8356-d51b-4d34-aadf-ed356d15fe46,ALLIANCE > DUNDEE,Fife Radiology,16.67,32,42.34,Not Rated,14.29,30.16,42.06,Not Rated
c2548017-7913-40e1-bf98-aaa2e907b0ea,HUBS > BREATHE,Assessing the eDPSEEA model in seasonal pollen induced asthma in Islamabad,66.67,16,75.34,Bronze,50.79,19.05,65.87,Not Rated
c275f19e-2373-43dc-8e83-3318aaf8bfa4,ALLIANCE > DUNDEE,Tayside Bowel Screening Dataset,16.67,32,42.34,Not Rated,14.29,30.16,42.06,Not Rated
c29c3fbe-700e-4f85-8943-5557c30c1dfa,ALLIANCE > TISSUE DIRECTORY,Arden Tissue Bank,73.81,16,78.91,Silver,58.73,17.46,70.63,Bronze
c324246a-22d9-45d8-9a7a-a513078be2d1,ALLIANCE > LEICESTER,Genvasc Primary Care Data,28.57,28,50.28,Not Rated,23.81,26.98,48.41,Not Rated
c3d84dfa-fe3a-4b86-a0f5-efbe45aa93ad,ALLIANCE > HQIP,Sentinel Stroke National Audit Programme Acute Organisational survey dataset,26.19,28,49.09,Not Rated,22.22,28.57,46.83,Not Rated
c415b97f-4dd8-4330-b682-bc76b1bbaab4,ALLIANCE > SCOTLAND,ECOSS (-/+VE tested patients only),38.1,40,49.05,Not Rated,50.79,41.27,54.76,Not Rated
c43363e5-a2cd-4990-a425-733dfe559a4f,HUBS > BREATHE,UK BiLEVE Consortium Dataset,78.57,12,83.28,Silver,63.49,15.87,73.81,Bronze
c55b92d8-889d-435c-b0cb-2d9f7b432839,ALLIANCE > CPRD,HES Accident and Emergency data for CPRD GOLD,69.05,28,70.53,Bronze,73.02,26.98,73.02,Bronze
c577669a-a84f-493e-8164-3fe02f618561,ALLIANCE > CPRD,Death Registration data for CPRD Aurum,69.05,30,69.53,Bronze,73.02,28.57,72.22,Bronze
c5994fae-9c4a-47eb-ba42-85bd76e92879,ALLIANCE > HQIP,National Audit of Psychosis - Audit on Early Intervention in Psychosis services - contextual data,26.19,28,49.09,Not Rated,22.22,26.98,47.62,Not Rated
c6117afd-bc4d-404b-8d58-9d87db936b4c,ALLIANCE > CPRD,Practice postcode linked deprivation measures for CPRD GOLD,50,36,57,Not Rated,60.32,30.16,65.08,Not Rated
c6d6bbd3-74ed-46af-841d-ac5e05f4da41,ALLIANCE > TISSUE DIRECTORY,Barts CTU,69.05,20,74.53,Bronze,53.97,22.22,65.88,Not Rated
c6dc78fa-1543-4fbf-87d8-a3f48e7de813,OTHER > COG-UK,COG-UK Viral Genome Sequences,95.24,14,90.62,Gold,92.06,12.7,89.68,Gold
c713773c-e961-400e-b44a-947002deb073,NHS Digital,Mental Health & Learning Disabilities Dataset v 1 (Non-Sensitive) Episodes,64.29,40,62.15,Not Rated,73.02,44.44,64.29,Not Rated
c720c89a-b2c6-4cd6-b606-df34ff22b1c8,HUBS > NHS DIGITRIALS,Hospital Episode Statistics Outpatients,66.67,24,71.34,Bronze,73.02,22.22,75.4,Bronze
c7c7d692-99a2-4ef4-b295-35c3e6e243a1,ALLIANCE > SAIL,Annual District Death Daily,95.24,18,88.62,Gold,92.06,23.81,84.12,Silver
c83d2206-3778-400b-9b26-27c7588af930,ALLIANCE > TISSUE DIRECTORY,RATHL Trial,73.81,20,76.91,Silver,57.14,20.63,68.25,Bronze
c8ed8784-91ce-4823-8e80-fa3a4b732e11,ALLIANCE > DUNDEE,NHS Tayside and Fife Virology,16.67,32,42.34,Not Rated,14.29,30.16,42.06,Not Rated
c97b8058-a6a4-4c8d-92e1-6e9f4cddd301,NHS Digital,Mental Health Minimum Dataset v4.1 (Non-Sensitive) Records,64.29,40,62.15,Not Rated,73.02,44.44,64.29,Not Rated
cabb1db1-ee3e-42ce-a40b-468282e2011d,ALLIANCE > HQIP,National Audit of Care at the End of Life - case note review,26.19,26,50.09,Not Rated,22.22,25.4,48.41,Not Rated
cbda5643-96b7-4914-b990-a872e693ff29,ALLIANCE > HQIP,National Early Inflammatory Arthritis Audit - organisational survey dataset,26.19,28,49.09,Not Rated,22.22,28.57,46.83,Not Rated
cc383a3f-1c47-4b7d-99cf-be8ee0afe401,NHS Digital,Mental Health Minimum Dataset v4.1 (Sensitive) Records,64.29,40,62.15,Not Rated,73.02,44.44,64.29,Not Rated
cc3e20da-aca5-471d-a4bb-38e13f350f10,ALLIANCE > CPRD,HES Admitted Patient Care data for CPRD Aurum,71.43,30,70.72,Bronze,74.6,28.57,73.02,Bronze
cef00323-8756-4ea5-99e4-f12dcb2c6297,ALLIANCE > NHS DIGITAL,Improving Access to Psychological Therapies Data Set,42.86,24,59.43,Not Rated,38.1,20.63,58.73,Not Rated
cf3f4336-e52d-4b82-8cc5-647dedaaee57,ALLIANCE > HQIP,National Clinical Audit of Anxiety and Depression - spotlight audit on psychological therapies (clinical),26.19,28,49.09,Not Rated,22.22,26.98,47.62,Not Rated
cf81a42f-2611-4410-89e9-7e3770d03a15,ALLIANCE > CPRD,Quality of Life of Colorectal Cancer Survivors in England: Patient Reported Outcome Measures Survey for CPRD GOLD,50,42,54,Not Rated,60.32,41.27,59.52,Not Rated
d0468470-a88f-4692-a19d-c9ac0b9868f3,ALLIANCE > CYSTIC FIBROSIS,Cystic Fibrosis Patient Microbiology Cultures,95.24,20,87.62,Gold,92.06,26.98,82.54,Silver
d2667c43-adfd-4a61-b090-38d39e35a392,ALLIANCE > SAIL,Welsh Cancer Intelligence and Surveillance Unit (WCISU),95.24,10,92.62,Gold,92.06,9.52,91.27,Gold
d272b783-8db3-4068-8d0f-05728f786d6d,ALLIANCE > TISSUE DIRECTORY,Cancer Group CTR Cardiff trials,69.05,18,75.53,Bronze,53.97,19.05,67.46,Bronze
d2af6a29-291b-4444-a17c-40f4208f1e1b,NHS Digital,Patient Reported Outcome Measures,33.33,44,44.66,Not Rated,46.03,42.86,51.59,Not Rated
d3673b75-ec8f-4c2e-8c9b-6ef1d951f978,ALLIANCE > HQIP,Sentinel Stroke National Audit Programme Clinical Dataset,26.19,28,49.09,Not Rated,22.22,28.57,46.83,Not Rated
d3a3935f-b28e-4e74-9b15-9432d611f26c,ALLIANCE > TISSUE DIRECTORY,MFT Biobank,71.43,18,76.72,Silver,57.14,19.05,69.05,Bronze
d3e859ba-cfb0-4eda-a14c-34b08d113cd9,HUBS > BREATHE,Strategy introducing Pulmonary Rehabilitation for COPD management in rural India,59.52,18,70.76,Bronze,47.62,20.63,63.5,Not Rated
d3fd4dac-2d15-401c-8185-905ee108d9ce,Oxford University Hospitals NHS Foundation Trust,JANUS,16.67,34,41.34,Not Rated,14.29,33.33,40.48,Not Rated
d4614d0c-8e38-413c-83c8-7b5d1cc30ee0,ALLIANCE > SAIL,COVID-19 Symptom Tracker Dataset,95.24,10,92.62,Gold,92.06,7.94,92.06,Gold
d51de39c-153a-462b-8de5-cd1424908e0c,ALLIANCE > TISSUE DIRECTORY,UK ME/CFS Biobank,71.43,18,76.72,Silver,57.14,19.05,69.05,Bronze
d5446d68-2fb9-4f0f-962e-7b7ed484d534,HUBS > BREATHE,Exploration of Pneumonia Related Policy Formation and Implementation in Pakistan,66.67,16,75.34,Bronze,50.79,19.05,65.87,Not Rated
d546521a-79be-4a53-83bd-ff008bda6171,HUBS > PIONEER,Birmingham Out of Hours Research Database,26.19,28,49.09,Not Rated,22.22,28.57,46.83,Not Rated
d57a096a-4fa3-4529-b508-0b9df0f1893c,Oxford University Hospitals NHS Foundation Trust,OUH Patient Master Index,16.67,34,41.34,Not Rated,14.29,33.33,40.48,Not Rated
d5ab658e-b474-4e22-95f8-92607c40792d,ALLIANCE > TISSUE DIRECTORY,NHS Grampian Biorepository,71.43,18,76.72,Silver,57.14,19.05,69.05,Bronze
d796a1b6-8769-433c-a2cf-6a7b161db1fb,HUB > NHS DIGITRIALS,Civil Registration - Deaths,78.57,30,74.28,Bronze,82.54,31.75,75.4,Bronze
d7ec9584-cba3-46f9-9ef4-b1cb9eef2e7c,ALLIANCE > NIHR BIORESOURCE,Health and Lifestyle Questionnaire,88.1,26,81.05,Silver,85.71,22.22,81.75,Silver
d90830f4-5aaa-4075-8c8d-839627224d16,ALLIANCE > CPRD,Cancer Patient Experience Survey (CPES) for CPRD Aurum,33.33,36,48.66,Not Rated,28.57,34.92,46.83,Not Rated
d99dd234-0fed-4731-99fe-82a567187854,ALLIANCE > SAIL,Patient Episode Dataset for Wales,95.24,14,90.62,Gold,92.06,12.7,89.68,Gold
da4d3e21-3d81-49e9-ada0-6175e2341190,ALLIANCE > HQIP,National Vascular Registry -  Abdominal Aortic Aneurysm Repair clinical dataset,26.19,26,50.09,Not Rated,22.22,25.4,48.41,Not Rated
db113fcd-69a0-4357-9c6d-250085deb3f5,NHS Digital,Mental Health Minimum Dataset v4.1 (Sensitive) Events,64.29,40,62.15,Not Rated,73.02,44.44,64.29,Not Rated
dd7e56e7-2683-4b88-bed2-3a27ef3e4c9e,ALLIANCE > TISSUE DIRECTORY,interNational Anaplastic Thyroid Cancer Tissue Bank (iNATT),69.05,16,76.53,Silver,53.97,17.46,68.25,Bronze
ddc965e7-6f52-4eed-bed5-657e3e7bbeac,ALLIANCE > HQIP,National Vascular Registry Audit Carotid Endarterectomy Clinical Dataset,26.19,26,50.09,Not Rated,22.22,25.4,48.41,Not Rated
de1179eb-89fe-45a3-9e3c-e54a2a36ebf0,ALLIANCE > NIHR BIORESOURCE,NHS Digital data,21.43,30,45.72,Not Rated,17.46,30.16,43.65,Not Rated
de19b3ea-2600-4472-85e8-628e7beff76e,ALLIANCE > HQIP,National Bowel Cancer Audit -  Organisational Survey dataset,26.19,28,49.09,Not Rated,22.22,26.98,47.62,Not Rated
def6669b-0fac-485c-84b2-2ea83ec31123,HUBS > BREATHE,UK Lung Volume Reduction Surgery,80.95,8,86.47,Gold,63.49,9.52,76.98,Silver
df63e893-f688-4bb4-956c-cc4354bb4001,HUBS > BREATHE,Klang Asthma Cohort,64.29,18,73.15,Bronze,47.62,23.81,61.91,Not Rated
dfb21b3b-7fd9-40c4-892e-810edd6dfc25,Oxford University Hospitals NHS Foundation Trust,Admitted Patient Care Dataset,16.67,34,41.34,Not Rated,14.29,33.33,40.48,Not Rated
e0c871f9-b63c-43a5-9fd6-e5731dae2343,ALLIANCE > GENOMICS ENGLAND,GENOMICS ENGLAND 100K PHE LINKED DATA,95.24,22,86.62,Gold,92.06,22.22,84.92,Silver
e0ed59e2-8fb5-44d4-b694-f31d46884954,ALLIANCE > SAIL,Brecon dataset,95.24,10,92.62,Gold,92.06,9.52,91.27,Gold
e10660af-b420-4e25-8fc9-ea451da1dcfb,ALLIANCE > HQIP,National Oesophago-Gastric Cancer Audit - clinical dataset,26.19,26,50.09,Not Rated,22.22,25.4,48.41,Not Rated
e38c8d6c-8655-4432-b654-23f89c0bb495,ALLIANCE > HQIP,National Joint Registry - Primary Ankle Replacement dataset,26.19,26,50.09,Not Rated,22.22,25.4,48.41,Not Rated
e432737f-43c0-43c1-aef5-71cb204d770c,ALLIANCE > CYSTIC FIBROSIS,Cystic Fibrosis Patient Tendon Rupture,95.24,20,87.62,Gold,92.06,26.98,82.54,Silver
e516a359-74a8-4932-b4df-f2cf75eef89d,HUBS > BREATHE,Unified Cohorts Research Network,28.57,26,51.28,Not Rated,23.81,26.98,48.41,Not Rated
e66b726f-8e58-4411-be32-1d00ba1df13f,ALLIANCE > CYSTIC FIBROSIS,Cystic Fibrosis Patient Sweat Tests,95.24,22,86.62,Gold,92.06,26.98,82.54,Silver
e678366e-bb53-4dbb-a228-05114e0b6eb3,ALLIANCE > TISSUE DIRECTORY,Biobank for patients with retinal degenerations & dystrophies,69.05,18,75.53,Bronze,53.97,19.05,67.46,Bronze
e7c99216-2d93-4cc5-96e8-36002aac80b1,ALLIANCE > SAIL,Lifelong Learning Wales Record (LLWR),73.81,24,74.91,Bronze,84.13,19.05,82.54,Silver
e85e5c8c-b6be-4e8b-8a0b-13b785b457a2,HUBS > DISCOVER NOW,North West London Community Data (NWL COM),92.86,18,87.43,Gold,88.89,20.63,84.13,Silver
e8f23004-f1f7-4a36-859f-25af6ca6433b,ALLIANCE > TISSUE DIRECTORY,University of Liverpool - GCP Laboratory Facility,69.05,18,75.53,Bronze,53.97,19.05,67.46,Bronze
e8f5b1b5-2c08-439a-b337-70b454aa40f3,ALLIANCE > DUNDEE,"NHS Tayside, A&E Drugs given during an A&E visit",16.67,32,42.34,Not Rated,14.29,30.16,42.06,Not Rated
e9d504fc-4b61-4419-a400-ffda998fc377,ALLIANCE > SCOTLAND,Scottish Immunisation Recall System (SIRS),61.9,16,72.95,Bronze,47.62,19.05,64.28,Not Rated
ea07f115-9f70-4c21-a373-247a1ca906f0,ALLIANCE > TISSUE DIRECTORY,Research Donors Ltd,76.19,22,77.09,Silver,60.32,22.22,69.05,Bronze
ea3f0b0e-d91a-479f-a44e-010d86ddaf3f,ALLIANCE > SAIL,COVID-19 Consolidated Deaths,92.86,14,89.43,Gold,90.48,15.87,87.31,Gold
eaca9ed1-30b6-4157-8894-8e53efc84849,Oxford University Hospitals NHS Foundation Trust,Sunquest,16.67,34,41.34,Not Rated,14.29,33.33,40.48,Not Rated
eb19fcd9-2e9e-4e27-aa79-ad235952b1ac,ALLIANCE > TISSUE DIRECTORY,Tommy's National Reproductive Health Biobank,71.43,16,77.72,Silver,57.14,17.46,69.84,Bronze
ec8e4933-2118-4366-a61a-090748e49be7,ALLIANCE > SAIL,Higher Education Statistics Agency (HESA) Student Data,88.1,18,85.05,Silver,87.3,19.05,84.12,Silver
ecbe7275-82b5-43cd-9401-fd7ef4b55341,ALLIANCE > GENOMICS ENGLAND,GENOMICS ENGLAND 100K QUICK VIEW,95.24,20,87.62,Gold,92.06,17.46,87.3,Gold
ecc4daf2-e58a-4ebc-9608-4bc741231fb9,HUBS > BREATHE,"Introducing pulse oximetry in IMNCI, primary health facilities in Pune India",59.52,18,70.76,Bronze,47.62,20.63,63.5,Not Rated
edaf29f4-9857-4bb0-97b9-ae88b70a2a3c,ALLIANCE > DUNDEE,Fife Microbiology: Isolations,16.67,32,42.34,Not Rated,14.29,30.16,42.06,Not Rated
edc8f0c6-64f8-4f6d-a1dd-41e05033d54e,HUBS > BREATHE,Its Not JUST Idiopathic pulmonary fibrosis Study (INJUSTIS),78.57,18,80.28,Silver,60.32,20.63,69.84,Bronze
ee5f4405-6930-4a7b-ba00-85a8e8c8a8b9,ALLIANCE > TISSUE DIRECTORY,QTL Programme at MRC HGU,71.43,18,76.72,Silver,57.14,19.05,69.05,Bronze
ee78ce42-7f1f-4c97-80cc-ea6ad628e5da,ALLIANCE > SAIL,National Survey for Wales,95.24,14,90.62,Gold,92.06,14.29,88.89,Gold
eea147a4-4576-4f86-8ad1-c762137335fd,ALLIANCE > TISSUE DIRECTORY,Manchester Cancer Research Centre (MCRC) Biobank,71.43,18,76.72,Silver,57.14,19.05,69.05,Bronze
eebb647a-63eb-4e62-b052-26cb2eb4799d,ALLIANCE > SAIL,Emergency Department Dataset Daily,95.24,12,91.62,Gold,92.06,12.7,89.68,Gold
ef42201e-deb1-4675-896a-8a0162fe52a8,ALLIANCE > CPRD,CPRD Aurum,83.33,24,79.66,Silver,82.54,22.22,80.16,Silver
efbb3bf4-834b-417e-b002-03fc41715e58,ALLIANCE > HQIP,National Cardiac Audit Programme - National Heart Failure Audit,26.19,28,49.09,Not Rated,22.22,28.57,46.83,Not Rated
eff41dbc-0ce4-4bfe-b51f-7b2753750332,HUBS > BREATHE,The Malaysian Asthma Hajj Study,57.14,16,70.57,Bronze,42.86,19.05,61.91,Not Rated
f075ceb7-5bed-4e6b-8e83-211aee945356,HUBS > PIONEER,Society for Acute Medicine Benchmarking Audit,26.19,30,48.09,Not Rated,22.22,30.16,46.03,Not Rated
f1a85970-bddc-499b-92e9-783706c60995,ALLIANCE > NIHR BIORESOURCE,SNP imputation data,23.81,30,46.91,Not Rated,20.63,30.16,45.23,Not Rated
f1a93b8f-6332-43a2-b2da-c86f68f7d24a,ALLIANCE > TISSUE DIRECTORY,Manchester Eye Tissue Repository,69.05,20,74.53,Bronze,53.97,20.63,66.67,Bronze
f1d3b068-7dd0-4a28-bd64-3519dd104eb6,ALLIANCE > NIHR BIORESOURCE,Case report form,88.1,30,79.05,Silver,85.71,31.75,76.98,Silver
f202a9da-f036-4e8c-a069-a20ff6c8a9e1,HUBS > PIONEER,PIONEER - Genomics Patients and related data,61.9,30,65.95,Not Rated,53.97,28.57,62.7,Not Rated
f3a53f7a-ea93-4b9e-bccd-afe762259044,ALLIANCE > CPRD,Practice postcode linked deprivation measures for CPRD Aurum,50,36,57,Not Rated,60.32,30.16,65.08,Not Rated
f3ade619-292e-4631-916a-9cd9d7938e48,ALLIANCE > LEICESTER,The Leicester City and County Chronic Kidney Disease Cohort,26.19,26,50.09,Not Rated,22.22,25.4,48.41,Not Rated
f3b4817a-7924-460c-a1c5-0b24acd81a7d,ALLIANCE > NHS DIGITAL,Pillar 2 - Covid-19 UK Non-hospital Antigen Testing Results,69.05,20,74.53,Bronze,76.19,14.29,80.95,Silver
f42b9fa6-adad-4637-943e-6fa7508559a3,ALLIANCE > TISSUE DIRECTORY,Bristol Biobank,69.05,20,74.53,Bronze,53.97,20.63,66.67,Bronze
f4915e4b-639c-45ae-9b0f-afab547e1104,ALLIANCE > HQIP,National Joint Registry - Primary Knee Replacement dataset,71.43,22,74.72,Bronze,55.56,25.4,65.08,Not Rated
f5b57b56-a4ed-46d4-825f-d181e8db809d,ALLIANCE > TISSUE DIRECTORY,Leeds NIHR Biomarker Research Tissue Bank,69.05,18,75.53,Bronze,53.97,19.05,67.46,Bronze
f5ed34fa-154a-4613-a253-277547cfd8ca,ALLIANCE > TISSUE DIRECTORY,Oxford Musculoskeletal Biobank,69.05,20,74.53,Bronze,53.97,20.63,66.67,Bronze
f621fcc9-e9ab-4da4-bd34-e4530d11b59d,ALLIANCE > TISSUE DIRECTORY,NIHR Exeter Clinical Research Facility,69.05,20,74.53,Bronze,53.97,20.63,66.67,Bronze
f69d1b15-a0b4-461a-8aff-dba56da0791f,ALLIANCE > HQIP,National Diabetes Inpatient Audit - Harms clinical dataset,26.19,26,50.09,Not Rated,22.22,25.4,48.41,Not Rated
f73627e3-bd7c-4be2-81b4-3baf846ab787,HUB > BREATHE,Developing and evaluating interventions to improve asthma care: HEAL ASTHMA,66.67,22,72.34,Bronze,49.21,26.98,61.11,Not Rated
f7c563c0-9625-47be-a070-c121fe734f3c,ALLIANCE > NIHR BIORESOURCE,SNP chip data,83.33,28,77.66,Silver,82.54,30.16,76.19,Silver
f806fe65-79aa-4843-bc56-a08bf14ffcec,ALLIANCE > HQIP,National Maternity and Perinatal Audit clinical audit,26.19,26,50.09,Not Rated,22.22,25.4,48.41,Not Rated
f82b8ca5-5a52-4502-bf78-cfbb718cbe2f,ALLIANCE > HQIP,"Maternal, Newborn and Infant Clinical Outcome Review Programme - perinatal surveillance dataset",26.19,28,49.09,Not Rated,22.22,26.98,47.62,Not Rated
f89af2f4-e3cd-4eaa-835d-94aa347d8a92,ALLIANCE > IMPERIAL COLLEGE LONDON,National Neonatal Research Database,90.48,12,89.24,Gold,88.89,12.7,88.09,Gold
f8bab14a-bc9b-4dd1-a6c6-c57588605849,ALLIANCE > BARTS,Maternity Services Dataset,16.67,34,41.34,Not Rated,14.29,33.33,40.48,Not Rated
f8f6e9ea-65c0-48a6-9beb-6de80bbbefda,ALLIANCE > TISSUE DIRECTORY,Multiple Sclerosis and Parkinson's Tissue Bank,69.05,18,75.53,Bronze,53.97,19.05,67.46,Bronze
f9a712ae-9d41-41a6-b2ca-3127441b03ac,ALLIANCE > TISSUE DIRECTORY,UCL / UCLH Biobank for Studying Health and Disease,71.43,16,77.72,Silver,57.14,17.46,69.84,Bronze
f9f3af0d-ca1c-4e8f-b5e8-20962e1e7b4e,ALLIANCE > TISSUE DIRECTORY,"St Thomas' Hospitals Plasma, serum & DNA Bio bank from patients with antiphospholipid antibodies",71.43,22,74.72,Bronze,57.14,22.22,67.46,Bronze
fac038e1-bd42-4df8-b68f-a827095b3784,ALLIANCE > HBS,Admissions & Discharges,73.81,24,74.91,Bronze,80.95,15.87,82.54,Silver
faf7ec31-999a-4d87-9d6d-8837ff2fa486,ALLIANCE > HQIP,National Cardiac Audit Programme - National Adult Cardiac Surgery Audit (NACSA),26.19,28,49.09,Not Rated,22.22,28.57,46.83,Not Rated
fb0e3d82-dcdb-4854-bdf5-99f03514a083,ALLIANCE > SCOTLAND,Outpatient Appointments and Attendances - Scottish Morbidity Record (SMR00),83.33,22,80.66,Silver,84.13,20.63,81.75,Silver
fc7b44f0-eb69-4257-8c07-7516c1210c46,Oxford University Hospitals NHS Foundation Trust,CellPath,16.67,34,41.34,Not Rated,14.29,33.33,40.48,Not Rated
fcee6c99-a4bd-44b8-a28e-dc63337ce216,ALLIANCE > TISSUE DIRECTORY,eLIXIR - Early Life Data Cross-Linkage in Research,71.43,18,76.72,Silver,57.14,19.05,69.05,Bronze
fe3c7527-e802-4a51-9aa2-19e7d4d22783,ALLIANCE > SAIL,National Exercise Referral Scheme,95.24,10,92.62,Gold,92.06,9.52,91.27,Gold
fe4662ad-9080-4bd8-8de4-51195d275d5b,ALLIANCE > HQIP,National Joint Registry - Primary Shoulder Replacement dataset,26.19,26,50.09,Not Rated,22.22,25.4,48.41,Not Rated
fe872375-2401-4de1-9650-d4139cf5793a,ALLIANCE > HQIP,National Paediatric Diabetes Audit - Parent and Patient Recorded Experience measures,26.19,30,48.09,Not Rated,22.22,30.16,46.03,Not Rated
fea0b4be-4097-4c2e-86f2-03dc1ee2877b,ALLIANCE > SAIL,Welsh Dispensing Dataset,92.86,12,90.43,Gold,92.06,7.94,92.06,Gold
ff2c6982-00f3-4483-9fc2-19b3a7211d8d,NHS Digital,Mental Health Minimum Dataset v4 (Non-Sensitive) Records,64.29,40,62.15,Not Rated,73.02,44.44,64.29,Not Rated
ffc34689-1a81-4f56-9c3f-e62b76d8445b,HUBS > BREATHE,Teleconsultation in remote rural India: management of COPD and Asthma,64.29,16,74.15,Bronze,49.21,19.05,65.08,Not Rated