quality_score,weighted_quality_score,quality_rating,weighted_completeness_percent,completeness_percent,id,weighted_quality_rating,publisher,weighted_error_percent,title,error_percent
49.09,46.83,Not Rated,22.22,26.19,004d1932-f06e-49d2-b87a-e5e4140ffbb3,Not Rated,ALLIANCE > NIHR BIORESOURCE,28.57,Metabolite data,28.0
78.09,86.5,Silver,85.71,76.19,007e20d2-f883-47c2-abdc-481b574382b2,Gold,ALLIANCE > SAIL,12.7,Careers Wales dataset,20.0
50.09,48.41,Not Rated,22.22,26.19,0092dc60-a0af-4d45-801c-b888210d6609,Not Rated,ALLIANCE > HQIP,25.4,National Joint Registry - Primary Elbow Replacement dataset,26.0
88.43,86.51,Gold,90.48,92.86,009417f0-232a-4ebc-b12c-59c5352a49d3,Gold,ALLIANCE > SAIL,17.46,Referral to Treatment Times,16.0
42.34,42.06,Not Rated,14.29,16.67,014bc853-1b27-4d97-9e5e-97fe28b84769,Not Rated,ALLIANCE > DUNDEE,30.16,Tayside Pathology,32.0
66.19,58.73,Bronze,39.68,52.38,0150353c-d33d-4af0-b177-8ef0adf867f4,Not Rated,HUB > BREATHE,22.22,Estimating Chronic Respiratory Disease burden in adults in Asian LMICs,20.0
49.09,46.83,Not Rated,22.22,26.19,0217114b-6847-4aae-9d76-4d52acea2bcc,Not Rated,ALLIANCE > HQIP,28.57,Paediatric Intensive Care Audit Network - core dataset (admission),28.0
70.53,73.02,Bronze,73.02,69.05,0266f904-b168-488a-a9e7-d318443584ef,Bronze,ALLIANCE > CPRD,26.98,HES Diagnostic Imaging Dataset for CPRD Aurum,28.0
73.53,78.57,Bronze,76.19,69.05,02961e24-4cb3-4cd3-90bd-4248a00391ce,Silver,HUBS > NHS DIGITRIALS,19.05,Hospital Episode Statistics Admitted Patient Care,22.0
41.34,40.48,Not Rated,14.29,16.67,0477b06f-cbed-4949-982e-ce248a47ed1a,Not Rated,Oxford University Hospitals NHS Foundation Trust,33.33,SOLUS,34.0
48.09,46.03,Not Rated,22.22,26.19,04b1648d-eeb7-4072-8dd2-806c3ae4e20d,Not Rated,ALLIANCE > HQIP,30.16,National Cardiac Audit Programme - Myocardial Ischaemia National Audit Project (MINAP),30.0
41.34,40.48,Not Rated,14.29,16.67,04f4604e-6d0b-4100-977b-59c3b69b0cfc,Not Rated,ALLIANCE > BARTS,33.33,Sectra PACS,34.0
75.53,67.46,Bronze,53.97,69.05,0534b41b-9877-4e30-b3ce-e604b29d4990,Bronze,ALLIANCE > TISSUE DIRECTORY,19.05,Infectious Diseases BioBank at King's College London,18.0
49.09,47.62,Not Rated,22.22,26.19,05ade19c-75f5-4623-ade6-99fb21c2d4e3,Not Rated,ALLIANCE > LEICESTER,26.98,The Primary-Secondary Care Partnership to Improve Outcomes in Chronic Kidney Disease,28.0
90.62,89.68,Gold,92.06,95.24,05fda11b-b66c-4cfa-a137-a6937401cdb5,Gold,ALLIANCE > SAIL,12.7,Maternity Indicators Dataset,14.0
68.38,60.32,Bronze,41.27,54.76,0692d86c-1f24-43a4-9508-005d00bd7259,Not Rated,HUBS > BREATHE,20.63,CuT-AsthMa: Culturally tailored school-based intervention for asthma in Malaysia,18.0
41.34,40.48,Not Rated,14.29,16.67,0711cc7e-80d5-4781-a1ab-2637ea176ceb,Not Rated,Oxford University Hospitals NHS Foundation Trust,33.33,Millennium Clinical Events,34.0
49.28,46.83,Not Rated,23.81,28.57,07188ee0-5d2d-492d-a1cc-32cbbbfbe63b,Not Rated,OTHER > Office of National Statistics,30.16,Labour Force Survey (Household),30.0
65.57,73.02,Not Rated,66.67,57.14,0756c167-e778-486f-9b96-94bd12af89cf,Bronze,ALLIANCE > NHS DIGITAL,20.63,Pillar 1 - England (Second Generation Surveillance Systems),26.0
41.34,40.48,Not Rated,14.29,16.67,07abf678-a2c0-4d8b-8d25-8b9f180f9ff2,Not Rated,ALLIANCE > NIHR BIORESOURCE,33.33,Returned datasets,34.0
49.09,46.83,Not Rated,22.22,26.19,09586db0-4da4-47f8-9434-13cbd2da2bb9,Not Rated,ALLIANCE > HQIP,28.57,Paediatric Intensive Care Audit Network - customised data collection,28.0
75.34,65.87,Bronze,50.79,66.67,0985f58b-87e0-42d2-9ee7-efd618abcd51,Not Rated,HUBS > BREATHE,19.05,Development of spirometry predictive values for Indian population,16.0
77.53,67.46,Silver,52.38,69.05,09e8e407-82b4-4ed4-b296-53810472cbe9,Bronze,HUBS > BREATHE,17.46,Reasons for delay in seeking care for pneumonia in children under five,14.0
49.09,46.83,Not Rated,22.22,26.19,0a418d30-c13c-404a-9f4c-39334d889b9c,Not Rated,ALLIANCE > HQIP,28.57,Paediatric Intensive Care Audit Network - core dataset (transport),28.0
75.53,67.46,Bronze,53.97,69.05,0a4f19cc-8565-410b-ac02-2751f5284a9b,Bronze,ALLIANCE > TISSUE DIRECTORY,19.05,Tayside Biorepository,18.0
88.43,85.72,Gold,88.89,92.86,0a524760-0efc-477e-8a3b-805e1a0f67ec,Silver,HUBS > DISCOVER NOW,17.46,North West London Accident and Emergency Data (NWL A&E),16.0
82.85,83.33,Silver,85.71,85.71,0b794715-53f3-422f-817a-92be3392c735,Silver,ALLIANCE > SCOTLAND,19.05,Prescribing Information System (PIS),20.0
48.09,46.03,Not Rated,22.22,26.19,0bb202c7-80e8-4532-8042-1351576e6c94,Not Rated,ALLIANCE > HQIP,30.16,National Asthma and COPD Audit Programme (NACAP): Pulmonary rehabilitation - clinical audit,30.0
56.81,53.17,Not Rated,41.27,47.62,0c98200b-48b5-418a-b8d0-a7708abc1f39,Not Rated,NHS Digital,34.92,Mental Health Services Data Set - Community,34.0
41.34,40.48,Not Rated,14.29,16.67,0cfe60cd-038d-4c03-9a95-894c52135922,Not Rated,ALLIANCE > BARTS,33.33,ARIA Dataset,34.0
75.34,65.87,Bronze,50.79,66.67,0d0ce21e-afc1-4d9f-bf54-e0545363a0cc,Not Rated,HUBS > BREATHE,19.05,Research on use of an online learning platform on under-five pneumonia,16.0
50.09,48.41,Not Rated,22.22,26.19,0d89c503-1c79-4e2a-baf6-02f12e68805b,Not Rated,ALLIANCE > HQIP,25.4,National Neonatal Audit Programme - clinical audit,26.0
76.72,69.05,Silver,57.14,71.43,0df3a0a9-d261-47ff-99e5-9c7e67410712,Bronze,ALLIANCE > TISSUE DIRECTORY,19.05,IMPORT HIGH trial blood samples,18.0
70.72,73.02,Bronze,74.6,71.43,0e59698c-1532-4155-ab0e-af11b3d9e7b1,Bronze,ALLIANCE > CPRD,28.57,HES Accident and Emergency data for CPRD Aurum,30.0
62.15,64.29,Not Rated,73.02,64.29,0e6e6ed5-ab81-4d7f-b06a-768bf33357ca,Not Rated,NHS Digital,44.44,Mental Health Minimum Dataset v4 (Sensitive) Episodes,40.0
68.38,60.32,Bronze,41.27,54.76,0e8546e9-c841-4a99-a3f8-bb9020c6782c,Not Rated,HUBS > BREATHE,20.63,Developing and Evaluating Interventions to Improve Asthma Care,18.0
90.62,89.68,Gold,92.06,95.24,0e88bc9d-bdfb-417c-8926-fdc513f5e8da,Gold,ALLIANCE > SAIL,12.7,National Community Child Health Database (NCCHD),14.0
90.62,88.09,Gold,92.06,95.24,0ecd2b01-88bd-41a2-82fd-8bb7544caecd,Gold,ALLIANCE > SAIL,15.87,COVID-19 Shielded People list,14.0
55.81,63.49,Not Rated,57.14,47.62,0fbd11c2-c44b-430f-b527-63cb82fcee63,Not Rated,ALLIANCE > CPRD,30.16,National Radiotherapy Dataset (RTDS) for CPRD Aurum,36.0
62.15,64.29,Not Rated,73.02,64.29,0fc61ace-397d-4489-9e62-77f88082e775,Not Rated,NHS Digital,44.44,Mental Health & Learning Disabilities Dataset v 1 (Non-Sensitive) Events,40.0
42.34,42.06,Not Rated,14.29,16.67,0ff88499-931b-4614-9f81-facf21f28174,Not Rated,ALLIANCE > DUNDEE,30.16,Tayside & Fife Diabetes – Summary and a range of diabetes related datasets.,32.0
87.62,82.54,Gold,92.06,95.24,1048c3d9-42f6-4950-89be-c51fe7421753,Silver,ALLIANCE > CYSTIC FIBROSIS,26.98,Cystic Fibrosis Patient Liver Enzyme,20.0
81.28,82.54,Silver,77.78,78.57,110008b0-4c70-4e84-bce0-189d3601e305,Silver,ALLIANCE > SCOTLAND,12.7,General Acute Inpatient and Day Case - Scottish Morbidity Record (SMR01),16.0
92.62,91.27,Gold,92.06,95.24,113b54b0-fee5-427a-b569-04e150c1f06d,Gold,ALLIANCE > SAIL,9.52,Cervical Screening Wales,10.0
50.09,48.41,Not Rated,22.22,26.19,11571357-b9fc-45ed-ab40-3bb3d7443245,Not Rated,ALLIANCE > HQIP,25.4,National Audit of Dementia Round 4 - carer experience survey,26.0
80.28,81.75,Silver,79.37,78.57,117aa9f5-db76-48f9-9dd2-19e2d00a1b45,Silver,ALLIANCE > SCOTLAND,15.87,Unscheduled Care Datamart,18.0
50.09,48.41,Not Rated,22.22,26.19,12690263-f5d3-435b-9582-de1a88064e1e,Not Rated,ALLIANCE > HQIP,25.4,National Vascular Registry Audit Carotid Lower Limb Amputation clinical dataset,26.0
50.09,48.41,Not Rated,22.22,26.19,12c5b83c-6e4a-442e-b6c2-2f6b7165fe6b,Not Rated,ALLIANCE > HQIP,25.4,National Joint Registry - Revision Hip Replacement dataset,26.0
82.47,83.33,Silver,80.95,80.95,12d23c2c-5f35-4f59-80e3-584636c7cacb,Silver,ALLIANCE > SCOTLAND,14.29,Child Health Systems Programme - First Visit,16.0
75.53,67.46,Bronze,53.97,69.05,13a931c1-18cf-4d60-be79-a527acb0a36d,Bronze,ALLIANCE > TISSUE DIRECTORY,19.05,Obesity Research Biobank Syndicate (ORBiS),18.0
90.62,89.68,Gold,92.06,95.24,13f9e94f-2190-44a6-9e6d-b08e95787b37,Gold,ALLIANCE > SAIL,12.7,COVID-19 Test results,14.0
73.34,80.95,Bronze,74.6,66.67,14190e64-8e48-41e7-94b1-fc7b2e42c599,Silver,ALLIANCE > NHS DIGITAL,12.7,Secondary Uses Services,20.0
75.53,67.46,Bronze,53.97,69.05,14855eb1-6563-4e56-89e5-aecd51f100ad,Bronze,ALLIANCE > TISSUE DIRECTORY,19.05,Watch and Wait Trial,18.0
49.09,46.83,Not Rated,22.22,26.19,148a3896-e4ed-48ef-8643-48df726041e1,Not Rated,ALLIANCE > HQIP,28.57,Paediatric Intensive Care Audit Network - core dataset (referral),28.0
86.62,84.92,Gold,92.06,95.24,15a7c12f-145c-46fc-acc9-c27e83ed2c4d,Silver,ALLIANCE > GENOMICS ENGLAND,22.22,GENOMICS ENGLAND 100K NHSD LINKED DATA,22.0
75.53,67.46,Bronze,53.97,69.05,16341d43-0e79-4afa-a84f-67db018e449f,Bronze,ALLIANCE > TISSUE DIRECTORY,19.05,INCA Trial,18.0
77.09,67.46,Silver,60.32,76.19,166c6c04-c4dd-4df7-977a-b375fda23134,Bronze,HUBS > PIONEER,25.4,PIONEER - COVID,22.0
92.43,92.06,Gold,90.48,92.86,1700f545-5f8b-48d5-bb07-da91da75dc88,Gold,ALLIANCE > SAIL,6.35,Cafcass Wales,8.0
41.34,40.48,Not Rated,14.29,16.67,172242ce-a1c5-4915-9c71-686f6e7d5789,Not Rated,Oxford University Hospitals NHS Foundation Trust,33.33,ARIA Medonc,34.0
76.72,69.05,Silver,57.14,71.43,179c21cd-41e0-489b-82c4-1bec011c562f,Bronze,ALLIANCE > TISSUE DIRECTORY,19.05,IDRIS Trial,18.0
57.0,65.08,Not Rated,60.32,50.0,1841e7c9-39e1-4eff-9d2f-da3dede71f86,Not Rated,ALLIANCE > CPRD,30.16,Rural-Urban classification for CPRD GOLD,36.0
76.34,65.08,Silver,49.21,66.67,184b973d-ac38-4fc5-8203-f2a244574b4f,Not Rated,HUBS > BREATHE,19.05,Asthma and COPD: practices and perceptions of GPs in rural India,14.0
49.09,47.62,Not Rated,22.22,26.19,18603ae7-a056-4fd6-a3e5-d32a2440dd26,Not Rated,ALLIANCE > HQIP,26.98,National Audit of Psychosis - Audit on Early Intervention in Psychosis services - case note audit,28.0
77.72,65.08,Silver,50.79,71.43,191c1e3f-4eff-41b9-bff1-c6510f7c6c3d,Not Rated,HUBS > BREATHE,20.63,Early Pandemic Evaluation and Enhanced Surveillance of COVID-19 (EAVE II),16.0
78.28,80.16,Silver,80.95,78.57,19f21b8f-6ae0-4cbd-a175-596b8476f69a,Silver,HUBS > NHS DIGITRIALS,20.63,National Diabetes Audit,22.0
48.09,46.03,Not Rated,22.22,26.19,1a0af437-ec80-4db7-9c76-a2418cc8c5c8,Not Rated,ALLIANCE > HQIP,30.16,National Asthma and COPD Audit Programme (NACAP): COPD secondary care clinical dataset,30.0
42.34,42.06,Not Rated,14.29,16.67,1aa60c9f-a458-454d-802a-e4c4628f3870,Not Rated,ALLIANCE > DUNDEE,30.16,NHS Tayside and Fife Accident & Emergency Dataset (ISD/National),32.0
67.19,59.53,Bronze,39.68,52.38,1b80d25c-4f0f-497b-8614-4d1a8c4d1cd3,Not Rated,HUBS > BREATHE,20.63,Air Quality Study: An ecological analysis of asthma health outcomes in Malaysia,18.0
74.72,66.66,Bronze,57.14,71.43,1bb2c353-8d91-4989-a21b-26182262b807,Bronze,ALLIANCE > TISSUE DIRECTORY,23.81,DARWIN1 Trial,22.0
74.53,66.67,Bronze,53.97,69.05,1c17f45b-ba0f-4e97-a0f0-34a600844d4f,Bronze,ALLIANCE > TISSUE DIRECTORY,20.63,NICAM: Nilotinib treatment for c-KIT mutated advanced AMM,20.0
75.53,66.67,Bronze,53.97,69.05,1cb31e11-505b-4ff6-ae20-5c468c9ad296,Bronze,ALLIANCE > TISSUE DIRECTORY,20.63,HPB Biobank,18.0
49.09,46.83,Not Rated,22.22,26.19,1d1244b6-aeeb-4655-b5a2-2357ed28227a,Not Rated,HUBS > PIONEER,28.57,University Hospitals Birmingham PICS data,28.0
75.53,67.46,Bronze,53.97,69.05,1d2a94c4-b18d-47c4-9b48-cfab8e67f126,Bronze,ALLIANCE > TISSUE DIRECTORY,19.05,National Diet and Nutrition Survey (NDNS),18.0
89.43,88.89,Gold,90.48,92.86,1d2e3cc0-4f55-47de-9e19-98a1667cf6af,Gold,ALLIANCE > SAIL,12.7,Care Home Dataset,14.0
56.81,53.17,Not Rated,41.27,47.62,1d5e3b05-8ce3-4f80-ae3a-f6031ad8cf69,Not Rated,NHS Digital,34.92,Mental Health Services Data Set - Service Users,34.0
72.53,77.78,Bronze,79.37,69.05,1d789e6f-a32e-44c9-9f18-15517b021015,Silver,ALLIANCE > SAIL,23.81,UK Cystic Fibrosis Registry (CYFI),24.0
48.09,46.03,Not Rated,22.22,26.19,1da704e3-f5ee-4614-8880-10541637a0b7,Not Rated,ALLIANCE > HQIP,30.16,National Cardiac Audit Programme - National Audit of Percutaneous Coronary Interventions (PCI),30.0
76.09,83.33,Silver,84.13,76.19,1e8d84b7-e9e2-4e03-8c53-025719f53746,Silver,OTHER > Office of National Statistics,17.46,Census 2011 E&W - Household structure for COVID-19 models,24.0
86.62,83.33,Gold,92.06,95.24,1f55cfcc-1c5d-44e3-9d60-3bedeb033f0a,Silver,ALLIANCE > CYSTIC FIBROSIS,25.4,Cystic Fibrosis Patient Demographics,22.0
75.53,67.46,Bronze,53.97,69.05,201602df-7432-4710-98a7-18f59e4f211e,Bronze,ALLIANCE > TISSUE DIRECTORY,19.05,University of Southampton Faculty of Medicine Tissue Bank,18.0
75.91,67.46,Bronze,57.14,73.81,209f42a8-4581-49e1-a0c2-25069a37f230,Bronze,ALLIANCE > TISSUE DIRECTORY,22.22,RIO,22.0
74.53,66.67,Bronze,53.97,69.05,20c2a274-843c-43fa-9b76-38ef2f8a3d64,Bronze,ALLIANCE > TISSUE DIRECTORY,20.63,TNT: Triple Negative breast cancer Trial,20.0
51.48,48.42,Not Rated,25.4,30.95,212d5331-3681-4477-97f6-0e1cee562cd6,Not Rated,OTHER > Office of National Statistics,28.57,Labour Force Survey (Longitudinal),28.0
72.47,61.11,Bronze,63.49,80.95,21cd4b8e-f4f5-44a6-83eb-b7799e98ba55,Not Rated,SLaM,41.27,South London and Maudsley NHS Foundation Trust (SLaM) Clinical Record Interactive Search (CRIS) platform,36.0
87.43,84.13,Gold,88.89,92.86,21d58202-15a2-4ec8-9f36-3080de3905a5,Silver,HUBS > DISCOVER NOW,20.63,North West London Mental Health Data (NWL MH),18.0
41.34,40.48,Not Rated,14.29,16.67,226fb3f1-4471-400a-8c39-2b66d46a39b6,Not Rated,Barts Health NHS Trust,33.33,Emergency Care Dataset (ECDS),34.0
88.43,85.72,Gold,88.89,92.86,22a99111-46ad-4d3f-a2d5-09351e851350,Silver,HUBS > DISCOVER NOW,17.46,North West London Pathology (NWL PATH),16.0
87.62,82.54,Gold,92.06,95.24,22fe7168-89af-4d93-89c8-afa03cf2031a,Silver,ALLIANCE > CYSTIC FIBROSIS,26.98,Cystic Fibrosis Patient Chronic Medication,20.0
92.43,92.06,Gold,90.48,92.86,23306c88-ecb0-4955-99d4-c5d20e84cebf,Gold,ALLIANCE > SAIL,6.35,Cafcass England,8.0
50.09,48.41,Not Rated,22.22,26.19,23330792-fe18-4331-a101-b246657a03ae,Not Rated,ALLIANCE > HQIP,25.4,National Joint Registry - Revision Knee Replacement dataset,26.0
75.53,67.46,Bronze,53.97,69.05,236108a2-5e2c-4acb-86e7-6ec793aef8ab,Bronze,ALLIANCE > TISSUE DIRECTORY,19.05,Human Biomaterials Resource Centre,18.0
48.09,46.03,Not Rated,22.22,26.19,237e724d-03b2-478c-a92d-85a1baa6ae53,Not Rated,ALLIANCE > HQIP,30.16,Falls and Fragility Fracture Audit Programme Fracture Liaison Service Database clinical dataset,30.0
85.47,75.39,Silver,63.49,80.95,24b82645-1854-438a-97b2-911bba469d3d,Bronze,HUBS > BREATHE,12.7,Idiopathic Pulmonary Fibrosis (IPF) Genome-wide Association Study,10.0
76.34,66.66,Silver,50.79,66.67,2542abf8-e50b-4962-9fa1-6dba1b7e8439,Bronze,HUBS > BREATHE,17.46,mHealth for pneumonia prevention,14.0
62.15,64.29,Not Rated,73.02,64.29,263ad0a8-ae90-4c1d-85d6-c3d2470eb2b7,Not Rated,NHS Digital,44.44,Mental Health Minimum Dataset v4 (Non-Sensitive) Episodes,40.0
62.15,64.29,Not Rated,73.02,64.29,263f28a4-9835-4856-b1c3-0a0d4085f207,Not Rated,NHS Digital,44.44,Mental Health Minimum Dataset v2.6 (Sensitive),40.0
43.52,42.06,Not Rated,15.87,19.05,2684706f-1d43-4263-99b7-b54279614c76,Not Rated,ALLIANCE > BARTS,31.75,CDE Patient Demographics,32.0
48.09,46.03,Not Rated,22.22,26.19,278c3fb2-6b1e-46db-a529-9fc7ddaf4461,Not Rated,ALLIANCE > HQIP,30.16,National Asthma and COPD Audit Programme (NACAP): secondary care workstream – children and young people asthma (clinical),30.0
89.62,86.5,Gold,92.06,95.24,27910ce4-f74f-4fab-8649-19d5ec292ad8,Gold,ALLIANCE > CYSTIC FIBROSIS,19.05,Cystic Fibrosis Patient Annual Review Encounters,16.0
75.09,80.95,Bronze,84.13,76.19,28393252-4287-4be6-8b2a-591622ad6c29,Silver,OTHER > Office of National Statistics,22.22,Linked Census and death occurrences,26.0
74.53,66.67,Bronze,53.97,69.05,2a5d2a42-803c-4c96-bcd6-a4289d2b664a,Bronze,ALLIANCE > TISSUE DIRECTORY,20.63,IoN Trial,20.0
62.15,64.29,Not Rated,73.02,64.29,2a725f9d-c4a9-4c89-aa37-b3c25cc83389,Not Rated,NHS Digital,44.44,Mental Health & Learning Disabilities Dataset v 1 (Sensitive) Records,40.0
74.53,66.67,Bronze,53.97,69.05,2aa58bb8-83d8-455a-87e6-d567ae4a379c,Bronze,ALLIANCE > TISSUE DIRECTORY,20.63,ESPAC-TPlus,20.0
74.15,65.87,Bronze,50.79,64.29,2b06afa3-dfc7-424b-8b9a-9325df6cfc19,Not Rated,ALLIANCE > SCOTLAND,19.05,Scottish Stillbirth and Infant Death Survey,16.0
88.43,86.51,Gold,90.48,92.86,2b09ea87-5b22-4049-b7dd-de0889699115,Gold,ALLIANCE > SAIL,17.46,Millennium Cohort Study,16.0
74.53,65.88,Bronze,53.97,69.05,2b198886-ccab-4276-b6b9-22c344df8304,Not Rated,ALLIANCE > TISSUE DIRECTORY,22.22,NIHR Nottingham Digestive Diseases Collection,20.0
76.72,69.05,Silver,57.14,71.43,2bf53952-e77c-4746-b36f-5ccb1574f6a7,Bronze,ALLIANCE > TISSUE DIRECTORY,19.05,BRAIN UK,18.0
50.09,48.41,Not Rated,22.22,26.19,2c0e04bc-2f16-4903-90dc-c9d57ab40efb,Not Rated,ALLIANCE > HQIP,25.4,National Joint Registry - Revision Ankle Replacement dataset,26.0
50.09,48.41,Not Rated,22.22,26.19,2c53d1f7-4540-4c57-8e93-8115b8abc6a9,Not Rated,ALLIANCE > HQIP,25.4,National Diabetes Inpatient Audit Hospital Characteristics Survey dataset,26.0
92.62,91.27,Gold,92.06,95.24,2c764139-22a3-4db9-89ee-583fdb9d9396,Gold,ALLIANCE > SAIL,9.52,Bowel Screening Wales,10.0
57.0,65.08,Not Rated,60.32,50.0,2d23ad3c-0541-453c-8bf7-9dc42e1aba65,Not Rated,ALLIANCE > CPRD,30.16,Rural-Urban classification for CPRD Aurum,36.0
55.0,61.91,Not Rated,60.32,50.0,2d3302d1-b6fc-4883-8168-010da0d48638,Not Rated,ALLIANCE > CPRD,36.51,Quality of Life of Cancer Survivors in England: Pilot Patient Reported Outcomes Measures Survey (2011) for CPRD Aurum,40.0
48.09,46.03,Not Rated,22.22,26.19,2dbd2e38-a4bb-4f8c-b401-ebec10f0d89e,Not Rated,ALLIANCE > HQIP,30.16,Falls and Fragility Fracture Audit Programme National Hip Database Facilities Survey 2019,30.0
70.76,63.5,Bronze,47.62,59.52,2dc79612-0e0d-4336-aaa1-6abd90d28589,Not Rated,HUBS > BREATHE,20.63,"4 Country ChrOnic: estimating respiratory disease burden in adults, South India",18.0
76.72,69.05,Silver,57.14,71.43,2e20b776-a0bc-44ed-9882-ad63855a0ec4,Bronze,ALLIANCE > TISSUE DIRECTORY,19.05,NHS Greater Glasgow & Clyde Bio-Repository,18.0
69.95,66.67,Bronze,52.38,61.9,2e7fe631-6d25-44b5-bfd4-92d34bfb8145,Bronze,Office of National Statistics > Office of National Statistics,19.05,Coronavirus and the social impacts on Great Britain,22.0
55.0,60.32,Not Rated,60.32,50.0,2e8cc70b-bd57-4b64-bd12-fbc07e0f240f,Not Rated,ALLIANCE > CPRD,39.68,Mental Health Dataset (MHDS) for CPRD Aurum,40.0
75.53,67.46,Bronze,53.97,69.05,2f57c592-c65c-4d1c-b92d-d19d2a11c02e,Bronze,ALLIANCE > TISSUE DIRECTORY,19.05,BioDock,18.0
65.0,61.11,Not Rated,41.27,50.0,301233da-53f8-4cea-8f74-4d4aa8d8c42c,Not Rated,ALLIANCE > GENERATION SCOTLAND,19.05,Generation Scotland: Scottish Family Health Study,20.0
50.09,48.41,Not Rated,22.22,26.19,304430ff-0aff-4d36-91e5-94be251a409a,Not Rated,ALLIANCE > HQIP,25.4,National Audit of Dementia Round 4 - casenote audit,26.0
76.72,69.05,Silver,57.14,71.43,319a2a77-3f4d-497e-bc3e-33002f316cae,Bronze,ALLIANCE > TISSUE DIRECTORY,19.05,PHOTO Translational bladder cancer biorepository,18.0
57.0,60.31,Not Rated,58.73,50.0,31e377bf-7c6c-4bc0-95f4-a4626cfa5807,Not Rated,ALLIANCE > NHS Scotland,38.1,RAPID (Hospital Stay Level Data),36.0
75.53,67.46,Bronze,53.97,69.05,32b5d90f-6bad-40f8-96d7-69b11df6d5ff,Bronze,ALLIANCE > TISSUE DIRECTORY,19.05,LBIH Biobank,18.0
90.62,87.3,Gold,92.06,95.24,32f616fb-af37-46b5-9473-7a3460656bdf,Gold,ALLIANCE > SAIL,17.46,Education - Wales,14.0
75.72,83.34,Bronze,77.78,71.43,33f2e9dd-9019-4e8b-9c0e-bbc6a8dc9d81,Silver,ALLIANCE > NHS DIGITAL,11.11,Medicines dispensed in Primary Care (NHSBSA data),20.0
78.09,69.84,Silver,60.32,76.19,342bef6e-8fa2-49f0-bdbb-c95d866aa145,Bronze,ALLIANCE > TISSUE DIRECTORY,20.63,Scottish Human Papillomavirus Archive,20.0
75.53,67.46,Bronze,53.97,69.05,355de4ca-1ce9-4ba4-8e07-2d51bb82bfbf,Bronze,ALLIANCE > TISSUE DIRECTORY,19.05,Human Developmental Biology Resource (HDBR),18.0
62.15,64.29,Not Rated,73.02,64.29,36047c5f-7d57-4d25-a114-2bcc6c11708f,Not Rated,NHS Digital,44.44,Mental Health Minimum Dataset v3_3.5 (Sensitive),40.0
75.53,67.46,Bronze,53.97,69.05,3784d68e-d213-43a7-bf30-8f4d34de022c,Bronze,ALLIANCE > TISSUE DIRECTORY,19.05,NIMRAD-TRANS,18.0
68.19,61.11,Bronze,41.27,52.38,37eb2884-d7df-489f-a3ad-f02f1e510475,Not Rated,HUBS > BREATHE,19.05,Exploring psychological issues of primary care teams in Malaysia amidst COVID-19,16.0
75.53,67.46,Bronze,53.97,69.05,37fe2488-f4c3-4471-a1e0-7d4a4204f063,Bronze,ALLIANCE > TISSUE DIRECTORY,19.05,"Leeds Dental Institute/School of Dentistry Leeds, Skeletal Tissues Bank",18.0
87.43,84.13,Gold,88.89,92.86,3932ee85-69cb-414a-b4a0-b763010d90a5,Silver,HUBS > DISCOVER NOW,20.63,North West London High Cost Drugs Data (NWL HCD),18.0
64.15,67.46,Not Rated,73.02,64.29,3935e2fd-0c30-4f56-8388-45a02e0499b4,Bronze,NHS Digital,38.1,Bridge file: Hospital Episode Statistics to Diagnostic Imaging Dataset,36.0
86.24,84.92,Gold,88.89,90.48,393b666c-157b-4fee-afde-61ff93948f27,Silver,ALLIANCE > SAIL,19.05,Diagnostic and Therapy Services Waiting Times,18.0
55.81,63.49,Not Rated,57.14,47.62,3943e6de-6c32-43dd-8090-16ec9ca0902f,Not Rated,ALLIANCE > CPRD,30.16,National Radiotherapy Dataset (RTDS) for CPRD GOLD,36.0
49.09,46.83,Not Rated,22.22,26.19,395262e7-9846-4d9d-a288-8b0ebea782b9,Not Rated,ALLIANCE > HQIP,28.57,National Cardiac Audit Programme - Cardiac Rhythm Management (CRM),28.0
84.43,81.75,Silver,88.89,92.86,395d4311-da00-49a4-b78e-5387c961d803,Silver,HUBS > DATA-CAN,25.4,Children’s Kidney Cancers - Great Ormond Street Hospital,24.0
75.72,68.25,Bronze,57.14,71.43,3983f3ec-ce63-4142-b73e-93130654710b,Bronze,ALLIANCE > TISSUE DIRECTORY,20.63,The Cleft Collective,20.0
75.72,68.25,Bronze,57.14,71.43,3a0599ed-5452-4299-956c-af5a30bbef23,Bronze,ALLIANCE > TISSUE DIRECTORY,20.63,PHOENIX DDR-Anti-PD-L1 Trial,20.0
74.53,66.67,Bronze,53.97,69.05,3a23e7dc-d814-4772-a6f8-a814c8e0128b,Bronze,ALLIANCE > TISSUE DIRECTORY,20.63,SWIFT-RTB,20.0
50.09,48.41,Not Rated,22.22,26.19,3a51b861-026d-45ed-abe6-30d9cc07b516,Not Rated,ALLIANCE > HQIP,25.4,Epilepsy 12 - clinical audit,26.0
48.09,46.03,Not Rated,22.22,26.19,3a9ab245-5fcc-49a0-ae58-12ebab9b0053,Not Rated,ALLIANCE > HQIP,30.16,National Paediatric Diabetes Audit - Spotlight survey of workforce in Paediatric Diabetes Units,30.0
75.15,66.66,Bronze,50.79,64.29,3aa01779-831e-478f-b4e3-7c111d642b18,Bronze,HUBS > BREATHE,17.46,COVID-19 Detection from Chest X-Rays using Deep Learning,14.0
90.43,89.69,Gold,90.48,92.86,3b3d9ab1-e896-4ccc-a679-2414ced68590,Gold,ALLIANCE > SAIL,11.11,Welsh Ambulance Services NHS Trust,12.0
90.62,89.68,Gold,92.06,95.24,3bd6cd26-edc2-420a-86c5-f3e05606edfd,Gold,ALLIANCE > SAIL,12.7,GP dataset - Welsh Primary Care,14.0
92.62,91.27,Gold,92.06,95.24,3c430204-f632-4add-9fcb-f0ff88caea13,Gold,ALLIANCE > SAIL,9.52,Congenital Anomaly Register and Information Service,10.0
41.34,40.48,Not Rated,14.29,16.67,3cd53c68-7e56-4c3e-b7c2-bd7e18040ec5,Not Rated,ALLIANCE > BARTS,33.33,"Problems, Diagnosis and Procedures",34.0
42.34,42.06,Not Rated,14.29,16.67,3d42b7e1-89b0-4bef-9e42-18edc328f28f,Not Rated,ALLIANCE > DUNDEE,30.16,Renal Register – ISD National dataset,32.0
49.09,47.62,Not Rated,22.22,26.19,3e89692b-7aa2-49d6-b802-82921bd7e006,Not Rated,ALLIANCE > HQIP,26.98,National Clinical Audit of Anxiety and Depression - spotlight audit on psychological therapies (patient experience survey),28.0
87.62,85.72,Gold,92.06,95.24,3ee52adc-b97e-4f7b-a251-a1c9841a380c,Silver,HUBS > BREATHE,20.63,"Extended Cohort for E-health, Environment and DNA (EXCEED)",20.0
49.09,46.83,Not Rated,22.22,26.19,3f299029-3126-4ce0-893c-4a759cbe90b1,Not Rated,ALLIANCE > HQIP,28.57,National Emergency Laparotomy Audit - Patient Audit Dataset,28.0
42.34,42.06,Not Rated,14.29,16.67,3fd5f728-fdb4-4ce2-86ec-f626787d455c,Not Rated,ALLIANCE > DUNDEE,30.16,Walker Study Data,32.0
41.34,40.48,Not Rated,14.29,16.67,40573895-497b-4d47-90e1-6aafe70b93f6,Not Rated,Oxford University Hospitals NHS Foundation Trust,33.33,Endobase,34.0
76.72,69.05,Silver,57.14,71.43,406e7ae7-554b-4807-b3a5-a4d81316cf9c,Bronze,ALLIANCE > TISSUE DIRECTORY,19.05,Bloodwise Childhood Leukaemia Cell Bank,18.0
88.43,87.3,Gold,88.89,92.86,41a7adba-8771-46e2-8083-047d6a4cb877,Gold,HUBS > DISCOVER NOW,14.29,North West London Outpatient Care Data (NWL OP),16.0
62.95,67.46,Not Rated,69.84,61.9,4262e057-6978-4e4c-a05d-c4f328422090,Bronze,NHS Digital,34.92,Mental Health and Learning Disabilities Data Set,36.0
50.09,48.41,Not Rated,22.22,26.19,4271bc64-b139-40b0-98de-5f2e94e2d026,Not Rated,ALLIANCE > HQIP,25.4,National Neonatal Audit Programme - 2 year outcomes audit,26.0
65.95,68.25,Not Rated,66.67,61.9,42780b16-32e3-442e-92cd-1810bf30dab8,Bronze,ALLIANCE > CPRD,30.16,HES Patient Reported Outcomes Measures (PROMs) data for CPRD Aurum,30.0
48.09,46.03,Not Rated,22.22,26.19,430331ef-fa66-485b-b090-e4e83def9136,Not Rated,ALLIANCE > HQIP,30.16,Falls and Fragility Fracture Audit Programme National Audit of Inpatient Falls clinical dataset,30.0
55.05,53.96,Not Rated,33.33,38.1,436029e7-febe-44d6-9cea-1ab9ef9174a1,Not Rated,HUB > HUBS > PIONEER,25.4,PIONEER - COVID ACUITY,28.0
80.66,81.75,Silver,84.13,83.33,4481aab8-9b4f-43dd-9cd4-1e427561a2a5,Silver,ALLIANCE > SCOTLAND,20.63,Scottish Cancer Registry (SMR06),22.0
62.15,64.29,Not Rated,73.02,64.29,46493a09-b3bb-4c0e-b944-82665ee21508,Not Rated,NHS Digital,44.44,Mental Health Minimum Dataset v4 (Sensitive) Events,40.0
42.34,42.06,Not Rated,14.29,16.67,464b06d6-239a-4c6d-a626-242ba7e79e05,Not Rated,ALLIANCE > DUNDEE,30.16,Deaths General Registrar Office – National Records Scotland,32.0
91.62,90.47,Gold,92.06,95.24,46568011-ae01-4e3a-9ef7-187606316668,Gold,ALLIANCE > SAIL,11.11,Welsh Demographic Service (WDS),12.0
73.15,65.08,Bronze,50.79,64.29,4660884b-e40a-4251-ad19-40872641fa8c,Not Rated,ALLIANCE > SCOTLAND,20.63,Child Health Systems Programme - School,18.0
50.09,48.41,Not Rated,22.22,26.19,4678a81d-dfb6-478a-a373-d5510866b3d0,Not Rated,ALLIANCE > HQIP,25.4,National Vascular Registry - Organisational Audit dataset,26.0
48.09,46.03,Not Rated,22.22,26.19,46e4c3ba-dae2-453d-832a-88ea603110f1,Not Rated,ALLIANCE > HQIP,30.16,National Cardiac Audit Programme - National Congenital Heart Disease Audit (NCHDA),30.0
87.24,87.3,Gold,88.89,90.48,47108b03-ca80-4311-8090-f474bd880e87,Gold,ALLIANCE > SAIL,14.29,Healthcare Workers Risk Assessment,16.0
50.09,48.41,Not Rated,22.22,26.19,47bec08b-57b7-450e-9be7-af19bab99b58,Not Rated,ALLIANCE > HQIP,25.4,National Vascular Registry Audit - Lower Limb Bypass clinical dataset,26.0
72.95,63.5,Bronze,47.62,61.9,47e9fa0a-d74f-43bc-ae63-0eb33f354f01,Not Rated,HUBS > BREATHE,20.63,Theory of Planned Behaviour Intervention: respiratory disease in South India,16.0
86.62,83.33,Gold,92.06,95.24,49dc6bfb-37f7-4f18-92e7-1a06ab80633e,Silver,HUBS > DATA-CAN,25.4,Comprehensive Patient Records for Cancer Outcomes,22.0
42.34,42.06,Not Rated,14.29,16.67,4a295c54-ccbb-4aef-9ea9-8fc46749b123,Not Rated,ALLIANCE > DUNDEE,30.16,Tayside Microbiology: Isolations,32.0
48.09,46.03,Not Rated,22.22,26.19,4b71fca4-8b2c-4e37-8996-b64a9c1450f0,Not Rated,ALLIANCE > HQIP,30.16,National Paediatric Diabetes Audit - Spotlight survey of diabetes-related technologies,30.0
61.95,65.87,Not Rated,69.84,61.9,4bb4bf38-870b-47e5-b5d1-dc75b3d4ea6a,Not Rated,NHS Digital,38.1,Emergency Care Data Set (ECDS),38.0
73.15,65.08,Bronze,50.79,64.29,4c1f6594-9ade-4e24-8e44-af9ecb73e231,Not Rated,ALLIANCE > SCOTLAND,20.63,Scottish Birth Record (SBR),18.0
76.53,68.25,Silver,53.97,69.05,4cfabd2a-e590-4f63-82f5-6d543b0075cf,Bronze,ALLIANCE > TISSUE DIRECTORY,17.46,VinCaP,16.0
75.53,67.46,Bronze,53.97,69.05,4d95d730-a53a-4856-a278-b2fba96657c4,Bronze,ALLIANCE > TISSUE DIRECTORY,19.05,Myeloma XII clinical trial samples,18.0
82.43,78.58,Silver,90.48,92.86,4f210cfb-8d0a-4fc9-9ce0-91ba1ee0dc79,Silver,ALLIANCE > PUBLIC HEALTH ENGLAND,33.33,National Cancer Registration and Analysis Service,28.0
79.09,80.16,Silver,76.19,76.19,4f721a52-b3cd-4594-9099-5185f80832c7,Silver,ALLIANCE > SCOTLAND,15.87,Child Health Systems Programme - 27-30Months Review,18.0
70.95,62.7,Bronze,46.03,61.9,505318b6-609c-4baf-9dea-2e3532f936f8,Not Rated,HUBS > BREATHE,20.63,COPDMAP Consortium,20.0
49.09,47.62,Not Rated,22.22,26.19,50631db6-126e-4b3a-8035-444b66ba4afa,Not Rated,ALLIANCE > HQIP,26.98,National Audit of Psychosis - Audit on Early Intervention in Psychosis services -  patient experience survey,28.0
89.62,87.3,Gold,92.06,95.24,50d07fb3-4d8e-413d-9958-434838daea4d,Gold,ALLIANCE > SAIL,17.46,Emergency Department Data Set,16.0
80.47,70.64,Silver,63.49,80.95,50feb9f3-3be8-4690-913b-bd462d27d3db,Bronze,HUBS > BREATHE,22.22,Prospective Observation of Fibrosis in the Lung Clinical Endpoints,20.0
41.34,40.48,Not Rated,14.29,16.67,510e1782-1650-4342-9c20-185ca47f7b11,Not Rated,Oxford University Hospitals NHS Foundation Trust,33.33,Outpatient Appointment Dataset,34.0
71.95,66.66,Bronze,50.79,61.9,5138fa73-6695-413d-9d03-a40ecad98fb5,Bronze,HUBS > BREATHE,17.46,Leicester Respiratory Research Database,18.0
42.34,42.06,Not Rated,14.29,16.67,514018c0-86e8-4998-8460-bb99912281ae,Not Rated,ALLIANCE > DUNDEE,30.16,Demography,32.0
48.28,46.03,Not Rated,23.81,28.57,52a4c514-0414-43c7-a400-1498a70ed85a,Not Rated,HUBS > BREATHE,31.75,International Severe Asthma Registry,32.0
90.62,88.89,Gold,92.06,95.24,5343bac9-244f-4211-8c9a-d9c29c79b4f3,Gold,ALLIANCE > SAIL,14.29,Children Receiving Care and Support Census,14.0
50.09,48.41,Not Rated,22.22,26.19,535fbfd4-34f0-436d-8de2-e708fd0fa103,Not Rated,ALLIANCE > HQIP,25.4,National Audit of Care at the End of Life - organisational level audit,26.0
80.47,86.51,Silver,88.89,80.95,54102beb-f0f0-4352-9127-68091cb7f561,Gold,ALLIANCE > SAIL,15.87,School Workforce Annual Census (SWAC),20.0
50.09,48.41,Not Rated,22.22,26.19,5536b00a-fb31-4e91-9bd8-e7f774974846,Not Rated,ALLIANCE > HQIP,25.4,National Vascular Registry - Lower Limb Angioplasty clinical dataset,26.0
87.43,84.13,Gold,88.89,92.86,5546a711-109e-440c-815c-1d27a596a625,Silver,HUBS > DISCOVER NOW,20.63,North West London population data (NWL POP),18.0
92.62,91.27,Gold,92.06,95.24,5547f46f-75b7-4338-89bb-29c361187d28,Gold,ALLIANCE > SAIL,9.52,Breast Test Wales,10.0
74.28,79.36,Bronze,85.71,78.57,561b49f3-0941-4839-838c-9359fa69d48e,Silver,HUB > PIONEER,26.98,Acute care patients within the 100K Genome project,30.0
73.95,64.28,Bronze,47.62,61.9,561b8a79-6bac-4ffc-91f4-0bbec4e90968,Not Rated,HUBS > BREATHE,19.05,Care-seeking practices for childhood pneumonia in non/tribal areas of Pune India,14.0
76.53,68.25,Silver,53.97,69.05,5758964b-1161-48ee-97b5-1e414f406978,Bronze,ALLIANCE > TISSUE DIRECTORY,17.46,Cardiff School of Dentistry Tooth Bank,16.0
75.53,67.46,Bronze,53.97,69.05,57f5eb44-bd9b-4ec5-b255-fe915ff74ab5,Bronze,ALLIANCE > TISSUE DIRECTORY,19.05,Cardamon Clinical Trial Samples,18.0
75.53,67.46,Bronze,53.97,69.05,593a5263-e2b5-4433-81c1-30b35a520488,Bronze,ALLIANCE > TISSUE DIRECTORY,19.05,King's Health Partners Cancer Biobank,18.0
93.62,92.86,Gold,92.06,95.24,599b721f-054b-4b4d-b447-5dee7797ab58,Gold,ALLIANCE > SAIL,6.35,Looked After Children Wales,8.0
72.53,80.95,Bronze,77.78,69.05,59ad4112-1405-4414-961f-27325ab4c8e8,Silver,ALLIANCE > HBS,15.87,Enhanced Prescribing Database,24.0
49.09,47.62,Not Rated,22.22,26.19,59bc96f9-69b7-4763-81a8-ec4695b6b55e,Not Rated,ALLIANCE > HQIP,26.98,National Clinical Audit of Anxiety and Depression - spotlight audit on psychological therapies (therapist survey),28.0
68.76,67.46,Bronze,52.38,59.52,5a2b59f8-e20d-4ff4-b209-4710f7aca970,Bronze,OTHER > Office of National Statistics,17.46,Death registration data - Provisional Monthly Extracts,22.0
75.53,67.46,Bronze,53.97,69.05,5ad32bfa-8d4b-45cb-aa10-3b0a4bcfd258,Bronze,ALLIANCE > TISSUE DIRECTORY,19.05,MesobanK,18.0
42.34,42.06,Not Rated,14.29,16.67,5c01bfbe-5bda-4ff9-b565-d18e6e5d57d8,Not Rated,ALLIANCE > DUNDEE,30.16,"Deaths – CHI, Community Health Index",32.0
42.34,42.06,Not Rated,14.29,16.67,5c56cfb6-46bb-4414-a963-24eafb0949f6,Not Rated,ALLIANCE > DUNDEE,30.16,NHS Tayside and Fife Haematology Biochemistry (Lab Data Restructured),32.0
79.47,79.37,Silver,82.54,80.95,5cffe432-21f9-44ba-b0fc-a6200115c21c,Silver,ALLIANCE > SCOTLAND,23.81,Scotland Accident and Emergency,22.0
85.28,76.19,Silver,63.49,78.57,5d2758c6-b315-421f-9971-9df8ba83a2d4,Silver,HUBS > BREATHE,11.11,SpiroMeta Consortium Dataset,8.0
41.34,40.48,Not Rated,14.29,16.67,5e022f8f-4d07-44bb-a87c-43e31200fe1e,Not Rated,Oxford University Hospitals NHS Foundation Trust,33.33,ARIA Radonc,34.0
63.15,66.67,Not Rated,73.02,64.29,5e37caad-4777-4d7e-be17-32220d8fed05,Bronze,NHS Digital,39.68,Mental Health Services Data Set,38.0
48.09,46.03,Not Rated,22.22,26.19,5ea9c568-b850-4589-bcbb-6ee0cfd322cd,Not Rated,ALLIANCE > HQIP,30.16,National Paediatric Diabetes Audit - core clinical dataset (care processes and outcomes),30.0
75.53,67.46,Bronze,53.97,69.05,5eecebc6-d896-46de-92df-d108bb193b17,Bronze,ALLIANCE > TISSUE DIRECTORY,19.05,UK CLL Trials Biobank,18.0
80.66,81.75,Silver,84.13,83.33,5f3d5f41-db25-4e93-b938-76ba07e84a8d,Silver,ALLIANCE > SCOTLAND,20.63,Maternity Inpatient and Day Case - Scottish Morbidity Record (SMR02),22.0
50.09,48.41,Not Rated,22.22,26.19,600be397-211b-4f65-9f82-e85f4393fb8a,Not Rated,ALLIANCE > HQIP,25.4,National Maternity and Perinatal Audit Organisational Survey 2019,26.0
81.28,82.54,Silver,79.37,78.57,60a303b6-1ebf-466e-ab5c-db92ca7a13c4,Silver,ALLIANCE > SCOTLAND,14.29,Child Health Systems Programme - 13-15 Month Review,16.0
67.57,66.66,Bronze,50.79,57.14,617aca9b-0fb9-45ec-8314-e16c3e074b01,Bronze,OTHER > Office of National Statistics,17.46,Business Impact of COVID-19 Survey (BICS),22.0
50.09,48.41,Not Rated,22.22,26.19,61cf3b8d-5a1b-4241-aaac-89599bf17ab6,Not Rated,ALLIANCE > HQIP,25.4,National Clinical Audit of Anxiety and Depression - Core audit of practice,26.0
79.72,67.46,Silver,52.38,71.43,62824365-480a-4d20-9ab2-7e7739e7e2ec,Bronze,HUBS > BREATHE,17.46,ICT-based intervention for adult asthma with limited health literacy,12.0
89.62,87.3,Gold,92.06,95.24,628284ca-0adf-45a9-8d7a-ea6f14a15e1c,Gold,ALLIANCE > SAIL,17.46,Critical Care Dataset,16.0
76.72,69.05,Silver,57.14,71.43,62b17ee5-97e3-468e-ba48-e8685ea28461,Bronze,ALLIANCE > TISSUE DIRECTORY,19.05,UK real-world lymphoid tissue bank,18.0
75.72,67.46,Bronze,57.14,71.43,62d11868-51d7-4b3a-99eb-da9f5d3797dc,Bronze,ALLIANCE > TISSUE DIRECTORY,22.22,UKCTOCS Longitudinal Women's Cohort (UKLWC),20.0
81.85,81.75,Silver,84.13,85.71,62fc43ed-1198-4769-ad39-a0bc2c05fd47,Silver,ALLIANCE > NIHR BIORESOURCE,20.63,Contact detail,22.0
74.91,77.78,Bronze,77.78,73.81,63aa23c0-80cf-48b1-89f2-909d5d5f70d8,Silver,HUBS > NHS DIGITRIALS,22.22,MSDS (Maternity Services Data Set),24.0
91.62,88.89,Gold,92.06,95.24,63dfe292-6479-489f-a897-aa616acb0a10,Gold,ALLIANCE > SAIL,14.29,Annual District Birth Extract,12.0
42.34,42.06,Not Rated,14.29,16.67,63f6d960-da48-4de6-9183-5518f1ce7644,Not Rated,ALLIANCE > DUNDEE,30.16,Fife Microbiology: Tests,32.0
89.43,88.09,Gold,90.48,92.86,6439bf82-d0b4-4d7f-b7d9-f1e716b12df5,Gold,HUBS > BREATHE,14.29,Wales Asthma Observatory,14.0
42.34,42.06,Not Rated,14.29,16.67,64640c6f-bc49-419f-bb2c-13c07d94adc9,Not Rated,ALLIANCE > DUNDEE,30.16,Prescribing,32.0
50.09,48.41,Not Rated,22.22,26.19,64a0ba4d-776c-4979-a4b0-1f1fb6b61c85,Not Rated,ALLIANCE > HQIP,25.4,National Audit of Dementia Round 4 - organisational checklist,26.0
42.34,42.06,Not Rated,14.29,16.67,660ae034-5631-4fdb-8af5-cf39015c12f8,Not Rated,ALLIANCE > DUNDEE,30.16,NHS Tayside and Fife Immunology (Extractable),32.0
90.62,89.68,Gold,92.06,95.24,662ed97c-23bf-43dc-88ba-2206d110d119,Gold,ALLIANCE > SAIL,12.7,Outpatient Dataset,14.0
89.62,87.3,Gold,92.06,95.24,66cb4fac-7b2d-4832-8265-6ee58aaad438,Gold,ALLIANCE > SAIL,17.46,Active Adult Survey,16.0
41.34,40.48,Not Rated,14.29,16.67,673626f3-bdac-4d32-9bb8-c890b727c0d1,Not Rated,ALLIANCE > BARTS,33.33,Critical Care Minimum Dataset,34.0
67.19,59.53,Bronze,39.68,52.38,68eca6a2-7c32-4bea-bcd1-c07dc50ee018,Not Rated,HUBS > BREATHE,20.63,Exploring the provision of supportive care for patients with COPD in Malaysia,18.0
75.53,67.46,Bronze,53.97,69.05,6951e949-6aa3-4670-ad05-db8e954b3524,Bronze,ALLIANCE > TISSUE DIRECTORY,19.05,Leeds Breast Research Tissue Bank,18.0
84.43,83.34,Silver,88.89,92.86,6959639d-5bd2-4b53-918e-8f56784b2870,Silver,HUBS > INSIGHT,22.22,Moorfields Eye Image Dataset Release 001,24.0
76.72,69.05,Silver,57.14,71.43,6983134e-c920-47db-957b-47e873644eb0,Bronze,ALLIANCE > TISSUE DIRECTORY,19.05,Northern Ireland Biobank (NIB),18.0
65.19,61.11,Not Rated,44.44,52.38,6a6b33a3-afd6-4f22-ba41-a87beccc3eb1,Not Rated,HUBS > NHS DIGITRIALS,22.22,Personal Demographic Service,22.0
54.81,61.11,Not Rated,57.14,47.62,6a8066c7-a8f4-44a6-9efd-871b19a3689f,Not Rated,ALLIANCE > CPRD,34.92,Systemic Anti-Cancer Treatment (SACT) data for CPRD GOLD,38.0
80.66,76.98,Silver,84.13,83.33,6ab4e273-0799-4f67-929d-d1b07e68b1f4,Silver,ALLIANCE > SCOTLAND,30.16,National Records of Scotland (NRS) - Deaths Data,22.0
82.43,78.57,Silver,88.89,92.86,6b41863d-690e-492e-8034-303d56f12f22,Silver,ALLIANCE > RCGP,31.75,The Royal College of General Practitioners (RCGP) Research and Surveillance Centre (RSC) primary care sentinel network and database,28.0
50.09,48.41,Not Rated,22.22,26.19,6b53f274-c927-4b8f-bcc3-1d85fabf16ee,Not Rated,ALLIANCE > HQIP,25.4,National Diabetes Audit - National Diabetes Foot Care Audit clinical dataset,26.0
86.43,83.34,Gold,88.89,92.86,6bcb3286-01a0-4332-b84c-35037759d6b1,Silver,HUBS > DISCOVER NOW,22.22,North West London Adult Social Care Data (NWL ASC),20.0
42.34,42.06,Not Rated,14.29,16.67,6cb4e624-a971-4d73-949e-bc57353e512b,Not Rated,ALLIANCE > DUNDEE,30.16,"NHS Tayside A&E, Diagnosis dataset during A&E visit",32.0
76.28,83.33,Silver,85.71,78.57,6cc463b4-5524-40cc-8190-b484458ad48c,Silver,ALLIANCE > NHS DIGITAL,19.05,GPES Data for Pandemic Planning and Research (COVID-19),26.0
49.09,47.62,Not Rated,22.22,26.19,6d1b9b23-1197-4857-9b17-9e26cb0633e8,Not Rated,ALLIANCE > HQIP,26.98,National Joint Registry - Revision Elbow Replacement dataset,28.0
70.72,73.02,Bronze,74.6,71.43,6e1d8f50-f718-4964-9c88-2c80cbaa92b5,Bronze,ALLIANCE > CPRD,28.57,HES Outpatient data for CPRD Aurum,30.0
75.53,67.46,Bronze,53.97,69.05,6e535e7c-0ceb-4666-9361-e75e9c4a97ca,Bronze,ALLIANCE > TISSUE DIRECTORY,19.05,Ethical Tissue - University of Bradford,18.0
83.05,80.16,Silver,84.13,88.1,6ecc2cb0-3b9b-47fc-9c80-78da44f070ef,Silver,ALLIANCE > NIHR BIORESOURCE,23.81,Demographic,22.0
50.09,48.41,Not Rated,22.22,26.19,6efbc62f-6ebb-4f18-959b-1ec6fd0cc6fb,Not Rated,ALLIANCE > HQIP,25.4,Epilepsy 12 - Patient Reported Experience Measure,26.0
74.72,65.08,Bronze,55.56,71.43,7038a67d-34ca-4754-a50f-41aa2849db69,Not Rated,ALLIANCE > HQIP,25.4,National Joint Registry - Primary Hip Replacement dataset,22.0
41.34,40.48,Not Rated,14.29,16.67,72fe91de-b0c0-423a-ad68-bd7067b20ad8,Not Rated,Oxford University Hospitals NHS Foundation Trust,33.33,Infoflex Cancer Registry,34.0
72.95,63.5,Bronze,47.62,61.9,736a9d09-83c7-4cfa-ae82-a10b2a69efc8,Not Rated,HUBS > BREATHE,20.63,"Prevention, detection, treatment: adult lung disease/cancer in rural Tamil Nadu",16.0
79.62,74.6,Silver,92.06,95.24,73f54071-62bf-48f5-8be1-569208b18ab8,Bronze,NIHR Health Informatics Collaborative Viral Hepatitis Theme,42.86,HIC Hepatitis v2,36.0
75.34,65.87,Bronze,50.79,66.67,7480abe4-e073-40ef-882d-217542b5e08e,Not Rated,HUBS > BREATHE,19.05,Effects of second-hand smoke on pregnant women: a phenomenological study,16.0
76.66,77.78,Silver,84.13,83.33,756daeaa-6e47-4269-9df5-477c01cdd271,Silver,ALLIANCE > CPRD,28.57,CPRD GOLD,30.0
48.09,46.03,Not Rated,22.22,26.19,76ec0282-02e0-4fff-b016-76bc6ffcb784,Not Rated,ALLIANCE > HQIP,30.16,National Asthma and COPD Audit Programme (NACAP): secondary care workstream – children and young people asthma (organisational),30.0
90.62,88.09,Gold,92.06,95.24,779b6d54-b923-4416-b74e-917cab30baa9,Gold,ALLIANCE > SAIL,15.87,Annual District Death Extract,14.0
70.53,73.02,Bronze,73.02,69.05,77b5cf84-d4f2-4418-bafa-73306cf2d2b2,Bronze,ALLIANCE > CPRD,26.98,HES Admitted Patient Care data for CPRD GOLD,28.0
39.95,40.48,Not Rated,11.11,11.9,78b4e352-a47f-4b45-aeb8-32eeb49e59df,Not Rated,ALLIANCE > ISARIC 4C,30.16,COVID-19 Clinical Information Network (CO-CIN),32.0
49.09,47.62,Not Rated,22.22,26.19,78d25670-9d20-4eb7-a79a-f29e53cc981f,Not Rated,ALLIANCE > HQIP,26.98,National Audit of Psychosis - Early Intervention Psychosis Audit patient experience survey,28.0
62.15,64.29,Not Rated,73.02,64.29,78fe2e13-7f40-406f-a584-04909d0ce060,Not Rated,NHS Digital,44.44,Mental Health Minimum Dataset v4.1 (Sensitive) Episodes,40.0
89.62,87.3,Gold,92.06,95.24,78fee45f-9f03-46b1-be8e-650c54e2c3fa,Gold,ALLIANCE > SAIL,17.46,Pathology Data from WRRS,16.0
59.24,54.76,Not Rated,33.33,40.48,79116473-bda2-413c-82ad-ba2b86e5076f,Not Rated,HUBS > BREATHE,23.81,EMEP4UK Pollution,22.0
75.72,68.25,Bronze,57.14,71.43,7a0d678a-a341-4643-af33-bfc22f2f4e9c,Bronze,ALLIANCE > TISSUE DIRECTORY,20.63,Daisy Tumour Bank,20.0
62.15,64.29,Not Rated,73.02,64.29,7aa02796-787a-42c2-b97e-d008fa77e4b8,Not Rated,NHS Digital,44.44,Mental Health & Learning Disabilities Dataset v 1 (Non-Sensitive) Records,40.0
74.53,66.67,Bronze,53.97,69.05,7c1fa7b2-2b76-4952-884e-8ef6f845c488,Bronze,ALLIANCE > TISSUE DIRECTORY,20.63,PTCL Biobank,20.0
86.62,84.92,Gold,92.06,95.24,7c9f9620-8f18-4e2d-bda0-a3a6f46756b6,Silver,ALLIANCE > GENOMICS ENGLAND,22.22,GENOMICS ENGLAND 100K BIOINFORMATICS DATA,22.0
77.72,69.84,Silver,57.14,71.43,7ca98657-037c-43a8-872a-65a0520695e5,Bronze,ALLIANCE > TISSUE DIRECTORY,17.46,Bristol Dental School Saliva Bank,16.0
41.34,40.48,Not Rated,14.29,16.67,7d501f79-5d1f-4104-a5b7-d46a97fcde5f,Not Rated,ALLIANCE > BARTS,33.33,Somerset Cancer Registry,34.0
76.53,67.47,Silver,55.56,69.05,7db1c8bd-8d99-4189-8510-e6bdb0e19219,Bronze,ALLIANCE > SCOTLAND,20.63,National Records of Scotland (NRS) - Births Data,16.0
48.09,46.03,Not Rated,22.22,26.19,7dc319da-a16f-4e63-a115-0cba3905a322,Not Rated,ALLIANCE > HQIP,30.16,National Asthma and COPD Audit Programme (NACAP): Adult Asthma secondary care clinical dataset,30.0
49.09,47.62,Not Rated,22.22,26.19,7f125091-12ba-464d-af7d-9a88179b0b95,Not Rated,ALLIANCE > HQIP,26.98,Epilepsy 12 - National organisational audit (service descriptor questionnaire) and Trust profile,28.0
87.43,84.13,Gold,88.89,92.86,7f23034b-6887-48c0-bbe7-07d099ca9395,Silver,HUBS > DISCOVER NOW,20.63,North West London Integrated Care Record (NWL ICR),18.0
76.72,69.05,Silver,57.14,71.43,7f55c499-abd9-4f61-ac7e-93a4d15c79a2,Bronze,ALLIANCE > TISSUE DIRECTORY,19.05,UK MND Collections,18.0
71.53,75.39,Bronze,74.6,69.05,7f841dc4-87ed-4048-b06b-1a1e9198b8c1,Bronze,HUBS > NHS DIGITRIALS,23.81,Diagnostic Imaging Dataset,26.0
49.09,47.62,Not Rated,22.22,26.19,7fab080b-6e2a-4c82-a5e5-daf99c70662a,Not Rated,ALLIANCE > HQIP,26.98,"National Audit of Dementia - spotlight audit on the prescription of psychotropic medication, 2019",28.0
69.38,61.11,Bronze,41.27,54.76,7fe20f78-758d-4449-beb4-ccf98e2d8247,Not Rated,HUBS > BREATHE,19.05,Developing Patient and Public Involvement in Research in Malaysia,16.0
84.43,82.54,Silver,90.48,92.86,8045cbe5-738d-4d30-a360-06acbbace5a9,Silver,ALLIANCE > PUBLIC HEALTH ENGLAND,25.4,National Cancer Registration Dataset 2018,24.0
74.53,66.67,Bronze,53.97,69.05,81a515f5-5f4d-480e-b5ce-24faa7026c00,Bronze,ALLIANCE > TISSUE DIRECTORY,20.63,National Unified Renal Translational Research Enterprise (NURTuRE),20.0
62.15,64.29,Not Rated,73.02,64.29,8226b6fa-d815-4f15-9064-b56beb0fddb1,Not Rated,NHS Digital,44.44,Mental Health & Learning Disabilities Dataset v 1 (Sensitive) Episodes,40.0
74.53,66.67,Bronze,53.97,69.05,824a2ef7-d282-495e-b0fc-e25b3a9613c3,Bronze,ALLIANCE > TISSUE DIRECTORY,20.63,TRICON8B,20.0
50.09,48.41,Not Rated,22.22,26.19,82665c1e-df7f-4136-a05f-0826533149e5,Not Rated,ALLIANCE > HQIP,25.4,National Audit of Dementia Round 4 - staff questionnaire,26.0
74.53,66.67,Bronze,53.97,69.05,82ef7d1a-98d8-48b6-9acd-461bf2a399c3,Bronze,ALLIANCE > TISSUE DIRECTORY,20.63,CASPS: A Phase II trial of Cediranib in ASPS patients,20.0
76.72,69.05,Silver,57.14,71.43,8342e05e-cb12-4d29-ae84-b9b8421cb4f8,Bronze,ALLIANCE > TISSUE DIRECTORY,19.05,Leeds Multidisciplinary Research Tissue Bank,18.0
76.53,68.25,Silver,53.97,69.05,843062c0-fca0-464f-aa9c-0d4908f40513,Bronze,ALLIANCE > TISSUE DIRECTORY,17.46,UKALL14 Trial,16.0
80.62,76.98,Silver,92.06,95.24,844f3be0-f50d-4a88-9783-0928ad1c2aad,Silver,NIHR Health Informatics Collaborative Cardiovascular Theme,38.1,HIC Acute Coronary Syndromes,34.0
75.53,67.46,Bronze,53.97,69.05,84616d8c-336a-485b-9148-af6788efb721,Bronze,ALLIANCE > TISSUE DIRECTORY,19.05,Epilepsy Society Brain and Tissue Bank,18.0
41.34,40.48,Not Rated,14.29,16.67,84de0d13-f5bd-4c22-83d3-e1adb00d5a72,Not Rated,Oxford University Hospitals NHS Foundation Trust,33.33,CRIS,34.0
54.81,61.11,Not Rated,57.14,47.62,851bb11b-fa75-44ee-afe9-948dc7652555,Not Rated,ALLIANCE > CPRD,34.92,Cancer registration data for CPRD Aurum,38.0
50.09,48.41,Not Rated,22.22,26.19,858c517e-8ce3-4059-9326-d158489e48d1,Not Rated,ALLIANCE > HQIP,25.4,National Diabetes Audit - National Diabetes in Pregnancy clinical Audit dataset,26.0
77.09,69.05,Silver,60.32,76.19,85b25afd-73a6-4455-9098-1f906bc7738d,Bronze,ALLIANCE > TISSUE DIRECTORY,22.22,SCOT translational sample collection,22.0
70.72,73.02,Bronze,74.6,71.43,8625eb42-93df-4d33-875b-e6a93413d7ba,Bronze,ALLIANCE > CPRD,28.57,HES Outpatient data for CPRD GOLD,30.0
81.91,73.02,Silver,58.73,73.81,868613e0-23cc-4f8a-82da-18984589afd7,Bronze,HUBS > BREATHE,12.7,Children's Health in London and Luton (CHILL),10.0
80.09,80.95,Silver,76.19,76.19,86b39921-f0d4-42be-8236-1808c215c06b,Silver,ALLIANCE > SCOTLAND,14.29,Child Health Systems Programme - 6-8week review,16.0
62.95,65.87,Not Rated,69.84,61.9,86d7088b-7a15-4e9a-b2b0-857a67e04650,Not Rated,NHS Digital,38.1,HES:Civil Registration (Deaths) bridge,36.0
68.53,70.63,Bronze,73.02,69.05,87244819-4596-4e5d-baaa-f3fe4eb74b4b,Bronze,ALLIANCE > CPRD,31.75,Death Registration data for CPRD GOLD,32.0
49.09,46.83,Not Rated,22.22,26.19,875999d5-f5ed-4136-ac20-b20f1abe27dd,Not Rated,ALLIANCE > HQIP,28.57,National Early Inflammatory Arthritis Audit - clinical dataset,28.0
49.09,46.83,Not Rated,22.22,26.19,8783d7d2-2b89-44cc-bbc6-645e5483e2fe,Not Rated,ALLIANCE > NIHR BIORESOURCE,28.57,NHS Trust data,28.0
86.62,82.54,Gold,92.06,95.24,8881192f-ffdf-4917-be80-e7daab9a0ca2,Silver,ALLIANCE > CYSTIC FIBROSIS,26.98,Cystic Fibrosis Patient CFQ-R,22.0
71.34,75.4,Bronze,73.02,66.67,88aef872-87fc-471b-a4ed-276349ef575a,Bronze,HUBS > NHS DIGITRIALS,22.22,Hospital Episode Statistics Critical Care,24.0
62.15,64.29,Not Rated,73.02,64.29,895e5c2f-e484-4d08-91c6-35ac2f85c231,Not Rated,NHS Digital,44.44,Mental Health Minimum Dataset v2.6 (Non-Sensitive),40.0
75.53,67.46,Bronze,53.97,69.05,89ae7d31-d183-4f5e-b754-7ae14449da76,Bronze,ALLIANCE > TISSUE DIRECTORY,19.05,Children's Cancer and Leukaemia Group (CCLG) Tissue Bank,18.0
81.66,81.75,Silver,82.54,83.33,89e57932-ac48-48ac-a6e5-29795bc38b94,Silver,ALLIANCE > NIHR BIORESOURCE,19.05,Consent records,20.0
51.48,48.42,Not Rated,25.4,30.95,89f37cc8-8519-4fd8-a49c-fe591a530a8b,Not Rated,OTHER > Office of National Statistics,28.57,Labour Force Survey (Person),28.0
57.0,65.08,Not Rated,60.32,50.0,8ab1dc13-634e-46ae-9ba0-e094d446bd74,Not Rated,ALLIANCE > CPRD,30.16,Patient postcode linked deprivation measures for CPRD Aurum,36.0
88.43,86.51,Gold,90.48,92.86,8b1f4b49-78b7-4f15-b4d0-ea2b009750cc,Gold,ALLIANCE > SAIL,17.46,Outpatient Referral,16.0
89.62,87.3,Gold,92.06,95.24,8c13e03e-b9d2-4b04-8b98-097643a6beaf,Gold,ALLIANCE > NHSX,17.46,The National COVID-19 Chest Imaging Database,16.0
74.53,66.67,Bronze,53.97,69.05,8c50b721-8bbe-4d9e-86d1-08a6271fe047,Bronze,ALLIANCE > TISSUE DIRECTORY,20.63,UNIRAD UK Sample collection,20.0
86.62,82.54,Gold,92.06,95.24,8c5be9df-c9b8-43ab-83ca-5d5dd61549da,Silver,ALLIANCE > CYSTIC FIBROSIS,26.98,Cystic Fibrosis Patient Transplants,22.0
64.15,67.46,Not Rated,73.02,64.29,8d3f80d4-aeae-46f0-809b-cd6c51e24f75,Bronze,NHS Digital,38.1,Bridge file: Hospital Episode Statistics to Mental Health Minimum Data Set,36.0
89.62,87.3,Gold,92.06,95.24,8dd6f22d-e513-4ee7-a7e8-abe055727076,Gold,ALLIANCE > SAIL,17.46,Substance Misuse Dataset,16.0
48.09,46.03,Not Rated,22.22,26.19,8e32341b-ebad-4e10-8f2b-60b0b5b0ef4c,Not Rated,ALLIANCE > NIHR BIORESOURCE,30.16,Whole Genome Sequencing,30.0
64.19,73.81,Not Rated,63.49,52.38,8e66e623-2859-4a65-93d7-abd41e139976,Bronze,ALLIANCE > NHS DIGITAL,15.87,Community Services Data Set,24.0
56.81,53.17,Not Rated,41.27,47.62,8eace3c2-1dc8-4708-9350-ad129b7d2bc9,Not Rated,NHS Digital,34.92,Mental Health Services Data Set - Inpatients,34.0
78.53,68.25,Silver,52.38,69.05,8fc0a2cc-a8ce-4558-a98a-c514255833d8,Bronze,HUBS > BREATHE,15.87,Pneumonia case management practices in selected communities in Pakistan,12.0
48.09,46.03,Not Rated,22.22,26.19,91479cbf-664e-4782-8514-a3247bb5c4f4,Not Rated,ALLIANCE > HQIP,30.16,National Asthma and COPD Audit Programme (NACAP): Pulmonary rehabilitation - organisational audit,30.0
50.09,48.41,Not Rated,22.22,26.19,92d95f82-50a5-4df9-914a-ca26b14cf84c,Not Rated,ALLIANCE > HQIP,25.4,National Diabetes Audit - Core Clinical Audit Dataset,26.0
41.34,40.48,Not Rated,14.29,16.67,93105053-ddf3-4339-9e4a-baf91c310370,Not Rated,Oxford University Hospitals NHS Foundation Trust,33.33,Emergency Care Dataset (ECDS),34.0
79.47,77.78,Silver,82.54,80.95,9328f206-db9a-4feb-9012-deab80cafd2e,Silver,ALLIANCE > SCOTLAND,26.98,National Records of Scotland (NRS) - Stillbirth Data,22.0
84.62,81.75,Silver,92.06,95.24,93ffc937-dc5f-4fae-bb75-a8ad19ac3d3e,Silver,ALLIANCE > GENOMICS ENGLAND,28.57,GENOMICS ENGLAND 100K CANCER & COMMON,26.0
76.72,69.05,Silver,57.14,71.43,9419a99b-f1fb-4566-8480-eecd4e189086,Bronze,ALLIANCE > TISSUE DIRECTORY,19.05,TwinsUK,18.0
69.15,66.66,Bronze,57.14,64.29,94351432-da7e-4d44-97eb-4359d45e0240,Bronze,HUBS > INSIGHT,23.81,UHB Eye Image Dataset Release 001,26.0
88.43,86.51,Gold,90.48,92.86,947ab204-b052-4cac-897b-d771f8dcfd1f,Gold,ALLIANCE > SAIL,17.46,Postponed Admitted Procedures,16.0
80.47,70.64,Silver,63.49,80.95,94c082e5-b45f-43fe-9340-f4855f392fd4,Bronze,HUBS > BREATHE,22.22,Genetics of Asthma Severity & Phenotypes,20.0
75.53,67.46,Bronze,53.97,69.05,952d4422-3f03-46e6-9dbd-1bf0f54b7e3a,Bronze,ALLIANCE > TISSUE DIRECTORY,19.05,"Oncology Clinical Trials Office, University of Oxford",18.0
55.0,60.32,Not Rated,60.32,50.0,95475a1f-1623-4bfa-9821-1159d4dbcc8e,Not Rated,ALLIANCE > CPRD,39.68,Mental Health Dataset (MHDS) for CPRD GOLD,40.0
58.38,65.88,Not Rated,66.67,54.76,96d29a1d-9566-4793-8dbb-351fbe2eb790,Not Rated,ALLIANCE > CPRD,34.92,Pregnancy Register for CPRD GOLD,38.0
75.53,66.67,Bronze,53.97,69.05,979d600f-f541-4028-8576-a6e4603fc244,Bronze,ALLIANCE > TISSUE DIRECTORY,20.63,The PEACE Study,18.0
45.91,44.44,Not Rated,20.63,23.81,97ddd990-f47a-40f5-9178-cbf742e4c613,Not Rated,HUBS > GUT REACTION,31.75,IBD Registry,32.0
62.15,64.29,Not Rated,73.02,64.29,97fa09e6-5ea5-41cd-baf8-20366db13a3f,Not Rated,NHS Digital,44.44,Mental Health Minimum Dataset v4 (Sensitive) Records,40.0
75.53,67.46,Bronze,53.97,69.05,98a03f2b-1a67-4653-a4f5-f9db7262a94d,Bronze,ALLIANCE > TISSUE DIRECTORY,19.05,Public Health England Seroepidemiology Unit,18.0
80.47,81.75,Silver,82.54,80.95,98babf8f-a557-410a-9075-640db283c9a3,Silver,ALLIANCE > SCOTLAND,19.05,GP Out of Hours,20.0
53.81,60.31,Not Rated,57.14,47.62,992c8fe6-f460-490c-b202-8d4d9c434425,Not Rated,ALLIANCE > CPRD,36.51,Quality of Life of Cancer Survivors in England: Pilot Patient Reported Outcomes Measures Survey (2011) for CPRD GOLD,40.0
42.34,42.06,Not Rated,14.29,16.67,992d45d6-c80e-474d-87ff-4503ee1210a2,Not Rated,ALLIANCE > DUNDEE,30.16,Tayside Microbiology: Tests,32.0
80.09,80.95,Silver,76.19,76.19,995c0f8d-f5ef-470a-8ffe-6bdb956bdbc0,Silver,ALLIANCE > SCOTLAND,14.29,Child Health Systems Programme - 4-5 year review,16.0
88.43,87.3,Gold,88.89,92.86,997a5bda-d6f2-46c7-8fe5-990ac4576ff6,Gold,HUBS > DISCOVER NOW,14.29,North West London COVID-19 Patient Level Situation Report (NWL COVID19 PLD SITREP),16.0
49.09,47.62,Not Rated,22.22,26.19,9a4ef776-6b4b-40cd-9c88-cbf1128780e9,Not Rated,ALLIANCE > HQIP,26.98,National Bowel Cancer Audit - clinical dataset,28.0
55.81,63.49,Not Rated,57.14,47.62,9a58219f-8cea-479c-bb5f-c68cae23136b,Not Rated,ALLIANCE > CPRD,30.16,Cancer Patient Experience Survey (CPES) for CPRD GOLD,36.0
56.81,53.17,Not Rated,41.27,47.62,9b7f7994-0b9c-4809-b67d-45ae1f04ec5c,Not Rated,NHS Digital,34.92,Mental Health Services Data Set - Currencies,34.0
65.95,68.25,Not Rated,66.67,61.9,9bc66d1b-68a2-4d4e-a54a-cc3842ff95c7,Bronze,ALLIANCE > CPRD,30.16,HES Patient Reported Outcomes Measures (PROMs) data for CPRD GOLD,30.0
45.91,44.44,Not Rated,20.63,23.81,9beca627-12cd-4231-8638-93cf0bdfa413,Not Rated,ALLIANCE > HQIP,31.75,National Asthma and COPD Audit Programme (NACAP):COPD and adult asthma secondary care organisational dataset,32.0
80.05,79.36,Silver,85.71,88.1,9bfcf24b-5b13-4997-9062-6c58583e69cd,Silver,ALLIANCE > NIHR BIORESOURCE,26.98,Sample holding,28.0
72.72,64.29,Bronze,55.56,71.43,9c07be99-54a1-4a23-8de2-492e8dfea55a,Not Rated,ALLIANCE > ALSPAC,26.98,Avon Longitudinal Study of Parents and Children,26.0
48.09,46.03,Not Rated,22.22,26.19,9c0f13ca-5831-4d9b-860a-7d856be7a9f1,Not Rated,ALLIANCE > HQIP,30.16,Falls and Fragility Fracture Audit Programme National Hip Database clinical dataset,30.0
74.53,65.88,Bronze,53.97,69.05,9cb10184-7459-4ca5-ac30-d2364e70821d,Not Rated,ALLIANCE > TISSUE DIRECTORY,22.22,Tissue Access for Patient Benefit (TAPb),20.0
49.09,46.83,Not Rated,22.22,26.19,9ccfde56-dd13-4606-a6c1-1e797d3b8d82,Not Rated,ALLIANCE > NIHR BIORESOURCE,28.57,Full Blood Counts,28.0
82.47,73.02,Silver,63.49,80.95,9e798632-442a-427b-8d0e-456f754d28dc,Bronze,HDR UK,17.46,HDR UK Papers & Preprints,16.0
75.53,67.46,Bronze,53.97,69.05,9e8982cb-6e2b-4c6e-b9d5-80a3794eb1dc,Bronze,ALLIANCE > TISSUE DIRECTORY,19.05,POUT-T,18.0
76.53,68.25,Silver,53.97,69.05,9f45db59-b3c9-4c33-85bf-25c1b5242903,Bronze,ALLIANCE > TISSUE DIRECTORY,17.46,MDSBio,16.0
39.95,38.88,Not Rated,9.52,11.9,a021f150-41e6-48c3-807c-a0cefa4cb2c2,Not Rated,ALLIANCE > NHS Scotland,31.75,NHS Scotland General Practice (GP) Contact Data - Subset,32.0
49.09,46.83,Not Rated,22.22,26.19,a05443cd-e292-4b5f-b1f1-95718e300d46,Not Rated,ALLIANCE > HQIP,28.57,National Early Inflammatory Arthritis Audit - patient survey,28.0
55.0,61.11,Not Rated,58.73,50.0,a0dad23c-c02d-4347-92ef-0019fa59eb3e,Not Rated,ALLIANCE > CPRD,36.51,Cancer registration data for CPRD GOLD,40.0
76.43,70.64,Silver,90.48,92.86,a0e0c0c2-072a-47ac-9252-e27b37ac024f,Bronze,NIHR Health Informatics Collaborative Renal Transplantation Theme,49.21,HIC Transplantation,40.0
71.34,75.4,Bronze,73.02,66.67,a104ba06-be82-4f2d-b177-f13948643f84,Bronze,HUBS > NHS DIGITRIALS,22.22,Hospital Episode Statistics Accident and Emergency,24.0
62.15,64.29,Not Rated,73.02,64.29,a1a67182-e81b-4144-ac51-92a86f277eb2,Not Rated,NHS Digital,44.44,Mental Health Minimum Dataset v4.1 (Non-Sensitive) Events,40.0
75.53,67.46,Bronze,53.97,69.05,a1f9315e-8561-4e7b-b1a7-1276bdeca14d,Bronze,ALLIANCE > TISSUE DIRECTORY,19.05,Cam-UroOnc Biorepository,18.0
75.53,67.46,Bronze,53.97,69.05,a2d94442-91c1-4626-b28f-700eb436a4c1,Bronze,ALLIANCE > TISSUE DIRECTORY,19.05,ICON9 Trial,18.0
41.34,40.48,Not Rated,14.29,16.67,a429e699-4650-4feb-9392-f24aa3a3b7b6,Not Rated,ALLIANCE > BARTS,33.33,Freetext Dataset,34.0
77.09,69.05,Silver,60.32,76.19,a49a1145-4334-4c2a-81cb-90155e8f05c6,Bronze,ALLIANCE > TISSUE DIRECTORY,22.22,Sheffield Brain Tissue Bank (SBTB),22.0
74.53,66.67,Bronze,53.97,69.05,a617a37d-1813-49ad-8282-38169981a095,Bronze,ALLIANCE > TISSUE DIRECTORY,20.63,plasmaMATCH,20.0
41.34,40.48,Not Rated,14.29,16.67,a675ac5e-ecc2-4899-9c3c-65c2f36432c5,Not Rated,ALLIANCE > BARTS,33.33,Community Services Dataset,34.0
74.53,66.67,Bronze,53.97,69.05,a6fb087d-1a90-4db0-9fcf-323c5b3cce51,Bronze,ALLIANCE > TISSUE DIRECTORY,20.63,UK primary Sjogren's syndrome Registry,20.0
75.72,68.25,Bronze,57.14,71.43,a7209348-c011-44d0-9c4f-35a2014c2542,Bronze,ALLIANCE > TISSUE DIRECTORY,20.63,Central England Haemato-oncology and oncology Research Biobank (CEHRB),20.0
41.34,40.48,Not Rated,14.29,16.67,a74f72ad-bf70-42e4-8933-069c7b53c7f9,Not Rated,Oxford University Hospitals NHS Foundation Trust,33.33,LIMS,34.0
54.0,59.52,Not Rated,60.32,50.0,a772b8dd-cb93-4f27-a349-329992e0b212,Not Rated,ALLIANCE > CPRD,41.27,Quality of Life of Colorectal Cancer Survivors in England: Patient Reported Outcome Measures Survey for CPRD Aurum,42.0
48.09,46.03,Not Rated,22.22,26.19,a895be78-f41c-40b8-b2fa-678a071a6427,Not Rated,ALLIANCE > HQIP,30.16,National Asthma and COPD Audit Programme (NACAP): primary care workstream resources,30.0
62.15,64.29,Not Rated,73.02,64.29,aa019da2-0f2f-493c-95e8-7263ee735f46,Not Rated,NHS Digital,44.44,Mental Health Minimum Dataset v3_3.5 (Non-Sensitive),40.0
70.53,73.02,Bronze,73.02,69.05,aa8c53e8-f91f-41f7-9522-7e2462a9a84b,Bronze,ALLIANCE > CPRD,26.98,HES Diagnostic Imaging Dataset for CPRD GOLD,28.0
62.95,67.46,Not Rated,69.84,61.9,acafb160-b18a-436e-90f1-dc4530a90267,Bronze,NHS Digital,34.92,Mental Health Minimum Data Set,36.0
75.53,67.46,Bronze,53.97,69.05,ace79a9e-1552-4287-9f6e-9d01f628252b,Bronze,ALLIANCE > TISSUE DIRECTORY,19.05,REQUITE,18.0
76.72,69.05,Silver,57.14,71.43,ad5c7693-983e-4f32-a979-9ab550f2084a,Bronze,ALLIANCE > TISSUE DIRECTORY,19.05,Cardiff University Biobank,18.0
65.0,54.76,Not Rated,34.92,50.0,ae4b8371-d037-46e8-bdcd-bf3de08ef38e,Not Rated,HUBS > BREATHE,25.4,Optimum Patient Care Research Database,20.0
75.53,67.46,Bronze,53.97,69.05,ae4f0589-8679-48a1-ad04-2324a5001869,Bronze,ALLIANCE > TISSUE DIRECTORY,19.05,Cambridge Blood and Stem Cell Biobank,18.0
50.09,48.41,Not Rated,22.22,26.19,aeb2f1ea-c914-4b30-94c8-9fd3eb51b288,Not Rated,ALLIANCE > HQIP,25.4,National Audit of Care at the End of Life - Quality Survey,26.0
87.62,82.54,Gold,92.06,95.24,af148400-1ec6-436d-910e-45350a54c390,Silver,ALLIANCE > CYSTIC FIBROSIS,26.98,Cystic Fibrosis Patient NTM culture,20.0
74.15,65.87,Bronze,50.79,64.29,af238430-c257-4d60-9ff0-1de6b825f09e,Not Rated,HUBS > BREATHE,19.05,Community perception on public health measures for COVID-19 prevention/control,16.0
69.34,75.39,Bronze,74.6,66.67,af5caf3f-a8f7-4365-af6e-8d9a59711ad1,Bronze,OTHER > HBS,23.81,COVID antigen  testing - Pillar 2,28.0
89.43,88.09,Gold,88.89,92.86,af660e81-bb96-4e85-99a8-b85147c6ba79,Gold,HUBS > DISCOVER NOW,12.7,North West London Coordinate My Care (NWL CMC),14.0
76.72,69.05,Silver,57.14,71.43,b0886a0c-7ddc-4c2b-a499-afd7262fbe56,Bronze,ALLIANCE > TISSUE DIRECTORY,19.05,RAPPER,18.0
86.62,84.92,Gold,92.06,95.24,b0a8085e-8cf0-45ee-b4a6-12a4a545ca70,Silver,ALLIANCE > GENOMICS ENGLAND,22.22,GENOMICS ENGLAND 100K RARE DISEASE & COMMON,22.0
74.91,80.95,Bronze,84.13,73.81,b1a2126a-640d-4b02-8acd-e5ce5ee454f0,Silver,ALLIANCE > SAIL,22.22,ONS 2011 Census Wales (CENW),24.0
42.34,42.06,Not Rated,14.29,16.67,b2124786-9658-40cc-b5a3-6624885ce490,Not Rated,ALLIANCE > DUNDEE,30.16,Patient SIMD Postcode,32.0
88.43,86.51,Gold,88.89,92.86,b232b32f-07d4-4fce-85a0-3834efd8757a,Gold,HUBS > DISCOVER NOW,15.87,North West London Patient Index (NWL PI),16.0
88.43,87.3,Gold,88.89,92.86,b339ea90-c3dd-44d8-a968-88eba9e3edb3,Gold,HUBS > DISCOVER NOW,14.29,North West London Admitted Patient Care Data (NWL APC),16.0
77.72,69.84,Silver,57.14,71.43,b36202ad-7652-460c-8389-baa1a1c1ac46,Bronze,ALLIANCE > TISSUE DIRECTORY,17.46,York Tissue Bank,16.0
74.53,66.67,Bronze,53.97,69.05,b3a10154-a409-491a-92fb-e7fac47ccd91,Bronze,ALLIANCE > TISSUE DIRECTORY,20.63,HCV Research UK,20.0
79.62,74.6,Silver,92.06,95.24,b40777a2-468b-4b45-8b7d-2f62f912e950,Bronze,NIHR Health Informatics Collaborative Critical Care Theme,42.86,HIC ICU 8.3.2,36.0
41.34,40.48,Not Rated,14.29,16.67,b41bb360-f2ed-49f0-a45b-b2fb05321975,Not Rated,ALLIANCE > BARTS,33.33,CDE Surginet Documentation,34.0
54.81,61.11,Not Rated,57.14,47.62,b4f6a5c2-e652-4972-9d06-510e9a469dfe,Not Rated,ALLIANCE > CPRD,34.92,Systemic Anti-Cancer Treatment (SACT) data for CPRD Aurum,38.0
60.95,62.7,Not Rated,69.84,61.9,b53f716d-a5c3-4ad8-a2aa-cae09c12ac18,Not Rated,NHS Digital,44.44,Mental Health Minimum Dataset v4.1 (Non-Sensitive) Episodes,40.0
75.53,67.46,Bronze,53.97,69.05,b717d41e-9202-40ed-be1a-882ec0c47761,Bronze,ALLIANCE > TISSUE DIRECTORY,19.05,MRC Brain Banks Network,18.0
72.53,65.08,Bronze,55.56,69.05,b730442a-72f3-4b0d-8ad3-4bdba046df7a,Not Rated,ALLIANCE > TISSUE DIRECTORY,25.4,Tissue Solutions Ltd,24.0
84.43,80.16,Silver,88.89,92.86,b765d514-1642-4762-a521-73463c977094,Silver,HUBS > DATA-CAN,28.57,Yorkshire Specialist Register of Cancer in Children and Young People,24.0
75.72,68.25,Bronze,57.14,71.43,b796b821-97cf-4aa1-bbc7-53e3c1fbc33f,Bronze,ALLIANCE > TISSUE DIRECTORY,20.63,TRICON8,20.0
42.34,42.06,Not Rated,14.29,16.67,b8107ec3-ba35-45ee-8231-cb610fe2ce48,Not Rated,ALLIANCE > DUNDEE,30.16,Tayside Radiology,32.0
42.34,42.06,Not Rated,14.29,16.67,b9a2fe09-60b3-48a4-b252-9ed04a7dcc66,Not Rated,ALLIANCE > DUNDEE,30.16,NHS Tayside and Fife Haematology (Lab Data Restructured),32.0
62.15,64.29,Not Rated,73.02,64.29,ba071b0b-5ef4-457b-b194-3a69c2c71a06,Not Rated,NHS Digital,44.44,Mental Health Minimum Dataset v4 (Non-Sensitive) Events,40.0
72.95,63.5,Bronze,47.62,61.9,bab944af-e345-4893-8640-a88aaff97c72,Not Rated,HUBS > BREATHE,20.63,Assessment of ASHA’s workload and its determinants,16.0
89.43,88.09,Gold,88.89,92.86,bc2d2a17-0f36-4cb0-85d3-b54e64460d75,Gold,HUBS > DISCOVER NOW,12.7,North West London Primary Care Events Data (NWL PCE),14.0
51.86,60.32,Not Rated,49.21,35.71,bc30732b-32cb-4f66-8794-e6e6691c79e7,Not Rated,ALLIANCE > NHS DIGITAL,28.57,Cancer Registration Data,32.0
57.0,65.08,Not Rated,60.32,50.0,bc6ae5bc-7175-49e2-b093-337dde427736,Not Rated,ALLIANCE > CPRD,30.16,Patient postcode linked deprivation measures for CPRD GOLD,36.0
75.53,67.46,Bronze,53.97,69.05,bcfdc597-1bf0-41c2-8b68-779f9a115f83,Bronze,ALLIANCE > TISSUE DIRECTORY,19.05,Wales Cancer Bank,18.0
62.15,64.29,Not Rated,73.02,64.29,bdc17b2c-8b0f-4959-ab9b-e2de32d8a5f9,Not Rated,NHS Digital,44.44,Mental Health & Learning Disabilities Dataset v 1 (Sensitive) Events,40.0
58.38,65.88,Not Rated,66.67,54.76,bdcbbb2b-df99-4ae7-b36e-f266cfe10ed3,Not Rated,ALLIANCE > CPRD,34.92,Mother-Baby Link for CPRD GOLD,38.0
50.09,48.41,Not Rated,22.22,26.19,bddcc89d-028f-48a5-b568-7dccd574563b,Not Rated,ALLIANCE > HQIP,25.4,National Joint Registry - Revision Shoulder Replacement dataset,26.0
77.53,65.87,Silver,50.79,69.05,be9bf427-d96d-4b1a-b1d1-83bdc3e8790b,Not Rated,HUBS > BREATHE,19.05,4 LMIC Asian Country ChrOnic: estimating respiratory disease burden in adults,14.0
40.34,39.69,Not Rated,14.29,16.67,bf83ada4-b72e-4789-b177-12a53aa763ea,Not Rated,Oxford University Hospitals NHS Foundation Trust,34.92,TheatreEvents,36.0
79.47,80.16,Silver,80.95,80.95,bfc6e7c5-a81b-4fe2-95b5-d108a48d7d67,Silver,ALLIANCE > SCOTLAND,20.63,Mental Health Inpatient and Day Case - Scottish Morbidity Record (SMR04),22.0
91.43,91.27,Gold,90.48,92.86,c0da6801-6907-4c06-8fba-d21943c3a931,Gold,ALLIANCE > SAIL,7.94,Daily Situation Report Data,10.0
73.91,79.37,Bronze,80.95,73.81,c0f5fde3-4e8a-4956-998b-1fb955f58a22,Silver,OTHER > Office of National Statistics,22.22,Covid-19 Infection Survey,26.0
74.72,66.66,Bronze,57.14,71.43,c10d6c3a-e405-4ee9-828f-02443c210879,Bronze,ALLIANCE > TISSUE DIRECTORY,23.81,UCL Infection DNA Bank,22.0
51.28,48.41,Not Rated,23.81,28.57,c16605d7-6e6e-4461-bfab-107660e31427,Not Rated,HUBS > BREATHE,26.98,Vitamin D supplementation meta-analyses,26.0
76.53,68.25,Silver,53.97,69.05,c182a3b6-8eea-43ef-be18-6cd444f150dc,Bronze,ALLIANCE > TISSUE DIRECTORY,17.46,STAMPEDE,16.0
89.43,87.3,Gold,88.89,92.86,c1f947c3-4956-4e0b-93ef-23ce9abda000,Gold,HUBS > DISCOVER NOW,14.29,North West London Primary Care Prescriptions Data (NWL PCP),14.0
42.34,42.06,Not Rated,14.29,16.67,c22d8356-d51b-4d34-aadf-ed356d15fe46,Not Rated,ALLIANCE > DUNDEE,30.16,Fife Radiology,32.0
75.34,65.87,Bronze,50.79,66.67,c2548017-7913-40e1-bf98-aaa2e907b0ea,Not Rated,HUBS > BREATHE,19.05,Assessing the eDPSEEA model in seasonal pollen induced asthma in Islamabad,16.0
42.34,42.06,Not Rated,14.29,16.67,c275f19e-2373-43dc-8e83-3318aaf8bfa4,Not Rated,ALLIANCE > DUNDEE,30.16,Tayside Bowel Screening Dataset,32.0
78.91,70.63,Silver,58.73,73.81,c29c3fbe-700e-4f85-8943-5557c30c1dfa,Bronze,ALLIANCE > TISSUE DIRECTORY,17.46,Arden Tissue Bank,16.0
50.28,48.41,Not Rated,23.81,28.57,c324246a-22d9-45d8-9a7a-a513078be2d1,Not Rated,ALLIANCE > LEICESTER,26.98,Genvasc Primary Care Data,28.0
49.09,46.83,Not Rated,22.22,26.19,c3d84dfa-fe3a-4b86-a0f5-efbe45aa93ad,Not Rated,ALLIANCE > HQIP,28.57,Sentinel Stroke National Audit Programme Acute Organisational survey dataset,28.0
49.05,54.76,Not Rated,50.79,38.1,c415b97f-4dd8-4330-b682-bc76b1bbaab4,Not Rated,ALLIANCE > SCOTLAND,41.27,ECOSS (-/+VE tested patients only),40.0
83.28,73.81,Silver,63.49,78.57,c43363e5-a2cd-4990-a425-733dfe559a4f,Bronze,HUBS > BREATHE,15.87,UK BiLEVE Consortium Dataset,12.0
70.53,73.02,Bronze,73.02,69.05,c55b92d8-889d-435c-b0cb-2d9f7b432839,Bronze,ALLIANCE > CPRD,26.98,HES Accident and Emergency data for CPRD GOLD,28.0
69.53,72.22,Bronze,73.02,69.05,c577669a-a84f-493e-8164-3fe02f618561,Bronze,ALLIANCE > CPRD,28.57,Death Registration data for CPRD Aurum,30.0
49.09,47.62,Not Rated,22.22,26.19,c5994fae-9c4a-47eb-ba42-85bd76e92879,Not Rated,ALLIANCE > HQIP,26.98,National Audit of Psychosis - Audit on Early Intervention in Psychosis services - contextual data,28.0
57.0,65.08,Not Rated,60.32,50.0,c6117afd-bc4d-404b-8d58-9d87db936b4c,Not Rated,ALLIANCE > CPRD,30.16,Practice postcode linked deprivation measures for CPRD GOLD,36.0
74.53,65.88,Bronze,53.97,69.05,c6d6bbd3-74ed-46af-841d-ac5e05f4da41,Not Rated,ALLIANCE > TISSUE DIRECTORY,22.22,Barts CTU,20.0
90.62,89.68,Gold,92.06,95.24,c6dc78fa-1543-4fbf-87d8-a3f48e7de813,Gold,OTHER > COG-UK,12.7,COG-UK Viral Genome Sequences,14.0
62.15,64.29,Not Rated,73.02,64.29,c713773c-e961-400e-b44a-947002deb073,Not Rated,NHS Digital,44.44,Mental Health & Learning Disabilities Dataset v 1 (Non-Sensitive) Episodes,40.0
71.34,75.4,Bronze,73.02,66.67,c720c89a-b2c6-4cd6-b606-df34ff22b1c8,Bronze,HUBS > NHS DIGITRIALS,22.22,Hospital Episode Statistics Outpatients,24.0
88.62,84.12,Gold,92.06,95.24,c7c7d692-99a2-4ef4-b295-35c3e6e243a1,Silver,ALLIANCE > SAIL,23.81,Annual District Death Daily,18.0
76.91,68.25,Silver,57.14,73.81,c83d2206-3778-400b-9b26-27c7588af930,Bronze,ALLIANCE > TISSUE DIRECTORY,20.63,RATHL Trial,20.0
42.34,42.06,Not Rated,14.29,16.67,c8ed8784-91ce-4823-8e80-fa3a4b732e11,Not Rated,ALLIANCE > DUNDEE,30.16,NHS Tayside and Fife Virology,32.0
62.15,64.29,Not Rated,73.02,64.29,c97b8058-a6a4-4c8d-92e1-6e9f4cddd301,Not Rated,NHS Digital,44.44,Mental Health Minimum Dataset v4.1 (Non-Sensitive) Records,40.0
50.09,48.41,Not Rated,22.22,26.19,cabb1db1-ee3e-42ce-a40b-468282e2011d,Not Rated,ALLIANCE > HQIP,25.4,National Audit of Care at the End of Life - case note review,26.0
49.09,46.83,Not Rated,22.22,26.19,cbda5643-96b7-4914-b990-a872e693ff29,Not Rated,ALLIANCE > HQIP,28.57,National Early Inflammatory Arthritis Audit - organisational survey dataset,28.0
62.15,64.29,Not Rated,73.02,64.29,cc383a3f-1c47-4b7d-99cf-be8ee0afe401,Not Rated,NHS Digital,44.44,Mental Health Minimum Dataset v4.1 (Sensitive) Records,40.0
70.72,73.02,Bronze,74.6,71.43,cc3e20da-aca5-471d-a4bb-38e13f350f10,Bronze,ALLIANCE > CPRD,28.57,HES Admitted Patient Care data for CPRD Aurum,30.0
59.43,58.73,Not Rated,38.1,42.86,cef00323-8756-4ea5-99e4-f12dcb2c6297,Not Rated,ALLIANCE > NHS DIGITAL,20.63,Improving Access to Psychological Therapies Data Set,24.0
49.09,47.62,Not Rated,22.22,26.19,cf3f4336-e52d-4b82-8cc5-647dedaaee57,Not Rated,ALLIANCE > HQIP,26.98,National Clinical Audit of Anxiety and Depression - spotlight audit on psychological therapies (clinical),28.0
54.0,59.52,Not Rated,60.32,50.0,cf81a42f-2611-4410-89e9-7e3770d03a15,Not Rated,ALLIANCE > CPRD,41.27,Quality of Life of Colorectal Cancer Survivors in England: Patient Reported Outcome Measures Survey for CPRD GOLD,42.0
87.62,82.54,Gold,92.06,95.24,d0468470-a88f-4692-a19d-c9ac0b9868f3,Silver,ALLIANCE > CYSTIC FIBROSIS,26.98,Cystic Fibrosis Patient Microbiology Cultures,20.0
92.62,91.27,Gold,92.06,95.24,d2667c43-adfd-4a61-b090-38d39e35a392,Gold,ALLIANCE > SAIL,9.52,Welsh Cancer Intelligence and Surveillance Unit (WCISU),10.0
75.53,67.46,Bronze,53.97,69.05,d272b783-8db3-4068-8d0f-05728f786d6d,Bronze,ALLIANCE > TISSUE DIRECTORY,19.05,Cancer Group CTR Cardiff trials,18.0
44.66,51.59,Not Rated,46.03,33.33,d2af6a29-291b-4444-a17c-40f4208f1e1b,Not Rated,NHS Digital,42.86,Patient Reported Outcome Measures,44.0
49.09,46.83,Not Rated,22.22,26.19,d3673b75-ec8f-4c2e-8c9b-6ef1d951f978,Not Rated,ALLIANCE > HQIP,28.57,Sentinel Stroke National Audit Programme Clinical Dataset,28.0
76.72,69.05,Silver,57.14,71.43,d3a3935f-b28e-4e74-9b15-9432d611f26c,Bronze,ALLIANCE > TISSUE DIRECTORY,19.05,MFT Biobank,18.0
70.76,63.5,Bronze,47.62,59.52,d3e859ba-cfb0-4eda-a14c-34b08d113cd9,Not Rated,HUBS > BREATHE,20.63,Strategy introducing Pulmonary Rehabilitation for COPD management in rural India,18.0
41.34,40.48,Not Rated,14.29,16.67,d3fd4dac-2d15-401c-8185-905ee108d9ce,Not Rated,Oxford University Hospitals NHS Foundation Trust,33.33,JANUS,34.0
92.62,92.06,Gold,92.06,95.24,d4614d0c-8e38-413c-83c8-7b5d1cc30ee0,Gold,ALLIANCE > SAIL,7.94,COVID-19 Symptom Tracker Dataset,10.0
76.72,69.05,Silver,57.14,71.43,d51de39c-153a-462b-8de5-cd1424908e0c,Bronze,ALLIANCE > TISSUE DIRECTORY,19.05,UK ME/CFS Biobank,18.0
75.34,65.87,Bronze,50.79,66.67,d5446d68-2fb9-4f0f-962e-7b7ed484d534,Not Rated,HUBS > BREATHE,19.05,Exploration of Pneumonia Related Policy Formation and Implementation in Pakistan,16.0
49.09,46.83,Not Rated,22.22,26.19,d546521a-79be-4a53-83bd-ff008bda6171,Not Rated,HUBS > PIONEER,28.57,Birmingham Out of Hours Research Database,28.0
41.34,40.48,Not Rated,14.29,16.67,d57a096a-4fa3-4529-b508-0b9df0f1893c,Not Rated,Oxford University Hospitals NHS Foundation Trust,33.33,OUH Patient Master Index,34.0
76.72,69.05,Silver,57.14,71.43,d5ab658e-b474-4e22-95f8-92607c40792d,Bronze,ALLIANCE > TISSUE DIRECTORY,19.05,NHS Grampian Biorepository,18.0
74.28,75.4,Bronze,82.54,78.57,d796a1b6-8769-433c-a2cf-6a7b161db1fb,Bronze,HUB > NHS DIGITRIALS,31.75,Civil Registration - Deaths,30.0
81.05,81.75,Silver,85.71,88.1,d7ec9584-cba3-46f9-9ef4-b1cb9eef2e7c,Silver,ALLIANCE > NIHR BIORESOURCE,22.22,Health and Lifestyle Questionnaire,26.0
48.66,46.83,Not Rated,28.57,33.33,d90830f4-5aaa-4075-8c8d-839627224d16,Not Rated,ALLIANCE > CPRD,34.92,Cancer Patient Experience Survey (CPES) for CPRD Aurum,36.0
90.62,89.68,Gold,92.06,95.24,d99dd234-0fed-4731-99fe-82a567187854,Gold,ALLIANCE > SAIL,12.7,Patient Episode Dataset for Wales,14.0
50.09,48.41,Not Rated,22.22,26.19,da4d3e21-3d81-49e9-ada0-6175e2341190,Not Rated,ALLIANCE > HQIP,25.4,National Vascular Registry -  Abdominal Aortic Aneurysm Repair clinical dataset,26.0
62.15,64.29,Not Rated,73.02,64.29,db113fcd-69a0-4357-9c6d-250085deb3f5,Not Rated,NHS Digital,44.44,Mental Health Minimum Dataset v4.1 (Sensitive) Events,40.0
76.53,68.25,Silver,53.97,69.05,dd7e56e7-2683-4b88-bed2-3a27ef3e4c9e,Bronze,ALLIANCE > TISSUE DIRECTORY,17.46,interNational Anaplastic Thyroid Cancer Tissue Bank (iNATT),16.0
50.09,48.41,Not Rated,22.22,26.19,ddc965e7-6f52-4eed-bed5-657e3e7bbeac,Not Rated,ALLIANCE > HQIP,25.4,National Vascular Registry Audit Carotid Endarterectomy Clinical Dataset,26.0
45.72,43.65,Not Rated,17.46,21.43,de1179eb-89fe-45a3-9e3c-e54a2a36ebf0,Not Rated,ALLIANCE > NIHR BIORESOURCE,30.16,NHS Digital data,30.0
49.09,47.62,Not Rated,22.22,26.19,de19b3ea-2600-4472-85e8-628e7beff76e,Not Rated,ALLIANCE > HQIP,26.98,National Bowel Cancer Audit -  Organisational Survey dataset,28.0
86.47,76.98,Gold,63.49,80.95,def6669b-0fac-485c-84b2-2ea83ec31123,Silver,HUBS > BREATHE,9.52,UK Lung Volume Reduction Surgery,8.0
73.15,61.91,Bronze,47.62,64.29,df63e893-f688-4bb4-956c-cc4354bb4001,Not Rated,HUBS > BREATHE,23.81,Klang Asthma Cohort,18.0
41.34,40.48,Not Rated,14.29,16.67,dfb21b3b-7fd9-40c4-892e-810edd6dfc25,Not Rated,Oxford University Hospitals NHS Foundation Trust,33.33,Admitted Patient Care Dataset,34.0
86.62,84.92,Gold,92.06,95.24,e0c871f9-b63c-43a5-9fd6-e5731dae2343,Silver,ALLIANCE > GENOMICS ENGLAND,22.22,GENOMICS ENGLAND 100K PHE LINKED DATA,22.0
92.62,91.27,Gold,92.06,95.24,e0ed59e2-8fb5-44d4-b694-f31d46884954,Gold,ALLIANCE > SAIL,9.52,Brecon dataset,10.0
50.09,48.41,Not Rated,22.22,26.19,e10660af-b420-4e25-8fc9-ea451da1dcfb,Not Rated,ALLIANCE > HQIP,25.4,National Oesophago-Gastric Cancer Audit - clinical dataset,26.0
50.09,48.41,Not Rated,22.22,26.19,e38c8d6c-8655-4432-b654-23f89c0bb495,Not Rated,ALLIANCE > HQIP,25.4,National Joint Registry - Primary Ankle Replacement dataset,26.0
87.62,82.54,Gold,92.06,95.24,e432737f-43c0-43c1-aef5-71cb204d770c,Silver,ALLIANCE > CYSTIC FIBROSIS,26.98,Cystic Fibrosis Patient Tendon Rupture,20.0
51.28,48.41,Not Rated,23.81,28.57,e516a359-74a8-4932-b4df-f2cf75eef89d,Not Rated,HUBS > BREATHE,26.98,Unified Cohorts Research Network,26.0
86.62,82.54,Gold,92.06,95.24,e66b726f-8e58-4411-be32-1d00ba1df13f,Silver,ALLIANCE > CYSTIC FIBROSIS,26.98,Cystic Fibrosis Patient Sweat Tests,22.0
75.53,67.46,Bronze,53.97,69.05,e678366e-bb53-4dbb-a228-05114e0b6eb3,Bronze,ALLIANCE > TISSUE DIRECTORY,19.05,Biobank for patients with retinal degenerations & dystrophies,18.0
74.91,82.54,Bronze,84.13,73.81,e7c99216-2d93-4cc5-96e8-36002aac80b1,Silver,ALLIANCE > SAIL,19.05,Lifelong Learning Wales Record (LLWR),24.0
87.43,84.13,Gold,88.89,92.86,e85e5c8c-b6be-4e8b-8a0b-13b785b457a2,Silver,HUBS > DISCOVER NOW,20.63,North West London Community Data (NWL COM),18.0
75.53,67.46,Bronze,53.97,69.05,e8f23004-f1f7-4a36-859f-25af6ca6433b,Bronze,ALLIANCE > TISSUE DIRECTORY,19.05,University of Liverpool - GCP Laboratory Facility,18.0
42.34,42.06,Not Rated,14.29,16.67,e8f5b1b5-2c08-439a-b337-70b454aa40f3,Not Rated,ALLIANCE > DUNDEE,30.16,"NHS Tayside, A&E Drugs given during an A&E visit",32.0
72.95,64.28,Bronze,47.62,61.9,e9d504fc-4b61-4419-a400-ffda998fc377,Not Rated,ALLIANCE > SCOTLAND,19.05,Scottish Immunisation Recall System (SIRS),16.0
77.09,69.05,Silver,60.32,76.19,ea07f115-9f70-4c21-a373-247a1ca906f0,Bronze,ALLIANCE > TISSUE DIRECTORY,22.22,Research Donors Ltd,22.0
89.43,87.31,Gold,90.48,92.86,ea3f0b0e-d91a-479f-a44e-010d86ddaf3f,Gold,ALLIANCE > SAIL,15.87,COVID-19 Consolidated Deaths,14.0
41.34,40.48,Not Rated,14.29,16.67,eaca9ed1-30b6-4157-8894-8e53efc84849,Not Rated,Oxford University Hospitals NHS Foundation Trust,33.33,Sunquest,34.0
77.72,69.84,Silver,57.14,71.43,eb19fcd9-2e9e-4e27-aa79-ad235952b1ac,Bronze,ALLIANCE > TISSUE DIRECTORY,17.46,Tommy's National Reproductive Health Biobank,16.0
85.05,84.12,Silver,87.3,88.1,ec8e4933-2118-4366-a61a-090748e49be7,Silver,ALLIANCE > SAIL,19.05,Higher Education Statistics Agency (HESA) Student Data,18.0
87.62,87.3,Gold,92.06,95.24,ecbe7275-82b5-43cd-9401-fd7ef4b55341,Gold,ALLIANCE > GENOMICS ENGLAND,17.46,GENOMICS ENGLAND 100K QUICK VIEW,20.0
70.76,63.5,Bronze,47.62,59.52,ecc4daf2-e58a-4ebc-9608-4bc741231fb9,Not Rated,HUBS > BREATHE,20.63,"Introducing pulse oximetry in IMNCI, primary health facilities in Pune India",18.0
42.34,42.06,Not Rated,14.29,16.67,edaf29f4-9857-4bb0-97b9-ae88b70a2a3c,Not Rated,ALLIANCE > DUNDEE,30.16,Fife Microbiology: Isolations,32.0
80.28,69.84,Silver,60.32,78.57,edc8f0c6-64f8-4f6d-a1dd-41e05033d54e,Bronze,HUBS > BREATHE,20.63,Its Not JUST Idiopathic pulmonary fibrosis Study (INJUSTIS),18.0
76.72,69.05,Silver,57.14,71.43,ee5f4405-6930-4a7b-ba00-85a8e8c8a8b9,Bronze,ALLIANCE > TISSUE DIRECTORY,19.05,QTL Programme at MRC HGU,18.0
90.62,88.89,Gold,92.06,95.24,ee78ce42-7f1f-4c97-80cc-ea6ad628e5da,Gold,ALLIANCE > SAIL,14.29,National Survey for Wales,14.0
76.72,69.05,Silver,57.14,71.43,eea147a4-4576-4f86-8ad1-c762137335fd,Bronze,ALLIANCE > TISSUE DIRECTORY,19.05,Manchester Cancer Research Centre (MCRC) Biobank,18.0
91.62,89.68,Gold,92.06,95.24,eebb647a-63eb-4e62-b052-26cb2eb4799d,Gold,ALLIANCE > SAIL,12.7,Emergency Department Dataset Daily,12.0
79.66,80.16,Silver,82.54,83.33,ef42201e-deb1-4675-896a-8a0162fe52a8,Silver,ALLIANCE > CPRD,22.22,CPRD Aurum,24.0
49.09,46.83,Not Rated,22.22,26.19,efbb3bf4-834b-417e-b002-03fc41715e58,Not Rated,ALLIANCE > HQIP,28.57,National Cardiac Audit Programme - National Heart Failure Audit,28.0
70.57,61.91,Bronze,42.86,57.14,eff41dbc-0ce4-4bfe-b51f-7b2753750332,Not Rated,HUBS > BREATHE,19.05,The Malaysian Asthma Hajj Study,16.0
48.09,46.03,Not Rated,22.22,26.19,f075ceb7-5bed-4e6b-8e83-211aee945356,Not Rated,HUBS > PIONEER,30.16,Society for Acute Medicine Benchmarking Audit,30.0
46.91,45.23,Not Rated,20.63,23.81,f1a85970-bddc-499b-92e9-783706c60995,Not Rated,ALLIANCE > NIHR BIORESOURCE,30.16,SNP imputation data,30.0
74.53,66.67,Bronze,53.97,69.05,f1a93b8f-6332-43a2-b2da-c86f68f7d24a,Bronze,ALLIANCE > TISSUE DIRECTORY,20.63,Manchester Eye Tissue Repository,20.0
79.05,76.98,Silver,85.71,88.1,f1d3b068-7dd0-4a28-bd64-3519dd104eb6,Silver,ALLIANCE > NIHR BIORESOURCE,31.75,Case report form,30.0
65.95,62.7,Not Rated,53.97,61.9,f202a9da-f036-4e8c-a069-a20ff6c8a9e1,Not Rated,HUBS > PIONEER,28.57,PIONEER - Genomics Patients and related data,30.0
57.0,65.08,Not Rated,60.32,50.0,f3a53f7a-ea93-4b9e-bccd-afe762259044,Not Rated,ALLIANCE > CPRD,30.16,Practice postcode linked deprivation measures for CPRD Aurum,36.0
50.09,48.41,Not Rated,22.22,26.19,f3ade619-292e-4631-916a-9cd9d7938e48,Not Rated,ALLIANCE > LEICESTER,25.4,The Leicester City and County Chronic Kidney Disease Cohort,26.0
74.53,80.95,Bronze,76.19,69.05,f3b4817a-7924-460c-a1c5-0b24acd81a7d,Silver,ALLIANCE > NHS DIGITAL,14.29,Pillar 2 - Covid-19 UK Non-hospital Antigen Testing Results,20.0
74.53,66.67,Bronze,53.97,69.05,f42b9fa6-adad-4637-943e-6fa7508559a3,Bronze,ALLIANCE > TISSUE DIRECTORY,20.63,Bristol Biobank,20.0
74.72,65.08,Bronze,55.56,71.43,f4915e4b-639c-45ae-9b0f-afab547e1104,Not Rated,ALLIANCE > HQIP,25.4,National Joint Registry - Primary Knee Replacement dataset,22.0
75.53,67.46,Bronze,53.97,69.05,f5b57b56-a4ed-46d4-825f-d181e8db809d,Bronze,ALLIANCE > TISSUE DIRECTORY,19.05,Leeds NIHR Biomarker Research Tissue Bank,18.0
74.53,66.67,Bronze,53.97,69.05,f5ed34fa-154a-4613-a253-277547cfd8ca,Bronze,ALLIANCE > TISSUE DIRECTORY,20.63,Oxford Musculoskeletal Biobank,20.0
74.53,66.67,Bronze,53.97,69.05,f621fcc9-e9ab-4da4-bd34-e4530d11b59d,Bronze,ALLIANCE > TISSUE DIRECTORY,20.63,NIHR Exeter Clinical Research Facility,20.0
50.09,48.41,Not Rated,22.22,26.19,f69d1b15-a0b4-461a-8aff-dba56da0791f,Not Rated,ALLIANCE > HQIP,25.4,National Diabetes Inpatient Audit - Harms clinical dataset,26.0
72.34,61.11,Bronze,49.21,66.67,f73627e3-bd7c-4be2-81b4-3baf846ab787,Not Rated,HUB > BREATHE,26.98,Developing and evaluating interventions to improve asthma care: HEAL ASTHMA,22.0
77.66,76.19,Silver,82.54,83.33,f7c563c0-9625-47be-a070-c121fe734f3c,Silver,ALLIANCE > NIHR BIORESOURCE,30.16,SNP chip data,28.0
50.09,48.41,Not Rated,22.22,26.19,f806fe65-79aa-4843-bc56-a08bf14ffcec,Not Rated,ALLIANCE > HQIP,25.4,National Maternity and Perinatal Audit clinical audit,26.0
49.09,47.62,Not Rated,22.22,26.19,f82b8ca5-5a52-4502-bf78-cfbb718cbe2f,Not Rated,ALLIANCE > HQIP,26.98,"Maternal, Newborn and Infant Clinical Outcome Review Programme - perinatal surveillance dataset",28.0
89.24,88.09,Gold,88.89,90.48,f89af2f4-e3cd-4eaa-835d-94aa347d8a92,Gold,ALLIANCE > IMPERIAL COLLEGE LONDON,12.7,National Neonatal Research Database,12.0
41.34,40.48,Not Rated,14.29,16.67,f8bab14a-bc9b-4dd1-a6c6-c57588605849,Not Rated,ALLIANCE > BARTS,33.33,Maternity Services Dataset,34.0
75.53,67.46,Bronze,53.97,69.05,f8f6e9ea-65c0-48a6-9beb-6de80bbbefda,Bronze,ALLIANCE > TISSUE DIRECTORY,19.05,Multiple Sclerosis and Parkinson's Tissue Bank,18.0
77.72,69.84,Silver,57.14,71.43,f9a712ae-9d41-41a6-b2ca-3127441b03ac,Bronze,ALLIANCE > TISSUE DIRECTORY,17.46,UCL / UCLH Biobank for Studying Health and Disease,16.0
74.72,67.46,Bronze,57.14,71.43,f9f3af0d-ca1c-4e8f-b5e8-20962e1e7b4e,Bronze,ALLIANCE > TISSUE DIRECTORY,22.22,"St Thomas' Hospitals Plasma, serum & DNA Bio bank from patients with antiphospholipid antibodies",22.0
74.91,82.54,Bronze,80.95,73.81,fac038e1-bd42-4df8-b68f-a827095b3784,Silver,ALLIANCE > HBS,15.87,Admissions & Discharges,24.0
49.09,46.83,Not Rated,22.22,26.19,faf7ec31-999a-4d87-9d6d-8837ff2fa486,Not Rated,ALLIANCE > HQIP,28.57,National Cardiac Audit Programme - National Adult Cardiac Surgery Audit (NACSA),28.0
80.66,81.75,Silver,84.13,83.33,fb0e3d82-dcdb-4854-bdf5-99f03514a083,Silver,ALLIANCE > SCOTLAND,20.63,Outpatient Appointments and Attendances - Scottish Morbidity Record (SMR00),22.0
41.34,40.48,Not Rated,14.29,16.67,fc7b44f0-eb69-4257-8c07-7516c1210c46,Not Rated,Oxford University Hospitals NHS Foundation Trust,33.33,CellPath,34.0
76.72,69.05,Silver,57.14,71.43,fcee6c99-a4bd-44b8-a28e-dc63337ce216,Bronze,ALLIANCE > TISSUE DIRECTORY,19.05,eLIXIR - Early Life Data Cross-Linkage in Research,18.0
92.62,91.27,Gold,92.06,95.24,fe3c7527-e802-4a51-9aa2-19e7d4d22783,Gold,ALLIANCE > SAIL,9.52,National Exercise Referral Scheme,10.0
50.09,48.41,Not Rated,22.22,26.19,fe4662ad-9080-4bd8-8de4-51195d275d5b,Not Rated,ALLIANCE > HQIP,25.4,National Joint Registry - Primary Shoulder Replacement dataset,26.0
48.09,46.03,Not Rated,22.22,26.19,fe872375-2401-4de1-9650-d4139cf5793a,Not Rated,ALLIANCE > HQIP,30.16,National Paediatric Diabetes Audit - Parent and Patient Recorded Experience measures,30.0
90.43,92.06,Gold,92.06,92.86,fea0b4be-4097-4c2e-86f2-03dc1ee2877b,Gold,ALLIANCE > SAIL,7.94,Welsh Dispensing Dataset,12.0
62.15,64.29,Not Rated,73.02,64.29,ff2c6982-00f3-4483-9fc2-19b3a7211d8d,Not Rated,NHS Digital,44.44,Mental Health Minimum Dataset v4 (Non-Sensitive) Records,40.0
74.15,65.08,Bronze,49.21,64.29,ffc34689-1a81-4f56-9c3f-e62b76d8445b,Not Rated,HUBS > BREATHE,19.05,Teleconsultation in remote rural India: management of COPD and Asthma,16.0
