schema_version,pid,id,publisher,title,weighted_quality_rating,weighted_quality_score,weighted_completeness_percent,weighted_error_percent
2.0.1,56130df6-1880-4600-a7a4-afa9a4bcc895,0150353c-d33d-4af0-b177-8ef0adf867f4,HUB > BREATHE,Estimating Chronic Respiratory Disease burden in adults in Asian LMICs,Not Rated,55.37,43.62,32.89
2.0.1,c8f2ee14-2831-445d-a207-2f7f932f4735,022cedb4-650d-4566-be41-8d7ed07a5112,ALLIANCE > HEALTH AND SOCIAL CARE NORTHERN IRELAND,COVID antigen  testing - Pillar 2,Gold,81.88,78.52,14.77
2.0.1,a265af2e-40fc-4759-af61-eab293cdad5a,02dceba1-65c7-49e8-a3e2-05e71c1a3033,ALLIANCE > PUBLIC HEALTH SCOTLAND,Unscheduled Care Datamart,Platinum,92.62,85.91,0.67
2.0.1,15cf4241-abad-4dcc-95b0-8cd7c02be999,03db4df3-f482-4bdd-a335-546ffffbeaab,ALLIANCE > SAIL,Annual District Death Extract,Platinum,91.28,91.28,8.72
2.0.1,9f29d47e-4e9a-41b8-b7bc-5ef3570294ef,05716e41-9842-4c07-8ddd-af9f9231e056,ALLIANCE > SAIL,Bowel Screening Wales,Platinum,91.28,91.28,8.72
2.0.1,596077a9-298b-44cc-aa7a-81f04cf5dcb3,0600a271-4a24-414f-a2d0-4b12e5c47d72,ALLIANCE > University of Nottingham,PANTHER study,Gold,82.55,70.47,5.37
2.0.1,2d3ec99a-a087-4355-8539-5a22cef58910,07169a48-2e59-4ef6-ad77-f272d60b5a83,HUB > DISCOVER NOW,North West London Mental Health Data (NWL MH),Platinum,91.17,91.17,8.83
2.0.1,2ddf0659-f05a-4f1c-b558-63a96e5b49f7,07b82dd5-adc3-42c5-8a60-914042b5bc40,ALLIANCE > UK Biobank,Exome sequencing,Not Rated,55.03,44.97,34.9
2.0.1,e4004e0e-6adb-4b11-82c2-af0caf61d751,08846261-45f0-4bcf-9801-fe785dcef1c9,ALLIANCE > SAIL,Careers Wales dataset,Platinum,90.94,91.28,9.4
2.0.1,245bffa9-07c3-40b6-916b-161062cdf674,08a29778-afac-4ae0-86fc-5ca544d53874,ALLIANCE > HEALTH INFORMATICS CENTRE - UNIVERSITY OF DUNDEE,Walker Study Data,Not Rated,48.99,22.15,24.16
2.0.1,0b630200-1e7c-4b19-ad53-bcc8863f7ade,08fd6103-be40-4380-9399-aecaeb216d33,NCS > OFFICE FOR NATIONAL STATISTICS,Labour Force Survey (Household),Not Rated,50.34,33.56,32.89
2.0.1,79086e92-cbbf-4615-b642-bc65d8a3bc6d,0c74238f-58b4-42d4-a97a-94737d75a897,ALLIANCE > HEALTH INFORMATICS CENTRE - UNIVERSITY OF DUNDEE,Fife Microbiology: Isolations,Not Rated,48.99,22.15,24.16
2.0.1,22e3943e-edb5-44a1-9e4e-22b0f7a31767,0cb92a4a-cc82-4c33-98f7-06ba93818c50,ALLIANCE > PUBLIC HEALTH SCOTLAND,Prescribing Information System (PIS),Platinum,93.29,87.25,0.67
2.0.1,fa2ec63d-f76d-4555-8fc1-f4bd66e3c60d,0d5bb5b4-ad38-4313-8b19-cd37491c0b41,ALLIANCE > NHS DIGITAL,Mental Health Services Data Set,Platinum,92.28,87.92,3.36
2.0.1,00201dde-1faf-41d3-b282-5c24c0ca3697,0e80170d-de4f-4349-a879-c54a70262736,ALLIANCE > HEALTH INFORMATICS CENTRE - UNIVERSITY OF DUNDEE,Tayside Bowel Screening Dataset,Not Rated,48.99,22.15,24.16
2.0.1,2c5f3ef6-53f8-42e6-a077-8718261df026,0fde8427-1072-4b77-9997-635157ef370a,HUB > DISCOVER NOW,North West London Pathology (NWL PATH),Platinum,91.28,91.28,8.72
2.0.1,1d7a0222-d5ae-41f7-afe9-8d3bd564b00e,135ba51b-8a01-4624-b3c4-1d6f5b22b357,HUB > DISCOVER NOW,North West London COVID-19 Patient Level Situation Report (NWL COVID19 PLD SITREP),Gold,89.93,91.28,11.41
2.0.1,11d3cf0f-ae5d-42f4-a756-b98c3eff46bc,15123705-7d80-4803-a3b4-d145bf2902c5,ALLIANCE > NHS DIGITAL,MSDS (Maternity Services Data Set),Gold,89.6,85.23,6.04
2.0.1,1eb67fd5-33f6-49dd-a43d-854fff9f25f5,15805559-2115-4822-b91f-635de36fb289,ALLIANCE > SAIL,Active Adult Survey,Platinum,91.61,91.95,8.72
2.0.1,4cc5ed33-3190-4f80-953b-cabd5a2b1c7c,15efea36-d022-495c-a5b6-90f51631a643,ALLIANCE > GENOMICS ENGLAND,GENOMICS ENGLAND 100K QUICK VIEW,Platinum,92.95,91.95,6.04
2.0.1,3d6b69dc-cb3c-4b9a-bdea-a798e7d5b5cf,16e343ce-61f5-4f04-9fae-4fa6c9babf61,ALLIANCE > SAIL,NHS 111 Dataset,Gold,87.25,85.91,11.41
2.0.1,f8be6d46-61de-4ed3-b127-76cdf92209d0,18028eac-b157-4264-9b86-9928c8e1709a,ALLIANCE > NHS DIGITAL,Personal Demographic Service,Platinum,92.28,87.92,3.36
2.0.1,98999c67-0133-4f11-be95-b84ee5727c84,1900af1a-bd21-4157-ac48-203eec682073,ALLIANCE > GENOMICS ENGLAND,GENOMICS ENGLAND 100K BIOINFORMATICS DATA,Platinum,90.27,89.26,8.72
2.0.1,,19f9399a-2794-47af-aca1-357014a1ee31,HUB > PIONEER,UHB 2020 Winter Society of Acute Medicine Benchmarking Audit,Platinum,91.95,91.28,7.38
2.0.1,54095c0e-6faa-4de4-ac26-e2c7ef3cba5c,1bfdab55-3e6a-4b26-bff1-0105ad416cea,OTHER > Office for National Statistics,Linked Census and death occurrences,Platinum,90.39,83.68,2.9
2.0.1,798567eb-d790-466e-880b-75a1e94ffdf2,1db7ce43-0dc3-4fa9-8bc8-14db16aba508,ALLIANCE > HEALTH INFORMATICS CENTRE - UNIVERSITY OF DUNDEE,Patient SIMD Postcode,Not Rated,48.99,22.15,24.16
2.0.1,4c33a5d2-164c-41d7-9797-dc2b008cc852,2057a9e3-b491-4d8f-874c-9857d00116b0,ALLIANCE > SAIL,Patient Episode Dataset for Wales,Platinum,91.61,91.95,8.72
2.0.1,05e6752e-3a0b-4809-aa14-207b4761ef60,22173c55-25db-4616-97d8-04fdb6899387,ALLIANCE > PUBLIC HEALTH SCOTLAND,Scotland Accident and Emergency,Platinum,92.95,86.58,0.67
2.0.1,cfa1ef13-8ae0-4827-8a0f-9d2df5244725,22e14c8d-9d92-4437-b39b-f69f7b033d13,HUB > PIONEER,The impact of ethnicity and multi-morbidity on C19 hospitalised outcomes,Platinum,90.6,86.58,5.37
2.0.1,3f2b37f1-e8f7-42e5-83c4-fc9e1c58725d,239e8253-a997-4676-8940-16b74a004365,ALLIANCE > GENOMICS ENGLAND,GENOMICS ENGLAND 100K RARE DISEASE & COMMON,Platinum,91.21,91.54,9.13
2.0.1,368ad790-3ad8-4f93-9a7c-0bfb64dc6015,24095736-dbea-4c37-86fe-ddf3a6933a6b,ALLIANCE > SAIL,Welsh Cancer Intelligence and Surveillance Unit (WCISU),Platinum,91.61,91.95,8.72
2.0.1,98cda353-0011-45b2-80ca-4ed24cd084bf,2537007c-9e9e-4441-a0d1-59fa400566c5,ALLIANCE > PUBLIC HEALTH SCOTLAND,General Acute Inpatient and Day Case - Scottish Morbidity Record (SMR01),Platinum,90.27,86.58,6.04
2.0.1,a0c27454-8cbe-418f-bdae-a85d5e92e9d4,258c9577-76cd-45c7-a6b5-8e7eed07ce9e,ALLIANCE > SAIL,Maternity Indicators Dataset,Platinum,91.61,91.95,8.72
2.0.1,80564a6b-1458-41de-a131-772eb93c0509,26c561da-15eb-4fdd-8dde-c16d0114f297,ALLIANCE > NHS DIGITAL,Hospital Episode Statistics Critical Care,Gold,89.6,85.23,6.04
2.0.1,48ef8f54-9606-4e6f-9256-3cc07ffd10b8,26da4493-a78b-4090-ba18-e6c600d2c375,ALLIANCE > SAIL,Pathology Data from WRRS,Platinum,91.61,91.95,8.72
2.0.1,1032850f-7631-4d9e-a760-b0532bffd21a,278b91aa-7ad1-4b89-86aa-10e9e013f0cf,HUB > DISCOVER NOW,North West London population data (NWL POP),Platinum,91.28,91.28,8.72
2.0.1,c0fc84af-aeab-4c7e-aa0b-8264baff55d9,28868e22-c162-4374-a408-690933dc318d,ALLIANCE > SAIL,COVID-19 Test Trace and Protect [CTTP],Gold,88.93,86.58,8.72
2.0.1,1d5b9205-dae4-4b0e-a3d3-04707875edf8,2aabcea9-d0dd-4780-b162-3c7ed3ee9888,ALLIANCE > HEALTH AND SOCIAL CARE NORTHERN IRELAND,Admissions & Discharges,Gold,87.92,84.56,8.72
2.0.1,32edd77d-533c-423f-b045-937507f8505d,2ab363bf-3013-475b-8254-bd7740f70edb,ALLIANCE > HEALTH INFORMATICS CENTRE - UNIVERSITY OF DUNDEE,Renal Register – ISD National dataset,Not Rated,48.99,22.15,24.16
2.0.1,a380bd6b-009f-4b78-b638-ba9ee62be2eb,2b09ea87-5b22-4049-b7dd-de0889699115,ALLIANCE > SAIL,Millennium Cohort Study,Gold,80.2,72.48,12.08
2.0.1,14c31b39-f189-4417-bd38-635268495593,2d4b933d-1c8b-4fde-860e-c324454d28f9,ALLIANCE > GENOMICS ENGLAND,GENOMICS ENGLAND 100K NHSD LINKED DATA,Platinum,92.9,91.89,6.1
2.0.1,1fe1e7bb-ef6e-4d89-9824-bb560afc81f0,2f19548c-99d7-4f48-a418-d7afb77aebec,HUB > DISCOVER NOW,North West London Patient Index (NWL PI),Platinum,91.28,91.28,8.72
2.0.1,dd4629c0-14b6-4cba-8dcf-31ec5fea68bb,2f8f1d52-3999-40af-9dc8-9fefa0ab348f,HUB > PIONEER,Coagulopathies & arterial/venous thrombosis in COVID patients: an OMOP dataset,Platinum,92.28,87.25,2.68
2.0.1,6c4ed998-0f05-415c-a3e4-42430bb62d24,3141f405-9653-4189-9a1f-443a463d4b1b,ALLIANCE > SAIL,Systemic Anti-Cancer Therapy Dataset [SACT],Gold,86.91,85.23,11.41
2.0.1,faf2fc49-d09f-4ea2-a2cb-b1d30fffa406,33e96a6f-8791-48c7-a440-889dba594c36,ALLIANCE > HEALTH INFORMATICS CENTRE - UNIVERSITY OF DUNDEE,"Deaths – CHI, Community Health Index",Not Rated,48.99,22.15,24.16
2.0.1,750063ea-6bfd-4492-9748-2a18080cf6ea,3728b674-68a2-4710-9f8e-b0fc3f2add10,ALLIANCE > HEALTH INFORMATICS CENTRE - UNIVERSITY OF DUNDEE,NHS Tayside and Fife Accident & Emergency Dataset (ISD/National),Not Rated,47.65,22.15,26.85
2.0.1,050163dc-1728-4ac5-a7d9-4dd3ca0ca12a,384176d1-8c17-46e5-8771-7e27fe3b184e,ALLIANCE > NHS DIGITAL,Civil Registration - Deaths,Gold,89.6,85.23,6.04
2.0.1,6fe7e004-eb51-4c7b-9905-1ec9a4827dca,38468759-3351-4722-9eeb-4c6dc9fa44ce,ALLIANCE > SAIL,Congenital Anomaly Register and Information Service,Platinum,91.61,91.95,8.72
2.0.1,8e739a01-bcfa-4b75-b7f8-e694ee185f8d,39537838-164a-4aee-8859-957f0a347390,NCS > OFFICE FOR NATIONAL STATISTICS,Business Impact of COVID-19 Survey (BICS),Silver,72.15,63.09,18.79
2.0.1,722056a5-5fc6-4ad2-8efe-62a80dd6389b,3a56c317-bf1b-448d-89ab-3421eae3aa18,ALLIANCE > UK Biobank,Death register,Bronze,65.77,58.39,26.85
2.0.1,12a77014-4a77-4eb1-8b26-f49689352d1b,3ab70331-aa54-4f0d-aa95-ea2b95bed9d5,ALLIANCE > SAIL,Annual District Birth Extract,Platinum,91.28,91.28,8.72
2.0.1,6f8182d2-2993-400d-829d-b52cdb324bf3,3c9e8226-f12c-4824-9996-29a667b9609c,ALLIANCE > PUBLIC HEALTH SCOTLAND,SICSAG Episodes (Scottish Intensive Care Audit Group),Platinum,91.95,87.25,3.36
2.0.1,3ddfccc3-ba32-4653-a999-966b8d6c412f,3ce8ddf2-c69b-4143-9e39-86c0ac2d8482,ALLIANCE > NHS DIGITAL,Hospital Episode Statistics Accident and Emergency,Gold,87.58,83.89,8.72
2.0.1,da91f0eb-1761-485b-8b7f-9121b6a1d004,3d13bc38-3f7f-4807-8847-2a10d6402dd3,ALLIANCE > SAIL,Cancer Network Information System - CNIS / CANISC,Gold,87.25,85.91,11.41
2.0.1,6d044471-62d2-4190-b315-503f77d33ef2,3e13c6f0-2760-4ece-b047-77d750d9cdbd,ALLIANCE > HEALTH INFORMATICS CENTRE - UNIVERSITY OF DUNDEE,Prescribing,Bronze,62.42,35.57,10.74
2.0.1,29a714e1-5289-4362-be24-2848c954344e,3fceb952-0b21-40f4-bd69-fa5cd7ad7df9,ALLIANCE > SAIL,Cafcass Wales,Platinum,91.61,91.95,8.72
2.0.1,f06ec631-77d0-4b12-a21f-f11e7af49ba5,401bfb5b-b66b-49e7-931a-280fd6694bbf,ALLIANCE > NHS DIGITAL,Covid-19 UK Non-hospital Antigen Testing Results,Platinum,92.95,88.59,2.68
2.0.1,2004c512-f7c9-4995-b820-55f36aa3fad2,41369771-7b1d-478f-a96c-96c25b637cb2,ALLIANCE > NHS DIGITAL,Secondary Uses Services Payment By Results,Platinum,92.62,88.59,3.36
2.0.1,0e38bbf4-c788-4a1a-9af8-a24821250154,41a667eb-1c84-4665-b0d4-d26405d277c5,ALLIANCE > SAIL,Domiciliary Social Care Worker [DSCW],Gold,87.25,85.91,11.41
2.0.1,93a7352f-fce4-42c9-9a8c-efc7fe23eda0,480ccd8a-309e-417a-ac23-5b2d9cd281b1,ALLIANCE > UK Biobank,Genotype,Not Rated,59.06,50.34,32.21
2.0.1,de9cf0f5-b26a-4363-9df8-3628a4aa6b6e,4b1202a7-aaf8-486d-86b0-d75a421a5e60,HUB > DISCOVER NOW,North West London Adult Social Care Data (NWL ASC),Platinum,90.01,90.01,9.99
2.0.1,c74a9b9e-1fea-4aac-99fd-54e30668e085,4b6d3344-e73a-4f46-8e9d-fabb85827772,ALLIANCE > SAIL,Daily Situation Report Data,Platinum,91.28,91.28,8.72
2.0.1,1fc57971-5af5-499e-a500-4ffbb087f0c4,50e341b3-11cb-4ea3-afd0-be193c0df91f,ALLIANCE > PUBLIC HEALTH SCOTLAND,RAPID (Hospital Stay Level Data),Gold,86.21,80.5,8.09
2.0.1,f61f116d-f732-450e-9d34-c6ae00e3fd1e,511f73b6-5181-408d-ae40-69b0ef70e732,ALLIANCE > NHS DIGITAL,COVID-19 SARI-Watch (formerly CHESS),Platinum,91.28,87.92,5.37
2.0.1,20fe153c-a5e5-4991-900e-8fa9988e771a,553a0fcb-6bed-493c-a185-fa97dc5f370d,ALLIANCE > SAIL,National Community Child Health Database (NCCHD),Platinum,91.61,91.95,8.72
2.0.1,49e63323-e564-48ac-9f11-cf77bf0fe20b,5852d8bc-d721-4daf-a63b-21aebcc6f5a9,ALLIANCE > HEALTH INFORMATICS CENTRE - UNIVERSITY OF DUNDEE,Tayside & Fife Diabetes – Summary and a range of diabetes related datasets.,Not Rated,48.99,22.15,24.16
2.0.1,a77e52cc-d404-45d6-835f-32e2dc46778a,5976dcec-607f-4a42-b7dd-3cfb3904c2af,ALLIANCE > NHS DIGITAL,Covid-19 UK Non-hospital Antibody Testing Results,Platinum,93.96,87.92,0.0
2.0.1,4ac15572-fe9a-46d3-860d-a46b616181f7,598989e4-17b7-4730-87af-b7e6b1519301,NCS > OFFICE FOR NATIONAL STATISTICS,Labour Force Survey (Longitudinal),Silver,76.85,69.8,16.11
2.0.1,e253257c-48c2-491b-b3b9-205161a16a7e,5aa849d6-cff2-4515-8510-f5472b07955d,NCS > OFFICE FOR NATIONAL STATISTICS,Coronavirus and the social impacts on Great Britain,Bronze,67.79,57.72,22.15
2.0.1,2843087f-23a4-4cfe-8e72-53f2b9562cc3,5ae869f8-b6af-41c0-bca0-1fffef112375,ALLIANCE > HEALTH AND SOCIAL CARE NORTHERN IRELAND,Enhanced Prescribing Database,Gold,86.58,84.56,11.41
2.0.1,86f46be3-bc29-4820-8363-de6530a94c6f,5d76d094-446d-4dcc-baa1-076095f30c23,ALLIANCE > NHS DIGITAL,Diagnostic Imaging Dataset,Gold,89.93,85.91,6.04
2.0.1,fa257aa8-51fc-4eb7-a448-e473fa54686d,5e2a7277-dc64-499a-b16d-51850d9ad00b,ALLIANCE > SAIL,Emergency Department Dataset Daily,Platinum,92.62,91.28,6.04
2.0.1,602d8093-6a1e-42cf-a89c-8bf0d47ecc8c,5eaf28aa-dfd4-4bf6-b5e7-3d172a2c3cf7,HUB > DISCOVER NOW,North West London Integrated Care Record (NWL ICR),Platinum,91.05,91.05,8.95
2.0.1,2f66bcf9-e626-4e8d-bc6e-2d3958e709d8,62087504-c04e-4382-9c71-e1c9b83d2d5e,NCS > NCS > OFFICE FOR NATIONAL STATISTICS,Census 2011 E&W - Household structure for COVID-19 models,Platinum,90.6,83.89,2.68
2.0.1,7749d90e-dd7a-4697-8a9c-666491c64a0c,621008c7-67ac-4e3d-9c54-af87cc2f9579,ALLIANCE > NHS DIGITAL,Emergency Care Data Set (ECDS),Platinum,92.95,88.59,2.68
2.0.1,81c53293-ef64-4507-8fcf-2a254dc19936,621576c2-a995-424b-a506-2276f9b03f37,ALLIANCE > PUBLIC HEALTH SCOTLAND,Scottish Birth Record (SBR),Platinum,91.61,85.91,2.68
2.0.1,ea748742-568a-46e2-b603-2fada49024e1,62c01293-83a5-4d4d-9d36-9d7aa2bf120f,ALLIANCE > GENOMICS ENGLAND,GENOMICS ENGLAND 100K PHE LINKED DATA,Gold,89.84,90.18,10.5
2.0.1,594cfe55-96e3-45ff-874c-2c0006eeb881,6325125b-6157-4c20-8bc0-54e2c45cf19b,ALLIANCE > SAIL,COVID-19 Symptom Tracker Dataset,Platinum,91.61,91.95,8.72
2.0.1,811a54fb-8b79-442f-8e28-a725a0561a15,63f9444f-d23b-425c-9ee5-aa09968afa08,ALLIANCE > PUBLIC HEALTH SCOTLAND,SICSAG Daily (Scottish Intensive Care Audit Group),Platinum,91.95,87.25,3.36
2.0.1,86838cad-d5d3-4b65-9c37-29b0c8c36309,6413c50a-21a4-49ac-8865-b4e59cf42cd6,HUB > BREATHE,Salford Lung Study,Bronze,64.09,58.39,30.2
2.0.1,68b04d3b-17b4-4a04-a8a3-e2a93ed231df,64c6a583-f71b-478e-a26b-5e581226ec6d,ALLIANCE > SAIL,Higher Education Statistics Agency (HESA) Student Data,Platinum,91.28,91.28,8.72
2.0.1,97896866-ab5e-408a-ac5a-072802db9faf,65c8a30c-de2c-47bf-87e4-18c86e75e54a,ALLIANCE > SAIL,Diagnostic and Therapy Services Waiting Times,Platinum,91.28,91.28,8.72
2.0.1,1789286a-deaf-49df-88cd-660e92934af6,67ae329c-f51e-4a28-9a1c-e35d2819a6c3,ALLIANCE > SAIL,Critical Care Dataset,Platinum,91.61,91.95,8.72
2.0.1,dc22db56-8791-4e96-9ce6-6b6a58b1241f,67ef8ade-51e6-4737-acee-be871751a698,ALLIANCE > SAIL,COVID-19 Shielded People list,Platinum,91.61,91.95,8.72
2.0.1,50ef6443-ed4b-40f9-97fb-1cfd53be6579,6b7893b5-74bc-49e2-ab4d-50e7695f54a5,ALLIANCE > SAIL,Welsh Dispensing Dataset,Platinum,92.95,91.95,6.04
2.0.1,fede31c6-a9c5-4cfb-9866-9b58b2199cff,6c878d69-2662-42db-85da-15e087606442,ALLIANCE > NHS DIGITAL,Covid-19 Second Generation Surveillance System,Platinum,92.62,87.92,2.68
2.0.1,855a84b2-9d58-4b2b-a450-b6c6d534e403,6dd0f10d-82fa-438f-ba74-9c880f60bf4c,ALLIANCE > HEALTH INFORMATICS CENTRE - UNIVERSITY OF DUNDEE,NHS Tayside and Fife Virology,Not Rated,48.99,22.15,24.16
2.0.1,41ac38b0-31cd-4865-a357-80ce557b2312,6e5916d4-017c-4542-bc71-edf6d4c5a055,ALLIANCE > UK Biobank,Biological samples,Bronze,61.74,55.7,32.21
2.0.1,f5f6d882-163d-4ef1-a53e-000fba409480,6f24a4b8-66ab-4ea7-aa8c-3be3d0b4abf1,ALLIANCE > SAIL,COVID-19 Test results,Platinum,91.61,91.95,8.72
2.0.1,fa8bf269-4769-491b-b398-fa63137d14ab,6f348bdc-21e4-459b-b658-dc839a1e2133,ALLIANCE > SAIL,Intensive Care National Audit and Research Centre,Platinum,91.28,91.28,8.72
2.0.1,584bf8c8-d58f-44c6-9b65-e1611144fd54,73867034-fe12-4d23-8d11-66da716dcb3d,ALLIANCE > SAIL,Annual District Death Daily,Gold,89.93,91.28,11.41
2.0.1,3abc20ce-3dc6-4715-9de0-56aa97a6f5ec,7389dc03-1fc7-4af7-b12c-bbab448290f9,ALLIANCE > HEALTH AND SOCIAL CARE NORTHERN IRELAND,COVID antigen testing - Pillar 1,Gold,85.23,81.88,11.41
2.0.1,8c60a308-1e47-4a0c-8b69-9259f05338cb,73ba9de7-67fe-4728-b397-bc5fb1d67df1,OTHER > Office for National Statistics,Labour Force Survey (Person),Not Rated,53.02,36.24,30.2
2.0.1,a4751434-54ea-4d22-a66a-a5d32bd80c40,75614b69-bc18-416b-9d27-fd8ca9fc4521,ALLIANCE > UK Biobank,Cancer register,Bronze,65.77,58.39,26.85
2.0.1,add6226b-0f21-439a-84a6-51dc26cdc425,7639cdc3-f368-4a43-80bd-58a67e70d407,ALLIANCE > SAIL,Intensive Care National Audit and Research Centre - Covid19,Platinum,91.28,91.28,8.72
2.0.1,31f0148b-f965-4136-ab39-6c5bbbf8c2d9,77824298-ef3b-40f7-a0a4-b6dedb2e7a02,ALLIANCE > NHSX,The National COVID-19 Chest Imaging Database,Platinum,92.95,89.26,3.36
2.0.1,10ffac16-d0c2-4d53-ab6a-69a38e283223,7858978f-30e8-42e7-abe4-d9af5447c278,ALLIANCE > HEALTH INFORMATICS CENTRE - UNIVERSITY OF DUNDEE,NHS Tayside and Fife Haematology Biochemistry (Lab Data Restructured),Bronze,62.42,35.57,10.74
2.0.1,0a852454-ee67-443b-a091-d13499a71b41,79a7ad18-6941-4543-924a-787f2381f5e0,ALLIANCE > PUBLIC HEALTH ENGLAND,National Cancer Registration and Analysis Service,Gold,85.57,83.22,12.08
2.0.1,cacba424-6c2c-4b57-8f5b-64e92a78370a,7c738c20-953f-4003-b972-4abc6e163efb,HUB > PIONEER,Ventilatory strategies and outcomes for patients with COVID: a dataset in OMOP,Platinum,90.6,83.89,2.68
2.0.1,0f930154-0a0e-4bef-9464-59e657b904d6,7e6c0a1f-c06f-4e5f-ae2f-93500569c4a5,HUB > DISCOVER NOW,North West London Primary Care Events Data (NWL PCE),Gold,89.93,91.28,11.41
2.0.1,702f0198-bdfe-401e-97f2-35f5d26357ad,7fdb684d-bb7a-4d0b-8666-9f10510f071f,ALLIANCE > GENOMICS ENGLAND,GENOMICS ENGLAND 100K CANCER & COMMON,Platinum,91.07,91.41,9.26
2.0.1,8f486c3d-9504-4a0e-8e24-ab96f057fc9e,80b54fc9-8dc0-4134-880d-ffa8d4473204,ALLIANCE > PUBLIC HEALTH SCOTLAND,NHS Scotland General Practice (GP) Contact Data - Subset,Platinum,90.58,84.54,3.38
2.0.1,b32325d7-7f00-4d20-9935-dd02e1bc6932,80e9c439-4909-4534-8bfe-6f01fdec7de7,ALLIANCE > SAIL,Cervical Screening Wales,Platinum,91.28,91.28,8.72
2.0.1,d47c809f-3da8-4f8a-b1ee-258d21aad530,824e20d9-217a-4028-bb49-91164edcca00,ALLIANCE > PUBLIC HEALTH SCOTLAND,Maternity Inpatient and Day Case - Scottish Morbidity Record (SMR02),Platinum,90.27,86.58,6.04
2.0.1,131784c0-769d-4f7b-b7d0-b5f4b89886d4,8270e26b-65ea-479c-8462-f5315b2657eb,ALLIANCE > SAIL,National Exercise Referral Scheme,Platinum,90.27,91.95,11.41
2.0.1,8cbb73e2-a2c4-4caf-8dcd-6ac3795bb996,84b6d047-2a05-4fc0-8537-809dbb3d18ed,OTHER > The University of Cambridge,COMPARE,Bronze,64.09,57.72,29.53
2.0.1,d4362d41-0838-4f41-bba3-c3268312c444,8a05b76d-b0ec-4c28-96b5-11601e26933a,ALLIANCE > NHS DIGITAL,Hospital Episode Statistics Outpatients,Gold,88.26,85.23,8.72
2.0.1,d020302b-a691-49fb-9d10-1274af2f3110,8a128e75-0188-40a3-94d4-5f1967fcffb2,ALLIANCE > HEALTH INFORMATICS CENTRE - UNIVERSITY OF DUNDEE,Fife Radiology,Not Rated,48.99,22.15,24.16
2.0.1,8ee61578-e298-423a-be22-cb0438023e5c,8a5047c0-bbe5-4b81-a56e-f6e7c1f3a5d9,ALLIANCE > SAIL,Cafcass England,Platinum,91.61,91.95,8.72
2.0.1,9f1df859-f1d0-4f1e-959e-affd05138a25,8cf1f0e9-10a6-4c59-824c-aca2f6dba670,HUB > DISCOVER NOW,North West London Outpatient Care Data (NWL OP),Platinum,91.28,91.28,8.72
2.0.1,5616e0a6-22f1-43a5-a2bd-dcecfa2f3b70,8e66e623-2859-4a65-93d7-abd41e139976,ALLIANCE > NHS DIGITAL,Community Services Data Set,Silver,74.83,60.4,10.74
2.0.1,d331159b-b286-4ab9-8b36-db39123ec229,8e6d7fcc-a4ad-4a32-bbc2-fe8631a38b43,ALLIANCE > SAIL,Outpatient Dataset,Platinum,91.28,91.28,8.72
2.0.1,628e9ad9-28c5-4d58-9ec5-04a63be9b4cf,90ad6023-6c7f-4605-9323-b478a27c3c9a,NCS > OFFICE FOR NATIONAL STATISTICS,Covid-19 Infection Survey,Platinum,90.6,83.89,2.68
2.0.1,788857b5-6a5b-4ec2-825e-d965e291cf45,90baf782-0f16-4a48-8ff9-5a0b2aed7cd0,HUB > DISCOVER NOW,North West London Admitted Patient Care Data (NWL APC),Platinum,91.27,91.27,8.73
2.0.1,bcca421a-9077-4c47-9daa-b1bc030d3dee,9360bc6c-2a7d-4415-869d-3e853c558f4d,ALLIANCE > SAIL,National Survey for Wales,Platinum,91.61,91.95,8.72
2.0.1,b88c2b24-b75d-4d28-9391-2dbac1605a17,93ad5a26-65f5-438f-b4e3-9f7078cc2f92,ALLIANCE > HEALTH INFORMATICS CENTRE - UNIVERSITY OF DUNDEE,Demography,Bronze,62.42,35.57,10.74
2.0.1,32a2dcb1-1e18-44ba-ad49-b3da312ca447,93d26255-7199-4ea7-997d-f74890d12b87,ALLIANCE > UK Biobank,Imaging,Bronze,60.4,53.02,32.21
2.0.1,616c4488-65a5-4608-a187-0c6bc78b359a,960c4d6c-11dc-42c0-ab30-82606fd2974e,HUB > DATA-CAN,Real Time Data Network (RTDN),Platinum,93.96,87.92,0.0
2.0.1,84336be3-23bd-466e-b29b-df48db897665,9a85b69e-fd3e-4522-bc68-48024df0ea3e,ALLIANCE > ISARIC 4C,COVID-19 Clinical Information Network (CO-CIN),Gold,89.93,85.23,5.37
2.0.1,419e5a82-2d82-48a7-a8f3-a83e64a54e92,9ce35921-a1de-444b-a822-c0f6a8003797,ALLIANCE > HEALTH INFORMATICS CENTRE - UNIVERSITY OF DUNDEE,Tayside Pathology,Not Rated,48.99,22.15,24.16
2.0.1,323dc330-aad9-472a-b579-ab66f5f75906,9e965a9f-4213-43f3-9033-c7df1610ceb5,HUB > PIONEER,The impact of COVID on hospitalised patients with COPD; a dataset in OMOP,Platinum,91.95,86.58,2.68
2.0.1,487222b7-5c13-4a92-8b41-044796048720,9f34263d-ea74-4ddf-84df-b8dedd4baf6d,NCS > OFFICE FOR NATIONAL STATISTICS,Death registration data - Provisional Monthly Extracts,Silver,74.5,67.79,18.79
2.0.1,14c697a5-2d41-4d86-bf17-2e596d07418b,a11a234b-8b59-41e8-920a-f8f1799d3c77,ALLIANCE > UK Biobank,Biological sample assays,Bronze,60.4,53.02,32.21
2.0.1,9c6e891f-6449-48d2-a1c3-8dd236e34bbd,a1e1ec62-d78c-40ac-9f90-66ef1dd865b2,ALLIANCE > SAIL,Brecon dataset,Platinum,91.28,91.28,8.72
2.0.1,65dad445-ed81-4005-9f5a-4f8a7164043e,a1ff2a5a-604a-45e8-98de-858afd9a8acb,HUB > DISCOVER NOW,North West London Community Data (NWL COM),Platinum,90.66,90.66,9.34
2.0.1,5542cadc-11a4-4957-bbdd-8a6c46bcfb87,a3b9cfd3-abd1-4d18-99cc-360cd9d543c2,ALLIANCE > PUBLIC HEALTH SCOTLAND,ECOSS (-/+VE tested patients only),Gold,87.76,82.73,7.2
2.0.1,38ff49e2-dffa-4103-87a8-386f9f424d22,a4109f11-4ece-4173-bd12-689616c24b88,HUB > PIONEER,"Deeply phenotyped sepsis patients within hospital: onset, treatments & outcomes",Gold,86.58,81.21,8.05
2.0.1,aae02f9e-1bad-415d-9730-c46a07a990aa,a45acd02-82d7-4bfe-9845-6b4df683bba8,ALLIANCE > SAIL,Care Home Dataset,Platinum,90.94,91.28,9.4
2.0.1,33fc3ffd-aa4c-4a16-a32f-0c900aaea3d2,a79dbdef-eac1-49d7-9fdb-150ed5340481,ALLIANCE > SAIL,GP dataset - Welsh Primary Care,Platinum,91.28,91.28,8.72
2.0.1,fd8d0743-344a-4758-bb97-f8ad84a37357,a7ddefbd-31d9-4703-a738-256e4689f76a,OTHER > HEALTH DATA RESEARCH UK,HDR UK Papers & Preprints,Platinum,95.97,91.95,0.0
2.0.1,0c43c0b6-de3a-478b-8190-4da37fbe5ff5,aa5c8e81-ad02-4366-9577-472f7ed339d9,ALLIANCE > HEALTH INFORMATICS CENTRE - UNIVERSITY OF DUNDEE,Fife Microbiology: Tests,Not Rated,48.99,22.15,24.16
2.0.1,a05aef07-c3fa-4331-905a-6b6f58eac3d5,af20ebb2-018a-4557-8ced-0bec75dba150,ALLIANCE > PUBLIC HEALTH SCOTLAND,2011 Census variables (and variable breakdowns),Gold,88.93,80.54,2.68
2.0.1,16a09f1b-3654-4ec3-9913-fb70cb1e2364,b095d7ad-5fac-4279-94b0-3c0b0c260acf,HUB > PIONEER,"Deeply-phenotyped hospital COVID patients: severity, acuity, therapies, outcomes",Gold,86.58,83.89,10.74
2.0.1,75638d2c-556a-46b6-afcc-7ab425b34679,b14a19db-f3fd-4298-93e9-9732d99d8ee9,HUB > DISCOVER NOW,North West London High Cost Drugs Data (NWL HCD),Gold,89.69,89.69,10.31
2.0.1,af10ec29-1866-4726-b33f-3948afe182f2,b1dc1917-8522-4ecd-a829-c866c5cffe3b,ALLIANCE > HEALTH INFORMATICS CENTRE - UNIVERSITY OF DUNDEE,Tayside Radiology,Not Rated,46.31,22.15,29.53
2.0.1,439e71c7-33b5-4e85-98ce-4b068f2523ad,b27afede-a51d-4aae-8bf7-ce94888fe898,ALLIANCE > UK Biobank,Primary-care data,Bronze,63.09,53.02,26.85
2.0.1,0628fb77-057d-4838-b80e-18245a8f535d,b43309eb-7860-49b7-9f11-1a7a0fd5532e,ALLIANCE > SAIL,UK Cystic Fibrosis Registry (CYFI),Gold,88.59,88.59,11.41
2.0.1,0fb33df6-ab36-4170-9fad-1eaf35a3a812,b51be1a2-3d25-43ad-9acb-58d291332367,HUB > DISCOVER NOW,North West London Primary Care Prescriptions Data (NWL PCP),Platinum,91.28,91.28,8.72
2.0.1,8a8a5e90-b0c6-4839-bcd2-c69e6e8dca6d,b724a905-e8ae-4ab5-b543-91435f8d3514,ALLIANCE > SAIL,Welsh Demographic Service (WDS),Platinum,91.28,91.28,8.72
2.0.1,50691168-0174-4211-89a3-a7490f2676df,b7d5bae7-f047-454c-91c3-81fa5e5543eb,HUB > PIONEER,PIONEER - COVID ACUITY,Bronze,69.8,61.07,21.48
2.0.1,d415a5c5-8432-4a81-937f-12135ade6de7,b8e0b4a8-aab6-47fc-ac6f-76cd5cdc933d,ALLIANCE > SAIL,Welsh Ambulance Services NHS Trust,Platinum,91.28,91.28,8.72
2.0.1,721db252-8069-433d-bb6d-4b44b243d364,b9a2cd90-2724-4c7b-a26f-6f5b30a36a00,HUB > DISCOVER NOW,North West London Accident and Emergency Data (NWL A&E),Platinum,91.22,91.22,8.78
2.0.1,2ed7bbbc-80db-46c2-a45b-632dda40794b,bc30732b-32cb-4f66-8794-e6e6691c79e7,ALLIANCE > NHS DIGITAL,Cancer Registration Data,Silver,70.13,40.94,0.67
2.0.1,2775b97f-1606-490e-81ef-35bad050434a,bcb224fe-592f-4aaf-abd1-ad3e3caa61ff,ALLIANCE > UK Biobank,UK Biobank Assessment Centre,Bronze,65.77,55.7,24.16
2.0.1,75c4dcb8-33bf-43f4-b2bb-db51b6621b2c,bd2d56db-f24b-4ac6-9201-3d68c65472b5,ALLIANCE > SAIL,Emergency Department Data Set,Platinum,91.28,91.28,8.72
2.0.1,0eb789bb-0047-46ac-83ff-631f31e98da0,bf607b38-bedf-4bda-a3ce-e6b1bb68d1df,HUB > PIONEER,"OMOP dataset: Hospital COVID patients: severity, acuity, therapies, outcomes",Gold,85.91,83.89,12.08
2.0.1,8ef26f38-d1b3-4b24-b80a-717f216c6aea,bf625cfe-c4b2-4ea8-bbe8-1a8873ca4cb9,ALLIANCE > UK Biobank,Online questionnaires,Bronze,61.74,53.02,29.53
2.0.1,2b6409db-a669-4bef-9fd5-39c2b6f8d5e9,c168178a-143b-402b-9ab4-2f230cf06226,ALLIANCE > NHS DIGITAL,Hospital Episode Statistics Admitted Patient Care,Gold,88.26,85.23,8.72
2.0.1,7465c65e-c321-42e9-a2f4-6bc664caf1fc,c2ddca9f-f144-437b-ac7a-0a628a50ba1a,ALLIANCE > SAIL,Outpatient Referral,Platinum,91.28,91.28,8.72
2.0.1,9a434a5c-563b-4da1-9133-9994960ade54,c2e112a0-a198-46b0-9a0c-ec91edfb6839,ALLIANCE > NHS DIGITAL,National Diabetes Audit,Gold,89.6,85.23,6.04
2.0.1,70e37f44-5c3e-4c83-a42a-89b3476d1d45,c809126e-315b-4bcc-8fa3-741317bf9a4e,ALLIANCE > SAIL,COVID-19 Consolidated Deaths,Platinum,91.61,91.95,8.72
2.0.1,826be5be-9977-49f9-b6d1-83ed9de08ebe,c8516bb0-e4c5-484f-a370-f49315e3a330,ALLIANCE > HEALTH INFORMATICS CENTRE - UNIVERSITY OF DUNDEE,Tayside Microbiology: Tests,Not Rated,48.99,22.15,24.16
2.0.1,a9018475-452b-4864-bbc3-80eda2067820,cce4a8d0-4110-4490-8ffa-485d059b7dcf,HUB > PIONEER,Clinical response thresholds (acuity) in acutely unwell patients: onset-outcome,Gold,86.58,81.21,8.05
2.0.1,bff94600-a254-4111-82f7-6167084d81ca,ce192e2e-4f31-4bb0-9c1f-5c4173c03011,ALLIANCE > SAIL,Postponed Admitted Procedures,Platinum,91.28,91.28,8.72
2.0.1,bcf6e5ce-986d-4b84-9c9c-69de966e8bbd,cef00323-8756-4ea5-99e4-f12dcb2c6297,ALLIANCE > NHS DIGITAL,Improving Access to Psychological Therapies Data Set,Bronze,61.74,50.34,26.85
2.0.1,0bf54842-c1db-4bdb-9f55-c5be490bf758,cfdb9fbd-9f67-435c-b257-6b51430451bb,ALLIANCE > SAIL,Referral to Treatment Times,Platinum,91.28,91.28,8.72
2.0.1,24de9d1a-1f48-4c10-b8fc-a3bd7449e191,d0137466-d07e-4bfd-817b-198086b9fa13,ALLIANCE > PUBLIC HEALTH SCOTLAND,Mental Health Inpatient and Day Case - Scottish Morbidity Record (SMR04),Platinum,92.95,86.58,0.67
2.0.1,c294bb01-062b-494e-942b-1efe8cbac3dc,d05e9c8c-085e-4907-8688-cad494636ed8,ALLIANCE > HEALTH INFORMATICS CENTRE - UNIVERSITY OF DUNDEE,NHS Tayside and Fife Haematology (Lab Data Restructured),Bronze,62.42,35.57,10.74
2.0.1,,d1a62af8-e56f-4bd8-b4a0-1a11a5bf23ae,HUB > PIONEER,UHB 2019 Summer Society of Acute Medicine Benchmarking Audit,Platinum,91.95,90.6,6.71
2.0.1,204fa806-071d-4410-9c2c-143017d32d24,d2da2750-7482-4ce9-ae5c-2ab393408a67,ALLIANCE > SAIL,Education - Wales,Platinum,90.94,90.6,8.72
2.0.1,c853b41b-fbd1-4896-b0fb-85303109fec4,d30304ab-9f5d-478a-8bac-afcda09ef2e8,HUB > DISCOVER NOW,North West London Coordinate My Care (NWL CMC),Platinum,91.28,91.28,8.72
2.0.1,5dbf01b1-e536-471b-9b97-319c7560f33f,d3d1cdf1-3a36-49d1-ba73-b02ebeceab9b,HUB > PIONEER,PIONEER - COVID,Bronze,62.08,53.02,28.86
2.0.1,ceab57e8-1e13-499b-a8f4-6ad60dad3721,d5649a81-5e75-45c2-ab89-3ce91f6d288b,ALLIANCE > UK Biobank,Accelerometer,Bronze,60.4,53.02,32.21
2.0.1,c1fa9b47-a954-4587-a0c2-bae0f3ec2b9b,d58d02f1-47c2-44fc-b16e-4f6cbbb46e62,OTHER > The University of Cambridge,INTERVAL,Bronze,66.78,60.4,26.85
2.0.1,04cb9964-54fb-4529-b09b-735c3daa1c7b,d8043751-28d6-4cfe-b860-757e592ab3cb,ALLIANCE > PUBLIC HEALTH SCOTLAND,Outpatient Appointments and Attendances - Scottish Morbidity Record (SMR00),Platinum,90.27,86.58,6.04
2.0.1,cfdafacb-48f0-4ad8-9f20-193a5eec2da4,da5098df-414f-48e0-aaa7-7e2277f80eb7,ALLIANCE > SAIL,Looked After Children Wales,Platinum,90.94,91.28,9.4
2.0.1,acfbef89-344c-49a5-8079-7344f4316e0f,dba474a3-90c4-423d-beb0-5ef79c490d24,ALLIANCE > HEALTH INFORMATICS CENTRE - UNIVERSITY OF DUNDEE,"NHS Tayside, A&E Drugs given during an A&E visit",Not Rated,48.99,22.15,24.16
2.0.1,fc24482c-0f9b-445f-af7a-8598627c3b15,dbd69f22-2638-42a6-a936-069386e8eb7e,ALLIANCE > SAIL,ONS 2011 Census Wales (CENW),Gold,88.59,88.59,11.41
2.0.1,14a39e96-8ac3-4df3-b42b-07718121c585,dd0ae281-e3b1-48fb-ad7a-c46565b577ce,ALLIANCE > HEALTH INFORMATICS CENTRE - UNIVERSITY OF DUNDEE,"NHS Tayside A&E, Diagnosis dataset during A&E visit",Not Rated,48.99,22.15,24.16
2.0.1,f201b68f-d995-4a70-a9ee-aa3510232777,de28157e-5319-4972-83ae-4d0c73cdfca9,ALLIANCE > NHS DIGITAL,Medicines dispensed in Primary Care (NHSBSA data),Platinum,91.28,88.59,6.04
2.0.1,5692eade-5738-48ed-8527-39be9caaa7b5,df514642-bf9d-432f-bf15-4d870fe4ae08,ALLIANCE > SAIL,School Workforce Annual Census (SWAC),Platinum,90.6,90.6,9.4
2.0.1,eaa4bab0-0501-4511-aa2d-4e4fee0f0bf3,dfb14598-b705-48c0-b6ec-4b84fa4ef1d4,ALLIANCE > HEALTH INFORMATICS CENTRE - UNIVERSITY OF DUNDEE,Tayside Microbiology: Isolations,Not Rated,48.99,22.15,24.16
2.0.1,ed131fee-0635-4613-a453-a383d5dd7cec,e2f05904-723a-4d5c-8746-7ab3d1d94eef,ALLIANCE > SAIL,Healthcare Workers Risk Assessment,Platinum,91.28,91.28,8.72
2.0.1,e600dae2-a83c-4b7a-8d23-af4ac31ca374,e61fce14-617d-4f7b-80aa-468d94c6d897,ALLIANCE > PUBLIC HEALTH SCOTLAND,National Records of Scotland (NRS) - Deaths Data,Gold,87.85,84.49,8.8
2.0.1,cba62a8d-5917-4912-ad4d-340472f7b904,e7fc3bb6-446b-4267-b563-bf6f94e8dee2,ALLIANCE > SAIL,Lifelong Learning Wales Record (LLWR),Gold,86.98,84.3,10.34
2.0.1,fb3fac03-a428-4b3f-8058-5622e1fd57d8,ea9fa5fb-928d-4736-8fbf-e3b58a49c6d6,ALLIANCE > SAIL,Children Receiving Care and Support Census,Platinum,90.94,91.28,9.4
2.0.1,5362cfea-d554-43ba-916a-4460da39cc0c,ecb404b5-2fcb-4b91-a86a-f9f8d25b2ebd,ALLIANCE > HEALTH INFORMATICS CENTRE - UNIVERSITY OF DUNDEE,Deaths General Registrar Office – National Records Scotland,Bronze,62.42,35.57,10.74
2.0.1,,f0fc13b4-f801-4647-82f3-07ed07f26ea0,ALLIANCE > SAIL,Welsh Health Survey Dataset,Platinum,92.95,91.95,6.04
2.0.1,696cfc9f-090d-4328-94ac-140760a77c73,f56d5407-4a7e-420e-8479-87b075da2b39,ALLIANCE > NHS DIGITAL,GPES Data for Pandemic Planning and Research (COVID-19),Platinum,91.61,89.26,6.04
2.0.1,39055449-c074-4b58-adb2-b1c0d2441c4d,f57d92d9-5288-4b4d-9790-49863e8b9232,ALLIANCE > HEALTH INFORMATICS CENTRE - UNIVERSITY OF DUNDEE,NHS Tayside and Fife Immunology (Extractable),Not Rated,48.99,22.15,24.16
2.0.1,291c0dd4-0988-42d2-8e0b-878a892add57,f6aa8836-b437-40b6-bd1e-ae20010048dd,ALLIANCE > SAIL,Substance Misuse Dataset,Platinum,91.28,91.28,8.72
2.0.1,216924f0-585e-4842-a165-78cf9e0af0aa,f73627e3-bd7c-4be2-81b4-3baf846ab787,HUB > BREATHE,Developing and evaluating interventions to improve asthma care: HEAL ASTHMA,Bronze,61.07,53.02,30.87
2.0.1,97c68424-dc80-4faa-b777-67c42f92a9b6,fb2a851b-3f1c-4665-bbdb-5461f1f36bca,ALLIANCE > UK Biobank,Hospital Inpatient data,Bronze,65.77,58.39,26.85
2.0.1,8b9efd45-f56d-4aa3-b2b8-c66ff3813a2b,fb4a069b-fd74-47b2-bbb1-9cde6b590d66,ALLIANCE > SAIL,Breast Test Wales,Platinum,91.28,91.28,8.72
