id,publisher,title,Metadata Richness,Availability of additional documentation and support,Data Model,Data Dictionary,Provenance,Data Quality Management Process,Data Management Association (DAMA) Quality Dimensions,Pathway coverage,Length of follow up,Allowable uses,Research environment,Time Lag,Timeliness,Linkages,Data Enrichments
004d1932-f06e-49d2-b87a-e5e4140ffbb3,ALLIANCE > NIHR BIORESOURCE,Metabolite data,Not Rated,,,,,,,,,,,,,,
0092dc60-a0af-4d45-801c-b888210d6609,ALLIANCE > HQIP,National Joint Registry - Primary Elbow Replacement dataset,Not Rated,,,,,,,,,,,,,,
009417f0-232a-4ebc-b12c-59c5352a49d3,ALLIANCE > SAIL,Referral to Treatment Times,Gold,,,,,,,,,,,,,,
014bc853-1b27-4d97-9e5e-97fe28b84769,ALLIANCE > DUNDEE,Tayside Pathology,Not Rated,,,,,,,,,,,,,,
0217114b-6847-4aae-9d76-4d52acea2bcc,ALLIANCE > HQIP,Paediatric Intensive Care Audit Network - core dataset (admission),Not Rated,,,,,,,,,,,,,,
0266f904-b168-488a-a9e7-d318443584ef,ALLIANCE > CPRD,HES Diagnostic Imaging Dataset for CPRD Aurum,Bronze,,,,,,,,,,,,,,
02961e24-4cb3-4cd3-90bd-4248a00391ce,HUBS > NHS DIGITRIALS,Hospital Episode Statistics Admitted Patient Care,Silver,,,,,,,,,,,,,,
0477b06f-cbed-4949-982e-ce248a47ed1a,Oxford University Hospitals NHS Foundation Trust,SOLUS,Not Rated,,,,,,,,,,,,,,
04b1648d-eeb7-4072-8dd2-806c3ae4e20d,ALLIANCE > HQIP,National Cardiac Audit Programme - Myocardial Ischaemia National Audit Project (MINAP),Not Rated,,,,,,,,,,,,,,
04f4604e-6d0b-4100-977b-59c3b69b0cfc,ALLIANCE > BARTS,Sectra PACS,Not Rated,,,,,,,,,,,,,,
0534b41b-9877-4e30-b3ce-e604b29d4990,ALLIANCE > TISSUE DIRECTORY,Infectious Diseases BioBank at King's College London,Bronze,,,,,,,,,,,,,,
059a221b-8452-426a-8bd3-4dcdc880469f,HUBS > NHS DIGITRIALS,Civil Registration - Deaths,Bronze,,,,,,,,,,,,,,
05ade19c-75f5-4623-ade6-99fb21c2d4e3,ALLIANCE > LEICESTER,The Primary-Secondary Care Partnership to Improve Outcomes in Chronic Kidney Disease,Not Rated,,,,,,,,,,,,,,
05fda11b-b66c-4cfa-a137-a6937401cdb5,ALLIANCE > SAIL,Maternity Indicators Dataset,Gold,,,,,,,,,,,,,,
0692d86c-1f24-43a4-9508-005d00bd7259,HUBS > BREATHE,CuT-AsthMa: Culturally tailored school-based intervention for asthma in Malaysia,Not Rated,,,,,,,,,,,,,,
0711cc7e-80d5-4781-a1ab-2637ea176ceb,Oxford University Hospitals NHS Foundation Trust,Millennium Clinical Events,Not Rated,,,,,,,,,,,,,,
07abf678-a2c0-4d8b-8d25-8b9f180f9ff2,ALLIANCE > NIHR BIORESOURCE,Returned datasets,Not Rated,,,,,,,,,,,,,,
08a7c3c9-16e5-46f7-b594-f84618fcc62e,ALLIANCE > SAIL,Annual District Death Daily,Gold,,,,,,,,,,,,,,
09586db0-4da4-47f8-9434-13cbd2da2bb9,ALLIANCE > HQIP,Paediatric Intensive Care Audit Network - customised data collection,Not Rated,,,,,,,,,,,,,,
0985f58b-87e0-42d2-9ee7-efd618abcd51,HUBS > BREATHE,Development of spirometry predictive values for Indian population,Bronze,,,,,,,,,,,,,,
09e8e407-82b4-4ed4-b296-53810472cbe9,HUBS > BREATHE,Reasons for delay in seeking care for pneumonia in children under five,Bronze,,,,,,,,,,,,,,
0a418d30-c13c-404a-9f4c-39334d889b9c,ALLIANCE > HQIP,Paediatric Intensive Care Audit Network - core dataset (transport),Not Rated,,,,,,,,,,,,,,
0a4f19cc-8565-410b-ac02-2751f5284a9b,ALLIANCE > TISSUE DIRECTORY,Tayside Biorepository,Bronze,,,,,,,,,,,,,,
0a524760-0efc-477e-8a3b-805e1a0f67ec,HUBS > DISCOVER NOW,North West London Accident and Emergency Data (NWL A&E),Gold,Bronze,Gold ,Gold ,Silver ,Silver ,,Silver ,Gold ,Silver ,Platinum ,Silver ,Platinum ,Platinum ,Silver 
0b794715-53f3-422f-817a-92be3392c735,ALLIANCE > SCOTLAND,Prescribing Information System (PIS),Gold,,,,,,,,,,,,,,
0bb202c7-80e8-4532-8042-1351576e6c94,ALLIANCE > HQIP,National Asthma and COPD Audit Programme (NACAP): Pulmonary rehabilitation - clinical audit,Not Rated,,,,,,,,,,,,,,
0c98200b-48b5-418a-b8d0-a7708abc1f39,NHS Digital,Mental Health Services Data Set - Community,Not Rated,,,,,,,,,,,,,,
0cfe60cd-038d-4c03-9a95-894c52135922,ALLIANCE > BARTS,ARIA Dataset,Not Rated,,,,,,,,,,,,,,
0d0ce21e-afc1-4d9f-bf54-e0545363a0cc,HUBS > BREATHE,Research on use of an online learning platform on under-five pneumonia,Bronze,,,,,,,,,,,,,,
0d89c503-1c79-4e2a-baf6-02f12e68805b,ALLIANCE > HQIP,National Neonatal Audit Programme - clinical audit,Not Rated,,,,,,,,,,,,,,
0df3a0a9-d261-47ff-99e5-9c7e67410712,ALLIANCE > TISSUE DIRECTORY,IMPORT HIGH trial blood samples,Bronze,,,,,,,,,,,,,,
0e59698c-1532-4155-ab0e-af11b3d9e7b1,ALLIANCE > CPRD,HES Accident and Emergency data for CPRD Aurum,Bronze,,,,,,,,,,,,,,
0e6e6ed5-ab81-4d7f-b06a-768bf33357ca,NHS Digital,Mental Health Minimum Dataset v4 (Sensitive) Episodes,Not Rated,,,,,,,,,,,,,,
0e8546e9-c841-4a99-a3f8-bb9020c6782c,HUBS > BREATHE,Developing and Evaluating Interventions to Improve Asthma Care,Not Rated,,,,,,,,,,,,,,
0e88bc9d-bdfb-417c-8926-fdc513f5e8da,ALLIANCE > SAIL,National Community Child Health Database (NCCHD),Gold,,,,,,,,,,,,,,
0f2acd6c-a774-46ec-9e73-bccc997073c5,HUBS > BREATHE,4CCORD Study - 4 Country Chronic Respiratory Disease Study (Malaysia),Not Rated,,,,,,,,,,,,,,
0fbd11c2-c44b-430f-b527-63cb82fcee63,ALLIANCE > CPRD,National Radiotherapy Dataset (RTDS) for CPRD Aurum,Not Rated,,,,,,,,,,,,,,
0fc61ace-397d-4489-9e62-77f88082e775,NHS Digital,Mental Health & Learning Disabilities Dataset v 1 (Non-Sensitive) Events,Not Rated,,,,,,,,,,,,,,
0ff88499-931b-4614-9f81-facf21f28174,ALLIANCE > DUNDEE,Tayside & Fife Diabetes – Summary and a range of diabetes related datasets.,Not Rated,,,,,,,,,,,,,,
1048c3d9-42f6-4950-89be-c51fe7421753,ALLIANCE > CYSTIC FIBROSIS,Cystic Fibrosis Patient Liver Enzyme,Gold,,,,,,,,,,,,,,
113b54b0-fee5-427a-b569-04e150c1f06d,ALLIANCE > SAIL,Cervical Screening Wales,Gold,,,,,,,,,,,,,,
11571357-b9fc-45ed-ab40-3bb3d7443245,ALLIANCE > HQIP,National Audit of Dementia Round 4 - carer experience survey,Not Rated,,,,,,,,,,,,,,
117aa9f5-db76-48f9-9dd2-19e2d00a1b45,ALLIANCE > SCOTLAND,Unscheduled Care Datamart,Silver,,,,,,,,,,,,,,
12690263-f5d3-435b-9582-de1a88064e1e,ALLIANCE > HQIP,National Vascular Registry Audit Carotid Lower Limb Amputation clinical dataset,Not Rated,,,,,,,,,,,,,,
12c5b83c-6e4a-442e-b6c2-2f6b7165fe6b,ALLIANCE > HQIP,National Joint Registry - Revision Hip Replacement dataset,Not Rated,,,,,,,,,,,,,,
12d23c2c-5f35-4f59-80e3-584636c7cacb,ALLIANCE > SCOTLAND,Child Health Systems Programme - First Visit,Gold,,,,,,,,,,,,,,
13a931c1-18cf-4d60-be79-a527acb0a36d,ALLIANCE > TISSUE DIRECTORY,Obesity Research Biobank Syndicate (ORBiS),Bronze,,,,,,,,,,,,,,
14855eb1-6563-4e56-89e5-aecd51f100ad,ALLIANCE > TISSUE DIRECTORY,Watch and Wait Trial,Bronze,,,,,,,,,,,,,,
148a3896-e4ed-48ef-8643-48df726041e1,ALLIANCE > HQIP,Paediatric Intensive Care Audit Network - core dataset (referral),Not Rated,,,,,,,,,,,,,,
15a7c12f-145c-46fc-acc9-c27e83ed2c4d,ALLIANCE > GENOMICS ENGLAND,GENOMICS ENGLAND 100K NHSD LINKED DATA,Gold,,,,,,,,,,,,,,
16341d43-0e79-4afa-a84f-67db018e449f,ALLIANCE > TISSUE DIRECTORY,INCA Trial,Bronze,,,,,,,,,,,,,,
166c6c04-c4dd-4df7-977a-b375fda23134,HUBS > PIONEER,PIONEER - COVID,Bronze,Bronze,Gold ,Bronze,Bronze,Bronze,,Silver ,Silver ,Gold ,Bronze,Gold ,Gold ,Bronze,Bronze
1700f545-5f8b-48d5-bb07-da91da75dc88,ALLIANCE > SAIL,Cafcass Wales,Gold,,,,,,,,,,,,,,
172242ce-a1c5-4915-9c71-686f6e7d5789,Oxford University Hospitals NHS Foundation Trust,ARIA Medonc,Not Rated,,,,,,,,,,,,,,
179c21cd-41e0-489b-82c4-1bec011c562f,ALLIANCE > TISSUE DIRECTORY,IDRIS Trial,Bronze,,,,,,,,,,,,,,
1841e7c9-39e1-4eff-9d2f-da3dede71f86,ALLIANCE > CPRD,Rural-Urban classification for CPRD GOLD,Not Rated,,,,,,,,,,,,,,
184b973d-ac38-4fc5-8203-f2a244574b4f,HUBS > BREATHE,Asthma and COPD: practices and perceptions of GPs in rural India,Bronze,,,,,,,,,,,,,,
18603ae7-a056-4fd6-a3e5-d32a2440dd26,ALLIANCE > HQIP,National Audit of Psychosis - Audit on Early Intervention in Psychosis services - case note audit,Not Rated,,,,,,,,,,,,,,
191c1e3f-4eff-41b9-bff1-c6510f7c6c3d,HUBS > BREATHE,Early Pandemic Evaluation and Enhanced Surveillance of COVID-19 (EAVE II),Bronze,,,,,,,,,,,,,,
19f21b8f-6ae0-4cbd-a175-596b8476f69a,HUBS > NHS DIGITRIALS,National Diabetes Audit,Silver,,,,,,,,,,,,,,
1a0af437-ec80-4db7-9c76-a2418cc8c5c8,ALLIANCE > HQIP,National Asthma and COPD Audit Programme (NACAP): COPD secondary care clinical dataset,Not Rated,,,,,,,,,,,,,,
1a4708e5-14d3-4177-b4ef-35f71e72a16c,ALLIANCE > SAIL,Patient Episode Dataset for Wales,Gold,,,,,,,,,,,,,,
1aa60c9f-a458-454d-802a-e4c4628f3870,ALLIANCE > DUNDEE,NHS Tayside and Fife Accident & Emergency Dataset (ISD/National),Not Rated,,,,,,,,,,,,,,
1b80d25c-4f0f-497b-8614-4d1a8c4d1cd3,HUBS > BREATHE,Air Quality Study: An ecological analysis of asthma health outcomes in Malaysia,Not Rated,,,,,,,,,,,,,,
1bb2c353-8d91-4989-a21b-26182262b807,ALLIANCE > TISSUE DIRECTORY,DARWIN1 Trial,Bronze,,,,,,,,,,,,,,
1c17f45b-ba0f-4e97-a0f0-34a600844d4f,ALLIANCE > TISSUE DIRECTORY,NICAM: Nilotinib treatment for c-KIT mutated advanced AMM,Bronze,,,,,,,,,,,,,,
1cb31e11-505b-4ff6-ae20-5c468c9ad296,ALLIANCE > TISSUE DIRECTORY,HPB Biobank,Bronze,,,,,,,,,,,,,,
1d1244b6-aeeb-4655-b5a2-2357ed28227a,HUBS > PIONEER,University Hospitals Birmingham PICS data,Not Rated,,,,,,,,,,,,,,
1d2a94c4-b18d-47c4-9b48-cfab8e67f126,ALLIANCE > TISSUE DIRECTORY,National Diet and Nutrition Survey (NDNS),Bronze,,,,,,,,,,,,,,
1d5e3b05-8ce3-4f80-ae3a-f6031ad8cf69,NHS Digital,Mental Health Services Data Set - Service Users,Not Rated,,,,,,,,,,,,,,
1da704e3-f5ee-4614-8880-10541637a0b7,ALLIANCE > HQIP,National Cardiac Audit Programme - National Audit of Percutaneous Coronary Interventions (PCI),Not Rated,,,,,,,,,,,,,,
1f55cfcc-1c5d-44e3-9d60-3bedeb033f0a,ALLIANCE > CYSTIC FIBROSIS,Cystic Fibrosis Patient Demographics,Gold,,,,,,,,,,,,,,
201602df-7432-4710-98a7-18f59e4f211e,ALLIANCE > TISSUE DIRECTORY,University of Southampton Faculty of Medicine Tissue Bank,Bronze,,,,,,,,,,,,,,
209f42a8-4581-49e1-a0c2-25069a37f230,ALLIANCE > TISSUE DIRECTORY,RIO,Bronze,,,,,,,,,,,,,,
20c2a274-843c-43fa-9b76-38ef2f8a3d64,ALLIANCE > TISSUE DIRECTORY,TNT: Triple Negative breast cancer Trial,Bronze,,,,,,,,,,,,,,
21cd4b8e-f4f5-44a6-83eb-b7799e98ba55,SLaM,South London and Maudsley NHS Foundation Trust (SLaM) Clinical Record Interactive Search (CRIS) platform,Not Rated,,,,,,,,,,,,,,
21d58202-15a2-4ec8-9f36-3080de3905a5,HUBS > DISCOVER NOW,North West London Mental Health Data (NWL MH),Gold,Bronze,Silver ,Silver ,Silver ,Bronze,,Silver ,Gold ,Silver ,Platinum ,Gold ,Platinum ,Platinum ,Silver 
226fb3f1-4471-400a-8c39-2b66d46a39b6,Barts Health NHS Trust,Emergency Care Dataset (ECDS),Not Rated,,,,,,,,,,,,,,
22a99111-46ad-4d3f-a2d5-09351e851350,HUBS > DISCOVER NOW,North West London Pathology (NWL PATH),Gold,,,,,,,,,,,,,,
22fe7168-89af-4d93-89c8-afa03cf2031a,ALLIANCE > CYSTIC FIBROSIS,Cystic Fibrosis Patient Chronic Medication,Gold,,,,,,,,,,,,,,
23306c88-ecb0-4955-99d4-c5d20e84cebf,ALLIANCE > SAIL,Cafcass England,Gold,,,,,,,,,,,,,,
23330792-fe18-4331-a101-b246657a03ae,ALLIANCE > HQIP,National Joint Registry - Revision Knee Replacement dataset,Not Rated,,,,,,,,,,,,,,
236108a2-5e2c-4acb-86e7-6ec793aef8ab,ALLIANCE > TISSUE DIRECTORY,Human Biomaterials Resource Centre,Bronze,,,,,,,,,,,,,,
237e724d-03b2-478c-a92d-85a1baa6ae53,ALLIANCE > HQIP,Falls and Fragility Fracture Audit Programme Fracture Liaison Service Database clinical dataset,Not Rated,,,,,,,,,,,,,,
24b82645-1854-438a-97b2-911bba469d3d,HUBS > BREATHE,Idiopathic Pulmonary Fibrosis (IPF) Genome-wide Association Study,Silver,Gold ,Bronze,Bronze,Bronze,Not yet Bronze,,Gold ,Gold ,Other (please specify),Other (please specify),Bronze,Silver ,Other (please specify),Bronze
2542abf8-e50b-4962-9fa1-6dba1b7e8439,HUBS > BREATHE,mHealth for pneumonia prevention,Bronze,,,,,,,,,,,,,,
263ad0a8-ae90-4c1d-85d6-c3d2470eb2b7,NHS Digital,Mental Health Minimum Dataset v4 (Non-Sensitive) Episodes,Not Rated,,,,,,,,,,,,,,
263f28a4-9835-4856-b1c3-0a0d4085f207,NHS Digital,Mental Health Minimum Dataset v2.6 (Sensitive),Not Rated,,,,,,,,,,,,,,
2684706f-1d43-4263-99b7-b54279614c76,ALLIANCE > BARTS,CDE Patient Demographics,Not Rated,,,,,,,,,,,,,,
26f8bf57-e074-41d0-80aa-67a677604607,ALLIANCE > SCOTLAND,General Acute Inpatient and Day Case - Scottish Morbidity Record (SMR01),Not Rated,,,,,,,,,,,,,,
278c3fb2-6b1e-46db-a529-9fc7ddaf4461,ALLIANCE > HQIP,National Asthma and COPD Audit Programme (NACAP): secondary care workstream – children and young people asthma (clinical),Not Rated,,,,,,,,,,,,,,
27910ce4-f74f-4fab-8649-19d5ec292ad8,ALLIANCE > CYSTIC FIBROSIS,Cystic Fibrosis Patient Annual Review Encounters,Gold,,,,,,,,,,,,,,
2a5d2a42-803c-4c96-bcd6-a4289d2b664a,ALLIANCE > TISSUE DIRECTORY,IoN Trial,Bronze,,,,,,,,,,,,,,
2a725f9d-c4a9-4c89-aa37-b3c25cc83389,NHS Digital,Mental Health & Learning Disabilities Dataset v 1 (Sensitive) Records,Not Rated,,,,,,,,,,,,,,
2aa58bb8-83d8-455a-87e6-d567ae4a379c,ALLIANCE > TISSUE DIRECTORY,ESPAC-TPlus,Bronze,,,,,,,,,,,,,,
2b06afa3-dfc7-424b-8b9a-9325df6cfc19,ALLIANCE > SCOTLAND,Scottish Stillbirth and Infant Death Survey,Bronze,,,,,,,,,,,,,,
2b198886-ccab-4276-b6b9-22c344df8304,ALLIANCE > TISSUE DIRECTORY,NIHR Nottingham Digestive Diseases Collection,Bronze,,,,,,,,,,,,,,
2bf53952-e77c-4746-b36f-5ccb1574f6a7,ALLIANCE > TISSUE DIRECTORY,BRAIN UK,Bronze,,,,,,,,,,,,,,
2c0e04bc-2f16-4903-90dc-c9d57ab40efb,ALLIANCE > HQIP,National Joint Registry - Revision Ankle Replacement dataset,Not Rated,,,,,,,,,,,,,,
2c53d1f7-4540-4c57-8e93-8115b8abc6a9,ALLIANCE > HQIP,National Diabetes Inpatient Audit Hospital Characteristics Survey dataset,Not Rated,,,,,,,,,,,,,,
2c764139-22a3-4db9-89ee-583fdb9d9396,ALLIANCE > SAIL,Bowel Screening Wales,Gold,,,,,,,,,,,,,,
2d23ad3c-0541-453c-8bf7-9dc42e1aba65,ALLIANCE > CPRD,Rural-Urban classification for CPRD Aurum,Not Rated,,,,,,,,,,,,,,
2d3302d1-b6fc-4883-8168-010da0d48638,ALLIANCE > CPRD,Quality of Life of Cancer Survivors in England: Pilot Patient Reported Outcomes Measures Survey (2011) for CPRD Aurum,Not Rated,,,,,,,,,,,,,,
2dbd2e38-a4bb-4f8c-b401-ebec10f0d89e,ALLIANCE > HQIP,Falls and Fragility Fracture Audit Programme National Hip Database Facilities Survey 2019,Not Rated,,,,,,,,,,,,,,
2dc79612-0e0d-4336-aaa1-6abd90d28589,HUBS > BREATHE,"4 Country ChrOnic: estimating respiratory disease burden in adults, South India",Not Rated,,,,,,,,,,,,,,
2e20b776-a0bc-44ed-9882-ad63855a0ec4,ALLIANCE > TISSUE DIRECTORY,NHS Greater Glasgow & Clyde Bio-Repository,Bronze,,,,,,,,,,,,,,
2e8cc70b-bd57-4b64-bd12-fbc07e0f240f,ALLIANCE > CPRD,Mental Health Dataset (MHDS) for CPRD Aurum,Not Rated,,,,,,,,,,,,,,
2f57c592-c65c-4d1c-b92d-d19d2a11c02e,ALLIANCE > TISSUE DIRECTORY,BioDock,Bronze,,,,,,,,,,,,,,
301233da-53f8-4cea-8f74-4d4aa8d8c42c,ALLIANCE > GENERATION SCOTLAND,Generation Scotland: Scottish Family Health Study,Not Rated,,,,,,,,,,,,,,
304430ff-0aff-4d36-91e5-94be251a409a,ALLIANCE > HQIP,National Audit of Dementia Round 4 - casenote audit,Not Rated,,,,,,,,,,,,,,
319a2a77-3f4d-497e-bc3e-33002f316cae,ALLIANCE > TISSUE DIRECTORY,PHOTO Translational bladder cancer biorepository,Bronze,,,,,,,,,,,,,,
32b5d90f-6bad-40f8-96d7-69b11df6d5ff,ALLIANCE > TISSUE DIRECTORY,LBIH Biobank,Bronze,,,,,,,,,,,,,,
32f616fb-af37-46b5-9473-7a3460656bdf,ALLIANCE > SAIL,Education - Wales,Gold,,,,,,,,,,,,,,
342bef6e-8fa2-49f0-bdbb-c95d866aa145,ALLIANCE > TISSUE DIRECTORY,Scottish Human Papillomavirus Archive,Bronze,,,,,,,,,,,,,,
355de4ca-1ce9-4ba4-8e07-2d51bb82bfbf,ALLIANCE > TISSUE DIRECTORY,Human Developmental Biology Resource (HDBR),Bronze,,,,,,,,,,,,,,
36047c5f-7d57-4d25-a114-2bcc6c11708f,NHS Digital,Mental Health Minimum Dataset v3_3.5 (Sensitive),Not Rated,,,,,,,,,,,,,,
3784d68e-d213-43a7-bf30-8f4d34de022c,ALLIANCE > TISSUE DIRECTORY,NIMRAD-TRANS,Bronze,,,,,,,,,,,,,,
37eb2884-d7df-489f-a3ad-f02f1e510475,HUBS > BREATHE,Exploring psychological issues of primary care teams in Malaysia amidst COVID-19,Not Rated,,,,,,,,,,,,,,
37fe2488-f4c3-4471-a1e0-7d4a4204f063,ALLIANCE > TISSUE DIRECTORY,"Leeds Dental Institute/School of Dentistry Leeds, Skeletal Tissues Bank",Bronze,,,,,,,,,,,,,,
3824c991-3763-448d-89bd-347c3234b63b,ALLIANCE > SAIL,COVID-19 Test results,Gold,,,,,,,,,,,,,,
3932ee85-69cb-414a-b4a0-b763010d90a5,HUBS > DISCOVER NOW,North West London High Cost Drugs Data (NWL HCD),Gold,Bronze,Silver ,Silver ,Silver ,Bronze,,Silver ,Gold ,Silver ,Platinum ,Gold ,Platinum ,Platinum ,Silver 
3935e2fd-0c30-4f56-8388-45a02e0499b4,NHS Digital,Bridge file: Hospital Episode Statistics to Diagnostic Imaging Dataset,Bronze,,,,,,,,,,,,,,
393b666c-157b-4fee-afde-61ff93948f27,ALLIANCE > SAIL,Diagnostic and Therapy Services Waiting Times,Gold,,,,,,,,,,,,,,
3943e6de-6c32-43dd-8090-16ec9ca0902f,ALLIANCE > CPRD,National Radiotherapy Dataset (RTDS) for CPRD GOLD,Not Rated,,,,,,,,,,,,,,
395262e7-9846-4d9d-a288-8b0ebea782b9,ALLIANCE > HQIP,National Cardiac Audit Programme - Cardiac Rhythm Management (CRM),Not Rated,,,,,,,,,,,,,,
395d4311-da00-49a4-b78e-5387c961d803,HUBS > DATA-CAN,Children’s Kidney Cancers - Great Ormond Street Hospital,Silver,Gold ,Gold ,Gold ,Silver ,Silver ,,Silver ,Gold ,Silver ,Silver ,Silver ,Gold ,Silver ,Silver 
3983f3ec-ce63-4142-b73e-93130654710b,ALLIANCE > TISSUE DIRECTORY,The Cleft Collective,Bronze,,,,,,,,,,,,,,
3a0599ed-5452-4299-956c-af5a30bbef23,ALLIANCE > TISSUE DIRECTORY,PHOENIX DDR-Anti-PD-L1 Trial,Bronze,,,,,,,,,,,,,,
3a23e7dc-d814-4772-a6f8-a814c8e0128b,ALLIANCE > TISSUE DIRECTORY,SWIFT-RTB,Bronze,,,,,,,,,,,,,,
3a51b861-026d-45ed-abe6-30d9cc07b516,ALLIANCE > HQIP,Epilepsy 12 - clinical audit,Not Rated,,,,,,,,,,,,,,
3a9ab245-5fcc-49a0-ae58-12ebab9b0053,ALLIANCE > HQIP,National Paediatric Diabetes Audit - Spotlight survey of workforce in Paediatric Diabetes Units,Not Rated,,,,,,,,,,,,,,
3aa01779-831e-478f-b4e3-7c111d642b18,HUBS > BREATHE,COVID-19 Detection from Chest X-Rays using Deep Learning,Bronze,,,,,,,,,,,,,,
3b3d9ab1-e896-4ccc-a679-2414ced68590,ALLIANCE > SAIL,Welsh Ambulance Services NHS Trust,Gold,,,,,,,,,,,,,,
3c430204-f632-4add-9fcb-f0ff88caea13,ALLIANCE > SAIL,Congenital Anomaly Register and Information Service,Gold,,,,,,,,,,,,,,
3cd53c68-7e56-4c3e-b7c2-bd7e18040ec5,ALLIANCE > BARTS,"Problems, Diagnosis and Procedures",Not Rated,,,,,,,,,,,,,,
3d42b7e1-89b0-4bef-9e42-18edc328f28f,ALLIANCE > DUNDEE,Renal Register – ISD National dataset,Not Rated,,,,,,,,,,,,,,
3e89692b-7aa2-49d6-b802-82921bd7e006,ALLIANCE > HQIP,National Clinical Audit of Anxiety and Depression - spotlight audit on psychological therapies (patient experience survey),Not Rated,,,,,,,,,,,,,,
3ee52adc-b97e-4f7b-a251-a1c9841a380c,HUBS > BREATHE,"Extended Cohort for E-health, Environment and DNA (EXCEED)",Gold,Gold ,Gold ,Gold ,Gold ,Silver ,,Gold ,Gold ,Other (please specify),Bronze,Bronze,Platinum ,Silver ,Gold 
3f299029-3126-4ce0-893c-4a759cbe90b1,ALLIANCE > HQIP,National Emergency Laparotomy Audit - Patient Audit Dataset,Not Rated,,,,,,,,,,,,,,
3fd5f728-fdb4-4ce2-86ec-f626787d455c,ALLIANCE > DUNDEE,Walker Study Data,Not Rated,,,,,,,,,,,,,,
40573895-497b-4d47-90e1-6aafe70b93f6,Oxford University Hospitals NHS Foundation Trust,Endobase,Not Rated,,,,,,,,,,,,,,
406e7ae7-554b-4807-b3a5-a4d81316cf9c,ALLIANCE > TISSUE DIRECTORY,Bloodwise Childhood Leukaemia Cell Bank,Bronze,,,,,,,,,,,,,,
41a7adba-8771-46e2-8083-047d6a4cb877,HUBS > DISCOVER NOW,North West London Outpatient Care Data (NWL OP),Gold,Bronze,Gold ,Gold ,Silver ,Silver ,,Silver ,Gold ,Silver ,Platinum ,Silver ,Platinum ,Platinum ,Silver 
4262e057-6978-4e4c-a05d-c4f328422090,NHS Digital,Mental Health and Learning Disabilities Data Set,Bronze,,,,,,,,,,,,,,
4271bc64-b139-40b0-98de-5f2e94e2d026,ALLIANCE > HQIP,National Neonatal Audit Programme - 2 year outcomes audit,Not Rated,,,,,,,,,,,,,,
42780b16-32e3-442e-92cd-1810bf30dab8,ALLIANCE > CPRD,HES Patient Reported Outcomes Measures (PROMs) data for CPRD Aurum,Bronze,,,,,,,,,,,,,,
430331ef-fa66-485b-b090-e4e83def9136,ALLIANCE > HQIP,Falls and Fragility Fracture Audit Programme National Audit of Inpatient Falls clinical dataset,Not Rated,,,,,,,,,,,,,,
4481aab8-9b4f-43dd-9cd4-1e427561a2a5,ALLIANCE > SCOTLAND,Scottish Cancer Registry (SMR06),Silver,,,,,,,,,,,,,,
4487605e-1e20-4cbe-945f-7169e4ac667d,HUBS > NHS DIGITRIALS,MSDS (Maternity Services Data Set),Silver,,,,,,,,,,,,,,
46493a09-b3bb-4c0e-b944-82665ee21508,NHS Digital,Mental Health Minimum Dataset v4 (Sensitive) Events,Not Rated,,,,,,,,,,,,,,
464b06d6-239a-4c6d-a626-242ba7e79e05,ALLIANCE > DUNDEE,Deaths General Registrar Office – National Records Scotland,Not Rated,,,,,,,,,,,,,,
46568011-ae01-4e3a-9ef7-187606316668,ALLIANCE > SAIL,Welsh Demographic Service (WDS),Gold,,,,,,,,,,,,,,
4660884b-e40a-4251-ad19-40872641fa8c,ALLIANCE > SCOTLAND,Child Health Systems Programme - School,Bronze,,,,,,,,,,,,,,
4678a81d-dfb6-478a-a373-d5510866b3d0,ALLIANCE > HQIP,National Vascular Registry - Organisational Audit dataset,Not Rated,,,,,,,,,,,,,,
46e4c3ba-dae2-453d-832a-88ea603110f1,ALLIANCE > HQIP,National Cardiac Audit Programme - National Congenital Heart Disease Audit (NCHDA),Not Rated,,,,,,,,,,,,,,
47108b03-ca80-4311-8090-f474bd880e87,ALLIANCE > SAIL,Healthcare Workers Risk Assessment,Gold,,,,,,,,,,,,,,
47bec08b-57b7-450e-9be7-af19bab99b58,ALLIANCE > HQIP,National Vascular Registry Audit - Lower Limb Bypass clinical dataset,Not Rated,,,,,,,,,,,,,,
47e9fa0a-d74f-43bc-ae63-0eb33f354f01,HUBS > BREATHE,Theory of Planned Behaviour Intervention: respiratory disease in South India,Bronze,,,,,,,,,,,,,,
49dc6bfb-37f7-4f18-92e7-1a06ab80633e,HUBS > DATA-CAN,Comprehensive Patient Records for Cancer Outcomes,Gold,Gold ,Gold ,Gold ,Gold ,Gold ,,Gold ,Gold ,Gold ,Platinum ,Silver ,Silver ,Gold ,Gold 
4a295c54-ccbb-4aef-9ea9-8fc46749b123,ALLIANCE > DUNDEE,Tayside Microbiology: Isolations,Not Rated,,,,,,,,,,,,,,
4b71fca4-8b2c-4e37-8996-b64a9c1450f0,ALLIANCE > HQIP,National Paediatric Diabetes Audit - Spotlight survey of diabetes-related technologies,Not Rated,,,,,,,,,,,,,,
4bb4bf38-870b-47e5-b5d1-dc75b3d4ea6a,NHS Digital,Emergency Care Data Set (ECDS),Bronze,,,,,,,,,,,,,,
4c1f6594-9ade-4e24-8e44-af9ecb73e231,ALLIANCE > SCOTLAND,Scottish Birth Record (SBR),Bronze,,,,,,,,,,,,,,
4cfabd2a-e590-4f63-82f5-6d543b0075cf,ALLIANCE > TISSUE DIRECTORY,VinCaP,Bronze,,,,,,,,,,,,,,
4d95d730-a53a-4856-a278-b2fba96657c4,ALLIANCE > TISSUE DIRECTORY,Myeloma XII clinical trial samples,Bronze,,,,,,,,,,,,,,
4f721a52-b3cd-4594-9099-5185f80832c7,ALLIANCE > SCOTLAND,Child Health Systems Programme - 27-30Months Review,Silver,,,,,,,,,,,,,,
505318b6-609c-4baf-9dea-2e3532f936f8,HUBS > BREATHE,COPDMAP Consortium,Not Rated,Bronze,Silver ,Bronze,Bronze,Not yet Bronze,,Gold ,Gold ,Other (please specify),Other (please specify),Bronze,Gold ,Other (please specify),Bronze
50631db6-126e-4b3a-8035-444b66ba4afa,ALLIANCE > HQIP,National Audit of Psychosis - Audit on Early Intervention in Psychosis services -  patient experience survey,Not Rated,,,,,,,,,,,,,,
50d07fb3-4d8e-413d-9958-434838daea4d,ALLIANCE > SAIL,Emergency Department Data Set,Gold,,,,,,,,,,,,,,
50feb9f3-3be8-4690-913b-bd462d27d3db,HUBS > BREATHE,Prospective Observation of Fibrosis in the Lung Clinical Endpoints,Bronze,Bronze,Gold ,Bronze,Bronze,Not yet Bronze,,Gold ,Gold ,Other (please specify),Other (please specify),Bronze,Platinum ,Other (please specify),Bronze
510e1782-1650-4342-9c20-185ca47f7b11,Oxford University Hospitals NHS Foundation Trust,Outpatient Appointment Dataset,Not Rated,,,,,,,,,,,,,,
5138fa73-6695-413d-9d03-a40ecad98fb5,HUBS > BREATHE,Leicester Respiratory Research Database,Bronze,Bronze,Gold ,Bronze,Bronze,Not yet Bronze,,Gold ,Gold ,Other (please specify),Other (please specify),Bronze,Platinum ,Other (please specify),Bronze
514018c0-86e8-4998-8460-bb99912281ae,ALLIANCE > DUNDEE,Demography,Not Rated,,,,,,,,,,,,,,
52a4c514-0414-43c7-a400-1498a70ed85a,HUBS > BREATHE,International Severe Asthma Registry,Not Rated,Bronze,Bronze,Bronze,Bronze,Bronze,,Gold ,Gold ,Other (please specify),Other (please specify),Bronze,Gold ,Other (please specify),Bronze
5343bac9-244f-4211-8c9a-d9c29c79b4f3,ALLIANCE > SAIL,Children Receiving Care and Support Census,Gold,,,,,,,,,,,,,,
535fbfd4-34f0-436d-8de2-e708fd0fa103,ALLIANCE > HQIP,National Audit of Care at the End of Life - organisational level audit,Not Rated,,,,,,,,,,,,,,
5536b00a-fb31-4e91-9bd8-e7f774974846,ALLIANCE > HQIP,National Vascular Registry - Lower Limb Angioplasty clinical dataset,Not Rated,,,,,,,,,,,,,,
5546a711-109e-440c-815c-1d27a596a625,HUBS > DISCOVER NOW,North West London population data (NWL POP),Gold,,,,,,,,,,,,,,
5547f46f-75b7-4338-89bb-29c361187d28,ALLIANCE > SAIL,Breast Test Wales,Gold,,,,,,,,,,,,,,
561b8a79-6bac-4ffc-91f4-0bbec4e90968,HUBS > BREATHE,Care-seeking practices for childhood pneumonia in non/tribal areas of Pune India,Bronze,,,,,,,,,,,,,,
5758964b-1161-48ee-97b5-1e414f406978,ALLIANCE > TISSUE DIRECTORY,Cardiff School of Dentistry Tooth Bank,Bronze,,,,,,,,,,,,,,
57f5eb44-bd9b-4ec5-b255-fe915ff74ab5,ALLIANCE > TISSUE DIRECTORY,Cardamon Clinical Trial Samples,Bronze,,,,,,,,,,,,,,
593a5263-e2b5-4433-81c1-30b35a520488,ALLIANCE > TISSUE DIRECTORY,King's Health Partners Cancer Biobank,Bronze,,,,,,,,,,,,,,
599b721f-054b-4b4d-b447-5dee7797ab58,ALLIANCE > SAIL,Looked After Children Wales,Gold,,,,,,,,,,,,,,
59bc96f9-69b7-4763-81a8-ec4695b6b55e,ALLIANCE > HQIP,National Clinical Audit of Anxiety and Depression - spotlight audit on psychological therapies (therapist survey),Not Rated,,,,,,,,,,,,,,
5ad32bfa-8d4b-45cb-aa10-3b0a4bcfd258,ALLIANCE > TISSUE DIRECTORY,MesobanK,Bronze,,,,,,,,,,,,,,
5c01bfbe-5bda-4ff9-b565-d18e6e5d57d8,ALLIANCE > DUNDEE,"Deaths – CHI, Community Health Index",Not Rated,,,,,,,,,,,,,,
5c56cfb6-46bb-4414-a963-24eafb0949f6,ALLIANCE > DUNDEE,NHS Tayside and Fife Haematology Biochemistry (Lab Data Restructured),Not Rated,,,,,,,,,,,,,,
5cffe432-21f9-44ba-b0fc-a6200115c21c,ALLIANCE > SCOTLAND,Scotland Accident and Emergency,Silver,,,,,,,,,,,,,,
5d2758c6-b315-421f-9971-9df8ba83a2d4,HUBS > BREATHE,SpiroMeta Consortium Dataset,Silver,Bronze,Gold ,Not yet Bronze,Bronze,Not yet Bronze,,Bronze,Gold ,Other (please specify),Other (please specify),Bronze,Platinum ,Other (please specify),Bronze
5e022f8f-4d07-44bb-a87c-43e31200fe1e,Oxford University Hospitals NHS Foundation Trust,ARIA Radonc,Not Rated,,,,,,,,,,,,,,
5e37caad-4777-4d7e-be17-32220d8fed05,NHS Digital,Mental Health Services Data Set,Bronze,,,,,,,,,,,,,,
5ea9c568-b850-4589-bcbb-6ee0cfd322cd,ALLIANCE > HQIP,National Paediatric Diabetes Audit - core clinical dataset (care processes and outcomes),Not Rated,,,,,,,,,,,,,,
5eecebc6-d896-46de-92df-d108bb193b17,ALLIANCE > TISSUE DIRECTORY,UK CLL Trials Biobank,Bronze,,,,,,,,,,,,,,
5f3d5f41-db25-4e93-b938-76ba07e84a8d,ALLIANCE > SCOTLAND,Maternity Inpatient and Day Case - Scottish Morbidity Record (SMR02),Silver,,,,,,,,,,,,,,
5f7df31b-b69e-4eb3-9eeb-3a3ab1f157c3,ALLIANCE > SAIL,Outpatient Dataset,Gold,,,,,,,,,,,,,,
600be397-211b-4f65-9f82-e85f4393fb8a,ALLIANCE > HQIP,National Maternity and Perinatal Audit Organisational Survey 2019,Not Rated,,,,,,,,,,,,,,
60a303b6-1ebf-466e-ab5c-db92ca7a13c4,ALLIANCE > SCOTLAND,Child Health Systems Programme - 13-15 Month Review,Silver,,,,,,,,,,,,,,
61cf3b8d-5a1b-4241-aaac-89599bf17ab6,ALLIANCE > HQIP,National Clinical Audit of Anxiety and Depression - Core audit of practice,Not Rated,,,,,,,,,,,,,,
62824365-480a-4d20-9ab2-7e7739e7e2ec,HUBS > BREATHE,ICT-based intervention for adult asthma with limited health literacy,Bronze,,,,,,,,,,,,,,
628284ca-0adf-45a9-8d7a-ea6f14a15e1c,ALLIANCE > SAIL,Critical Care Dataset,Gold,,,,,,,,,,,,,,
62b17ee5-97e3-468e-ba48-e8685ea28461,ALLIANCE > TISSUE DIRECTORY,UK real-world lymphoid tissue bank,Bronze,,,,,,,,,,,,,,
62d11868-51d7-4b3a-99eb-da9f5d3797dc,ALLIANCE > TISSUE DIRECTORY,UKCTOCS Longitudinal Women's Cohort (UKLWC),Bronze,,,,,,,,,,,,,,
62fc43ed-1198-4769-ad39-a0bc2c05fd47,ALLIANCE > NIHR BIORESOURCE,Contact detail,Silver,Platinum ,Platinum ,Bronze,Silver ,Bronze,,Bronze,Gold ,Platinum ,Bronze,Bronze,Gold ,Bronze,Silver 
63dfe292-6479-489f-a897-aa616acb0a10,ALLIANCE > SAIL,Annual District Birth Extract,Gold,,,,,,,,,,,,,,
63f6d960-da48-4de6-9183-5518f1ce7644,ALLIANCE > DUNDEE,Fife Microbiology: Tests,Not Rated,,,,,,,,,,,,,,
6439bf82-d0b4-4d7f-b7d9-f1e716b12df5,HUBS > BREATHE,Wales Asthma Observatory,Gold,Gold ,Gold ,Gold ,Gold ,Not yet Bronze,,Platinum ,Gold ,Other (please specify),Platinum ,Bronze,Platinum ,Other (please specify),Bronze
64640c6f-bc49-419f-bb2c-13c07d94adc9,ALLIANCE > DUNDEE,Prescribing,Not Rated,,,,,,,,,,,,,,
64a0ba4d-776c-4979-a4b0-1f1fb6b61c85,ALLIANCE > HQIP,National Audit of Dementia Round 4 - organisational checklist,Not Rated,,,,,,,,,,,,,,
660ae034-5631-4fdb-8af5-cf39015c12f8,ALLIANCE > DUNDEE,NHS Tayside and Fife Immunology (Extractable),Not Rated,,,,,,,,,,,,,,
66cb4fac-7b2d-4832-8265-6ee58aaad438,ALLIANCE > SAIL,Active Adult Survey,Gold,,,,,,,,,,,,,,
673626f3-bdac-4d32-9bb8-c890b727c0d1,ALLIANCE > BARTS,Critical Care Minimum Dataset,Not Rated,,,,,,,,,,,,,,
68eca6a2-7c32-4bea-bcd1-c07dc50ee018,HUBS > BREATHE,Exploring the provision of supportive care for patients with COPD in Malaysia,Not Rated,,,,,,,,,,,,,,
6951e949-6aa3-4670-ad05-db8e954b3524,ALLIANCE > TISSUE DIRECTORY,Leeds Breast Research Tissue Bank,Bronze,,,,,,,,,,,,,,
6959639d-5bd2-4b53-918e-8f56784b2870,HUBS > INSIGHT,Moorfields Eye Image Dataset Release 001,Gold,Bronze,Silver ,Bronze,Silver ,Not yet Bronze,,Bronze,Gold ,Gold ,Bronze,Silver ,Gold ,Bronze,Not yet Bronze
6983134e-c920-47db-957b-47e873644eb0,ALLIANCE > TISSUE DIRECTORY,Northern Ireland Biobank (NIB),Bronze,,,,,,,,,,,,,,
6a6b33a3-afd6-4f22-ba41-a87beccc3eb1,HUBS > NHS DIGITRIALS,Personal Demographic Service,Not Rated,,,,,,,,,,,,,,
6a8066c7-a8f4-44a6-9efd-871b19a3689f,ALLIANCE > CPRD,Systemic Anti-Cancer Treatment (SACT) data for CPRD GOLD,Not Rated,,,,,,,,,,,,,,
6b41863d-690e-492e-8034-303d56f12f22,ALLIANCE > RCGP,The Royal College of General Practitioners (RCGP) Research and Surveillance Centre (RSC) primary care sentinel network and database,Silver,,,,,,,,,,,,,,
6b53f274-c927-4b8f-bcc3-1d85fabf16ee,ALLIANCE > HQIP,National Diabetes Audit - National Diabetes Foot Care Audit clinical dataset,Not Rated,,,,,,,,,,,,,,
6bcb3286-01a0-4332-b84c-35037759d6b1,HUBS > DISCOVER NOW,North West London Adult Social Care Data (NWL ASC),Gold,Bronze,Silver ,Silver ,Silver ,Bronze,,Silver ,Gold ,Silver ,Platinum ,Gold ,Platinum ,Platinum ,Silver 
6cb4e624-a971-4d73-949e-bc57353e512b,ALLIANCE > DUNDEE,"NHS Tayside A&E, Diagnosis dataset during A&E visit",Not Rated,,,,,,,,,,,,,,
6d1b9b23-1197-4857-9b17-9e26cb0633e8,ALLIANCE > HQIP,National Joint Registry - Revision Elbow Replacement dataset,Not Rated,,,,,,,,,,,,,,
6e1d8f50-f718-4964-9c88-2c80cbaa92b5,ALLIANCE > CPRD,HES Outpatient data for CPRD Aurum,Bronze,,,,,,,,,,,,,,
6e535e7c-0ceb-4666-9361-e75e9c4a97ca,ALLIANCE > TISSUE DIRECTORY,Ethical Tissue - University of Bradford,Bronze,,,,,,,,,,,,,,
6ecc2cb0-3b9b-47fc-9c80-78da44f070ef,ALLIANCE > NIHR BIORESOURCE,Demographic,Silver,Platinum ,Platinum ,Bronze,Silver ,Bronze,,Bronze,Gold,Platinum ,Bronze,Bronze,Gold ,Bronze,Silver 
6efbc62f-6ebb-4f18-959b-1ec6fd0cc6fb,ALLIANCE > HQIP,Epilepsy 12 - Patient Reported Experience Measure,Not Rated,,,,,,,,,,,,,,
700e984c-74b5-4353-bf1a-c16600a5190d,ALLIANCE > SAIL,Care Home Dataset,Gold,,,,,,,,,,,,,,
7038a67d-34ca-4754-a50f-41aa2849db69,ALLIANCE > HQIP,National Joint Registry - Primary Hip Replacement dataset,Bronze,,,,,,,,,,,,,,
72fe91de-b0c0-423a-ad68-bd7067b20ad8,Oxford University Hospitals NHS Foundation Trust,Infoflex Cancer Registry,Not Rated,,,,,,,,,,,,,,
736a9d09-83c7-4cfa-ae82-a10b2a69efc8,HUBS > BREATHE,"Prevention, detection, treatment: adult lung disease/cancer in rural Tamil Nadu",Bronze,,,,,,,,,,,,,,
73f54071-62bf-48f5-8be1-569208b18ab8,NIHR Health Informatics Collaborative Viral Hepatitis Theme,HIC Hepatitis v2,Silver,,,,,,,,,,,,,,
7480abe4-e073-40ef-882d-217542b5e08e,HUBS > BREATHE,Effects of second-hand smoke on pregnant women: a phenomenological study,Bronze,,,,,,,,,,,,,,
756daeaa-6e47-4269-9df5-477c01cdd271,ALLIANCE > CPRD,CPRD GOLD,Silver,,,,,,,,,,,,,,
76ec0282-02e0-4fff-b016-76bc6ffcb784,ALLIANCE > HQIP,National Asthma and COPD Audit Programme (NACAP): secondary care workstream – children and young people asthma (organisational),Not Rated,,,,,,,,,,,,,,
77b5cf84-d4f2-4418-bafa-73306cf2d2b2,ALLIANCE > CPRD,HES Admitted Patient Care data for CPRD GOLD,Bronze,,,,,,,,,,,,,,
78b4e352-a47f-4b45-aeb8-32eeb49e59df,ALLIANCE > ISARIC 4C,COVID-19 Clinical Information Network (CO-CIN),Not Rated,,,,,,,,,,,,,,
78d25670-9d20-4eb7-a79a-f29e53cc981f,ALLIANCE > HQIP,National Audit of Psychosis - Early Intervention Psychosis Audit patient experience survey,Not Rated,,,,,,,,,,,,,,
78fe2e13-7f40-406f-a584-04909d0ce060,NHS Digital,Mental Health Minimum Dataset v4.1 (Sensitive) Episodes,Not Rated,,,,,,,,,,,,,,
78fee45f-9f03-46b1-be8e-650c54e2c3fa,ALLIANCE > SAIL,Pathology Data from WRRS,Gold,,,,,,,,,,,,,,
7909f8a5-5440-4b9a-843f-cb48cd1f7e08,ALLIANCE > SAIL,GP dataset - Welsh Primary Care,Gold,,,,,,,,,,,,,,
79116473-bda2-413c-82ad-ba2b86e5076f,HUBS > BREATHE,EMEP4UK Pollution,Not Rated,Bronze,Bronze,Bronze,Bronze,Not yet Bronze,,Bronze,Other (please specify),Other (please specify),Other (please specify),Bronze,Other (please specify),Other (please specify),Bronze
7a0d678a-a341-4643-af33-bfc22f2f4e9c,ALLIANCE > TISSUE DIRECTORY,Daisy Tumour Bank,Bronze,,,,,,,,,,,,,,
7aa02796-787a-42c2-b97e-d008fa77e4b8,NHS Digital,Mental Health & Learning Disabilities Dataset v 1 (Non-Sensitive) Records,Not Rated,,,,,,,,,,,,,,
7c1fa7b2-2b76-4952-884e-8ef6f845c488,ALLIANCE > TISSUE DIRECTORY,PTCL Biobank,Bronze,,,,,,,,,,,,,,
7c9f9620-8f18-4e2d-bda0-a3a6f46756b6,ALLIANCE > GENOMICS ENGLAND,GENOMICS ENGLAND 100K BIOINFORMATICS DATA,Gold,,,,,,,,,,,,,,
7ca98657-037c-43a8-872a-65a0520695e5,ALLIANCE > TISSUE DIRECTORY,Bristol Dental School Saliva Bank,Bronze,,,,,,,,,,,,,,
7d501f79-5d1f-4104-a5b7-d46a97fcde5f,ALLIANCE > BARTS,Somerset Cancer Registry,Not Rated,,,,,,,,,,,,,,
7db1c8bd-8d99-4189-8510-e6bdb0e19219,ALLIANCE > SCOTLAND,National Records of Scotland (NRS) - Births Data,Bronze,,,,,,,,,,,,,,
7dc319da-a16f-4e63-a115-0cba3905a322,ALLIANCE > HQIP,National Asthma and COPD Audit Programme (NACAP): Adult Asthma secondary care clinical dataset,Not Rated,,,,,,,,,,,,,,
7f125091-12ba-464d-af7d-9a88179b0b95,ALLIANCE > HQIP,Epilepsy 12 - National organisational audit (service descriptor questionnaire) and Trust profile,Not Rated,,,,,,,,,,,,,,
7f23034b-6887-48c0-bbe7-07d099ca9395,HUBS > DISCOVER NOW,North West London Integrated Care Record (NWL ICR),Gold,Bronze,Silver ,Silver ,Silver ,Bronze,,Platinum ,Gold ,Gold ,Platinum ,Gold ,Platinum ,Platinum ,Silver 
7f55c499-abd9-4f61-ac7e-93a4d15c79a2,ALLIANCE > TISSUE DIRECTORY,UK MND Collections,Bronze,,,,,,,,,,,,,,
7f841dc4-87ed-4048-b06b-1a1e9198b8c1,HUBS > NHS DIGITRIALS,Diagnostic Imaging Dataset,Bronze,,,,,,,,,,,,,,
7fab080b-6e2a-4c82-a5e5-daf99c70662a,ALLIANCE > HQIP,"National Audit of Dementia - spotlight audit on the prescription of psychotropic medication, 2019",Not Rated,,,,,,,,,,,,,,
7fe20f78-758d-4449-beb4-ccf98e2d8247,HUBS > BREATHE,Developing Patient and Public Involvement in Research in Malaysia,Not Rated,,,,,,,,,,,,,,
8045cbe5-738d-4d30-a360-06acbbace5a9,ALLIANCE > PUBLIC HEALTH ENGLAND,National Cancer Registration Dataset 2018,Gold,,,,,,,,,,,,,,
81a515f5-5f4d-480e-b5ce-24faa7026c00,ALLIANCE > TISSUE DIRECTORY,National Unified Renal Translational Research Enterprise (NURTuRE),Bronze,,,,,,,,,,,,,,
8226b6fa-d815-4f15-9064-b56beb0fddb1,NHS Digital,Mental Health & Learning Disabilities Dataset v 1 (Sensitive) Episodes,Not Rated,,,,,,,,,,,,,,
824a2ef7-d282-495e-b0fc-e25b3a9613c3,ALLIANCE > TISSUE DIRECTORY,TRICON8B,Bronze,,,,,,,,,,,,,,
82665c1e-df7f-4136-a05f-0826533149e5,ALLIANCE > HQIP,National Audit of Dementia Round 4 - staff questionnaire,Not Rated,,,,,,,,,,,,,,
82ef7d1a-98d8-48b6-9acd-461bf2a399c3,ALLIANCE > TISSUE DIRECTORY,CASPS: A Phase II trial of Cediranib in ASPS patients,Bronze,,,,,,,,,,,,,,
8342e05e-cb12-4d29-ae84-b9b8421cb4f8,ALLIANCE > TISSUE DIRECTORY,Leeds Multidisciplinary Research Tissue Bank,Bronze,,,,,,,,,,,,,,
843062c0-fca0-464f-aa9c-0d4908f40513,ALLIANCE > TISSUE DIRECTORY,UKALL14 Trial,Bronze,,,,,,,,,,,,,,
844f3be0-f50d-4a88-9783-0928ad1c2aad,NIHR Health Informatics Collaborative Cardiovascular Theme,HIC Acute Coronary Syndromes,Silver,,,,,,,,,,,,,,
84616d8c-336a-485b-9148-af6788efb721,ALLIANCE > TISSUE DIRECTORY,Epilepsy Society Brain and Tissue Bank,Bronze,,,,,,,,,,,,,,
84de0d13-f5bd-4c22-83d3-e1adb00d5a72,Oxford University Hospitals NHS Foundation Trust,CRIS,Not Rated,,,,,,,,,,,,,,
851bb11b-fa75-44ee-afe9-948dc7652555,ALLIANCE > CPRD,Cancer registration data for CPRD Aurum,Not Rated,,,,,,,,,,,,,,
858c517e-8ce3-4059-9326-d158489e48d1,ALLIANCE > HQIP,National Diabetes Audit - National Diabetes in Pregnancy clinical Audit dataset,Not Rated,,,,,,,,,,,,,,
85b25afd-73a6-4455-9098-1f906bc7738d,ALLIANCE > TISSUE DIRECTORY,SCOT translational sample collection,Bronze,,,,,,,,,,,,,,
8625eb42-93df-4d33-875b-e6a93413d7ba,ALLIANCE > CPRD,HES Outpatient data for CPRD GOLD,Bronze,,,,,,,,,,,,,,
868613e0-23cc-4f8a-82da-18984589afd7,HUBS > BREATHE,Children's Health in London and Luton (CHILL),Silver,Bronze,Gold ,Bronze,Bronze,Not yet Bronze,,Gold ,Gold ,Other (please specify),Other (please specify),Bronze,Platinum ,Other (please specify),Bronze
86b39921-f0d4-42be-8236-1808c215c06b,ALLIANCE > SCOTLAND,Child Health Systems Programme - 6-8week review,Silver,,,,,,,,,,,,,,
86d7088b-7a15-4e9a-b2b0-857a67e04650,NHS Digital,HES:Civil Registration (Deaths) bridge,Bronze,,,,,,,,,,,,,,
87244819-4596-4e5d-baaa-f3fe4eb74b4b,ALLIANCE > CPRD,Death Registration data for CPRD GOLD,Bronze,,,,,,,,,,,,,,
875999d5-f5ed-4136-ac20-b20f1abe27dd,ALLIANCE > HQIP,National Early Inflammatory Arthritis Audit - clinical dataset,Not Rated,,,,,,,,,,,,,,
8783d7d2-2b89-44cc-bbc6-645e5483e2fe,ALLIANCE > NIHR BIORESOURCE,NHS Trust data,Not Rated,,,,,,,,,,,,,,
8881192f-ffdf-4917-be80-e7daab9a0ca2,ALLIANCE > CYSTIC FIBROSIS,Cystic Fibrosis Patient CFQ-R,Gold,,,,,,,,,,,,,,
88aef872-87fc-471b-a4ed-276349ef575a,HUBS > NHS DIGITRIALS,Hospital Episode Statistics Critical Care,Bronze,,,,,,,,,,,,,,
895e5c2f-e484-4d08-91c6-35ac2f85c231,NHS Digital,Mental Health Minimum Dataset v2.6 (Non-Sensitive),Not Rated,,,,,,,,,,,,,,
89ae7d31-d183-4f5e-b754-7ae14449da76,ALLIANCE > TISSUE DIRECTORY,Children's Cancer and Leukaemia Group (CCLG) Tissue Bank,Bronze,,,,,,,,,,,,,,
89e57932-ac48-48ac-a6e5-29795bc38b94,ALLIANCE > NIHR BIORESOURCE,Consent records,Silver,Platinum ,Platinum ,Bronze,Silver ,Silver ,,Bronze,Gold ,Platinum ,Bronze,Gold ,Platinum ,Bronze,Bronze
8a9404f0-5209-4438-8261-b3a0d2d563f5,ALLIANCE > SAIL,Annual District Death Extract,Gold,,,,,,,,,,,,,,
8ab1dc13-634e-46ae-9ba0-e094d446bd74,ALLIANCE > CPRD,Patient postcode linked deprivation measures for CPRD Aurum,Not Rated,,,,,,,,,,,,,,
8b1f4b49-78b7-4f15-b4d0-ea2b009750cc,ALLIANCE > SAIL,Outpatient Referral,Gold,,,,,,,,,,,,,,
8c13e03e-b9d2-4b04-8b98-097643a6beaf,ALLIANCE > NHSX,The National COVID-19 Chest Imaging Database,Gold,,,,,,,,,,,,,,
8c50b721-8bbe-4d9e-86d1-08a6271fe047,ALLIANCE > TISSUE DIRECTORY,UNIRAD UK Sample collection,Bronze,,,,,,,,,,,,,,
8c5be9df-c9b8-43ab-83ca-5d5dd61549da,ALLIANCE > CYSTIC FIBROSIS,Cystic Fibrosis Patient Transplants,Gold,,,,,,,,,,,,,,
8d3f80d4-aeae-46f0-809b-cd6c51e24f75,NHS Digital,Bridge file: Hospital Episode Statistics to Mental Health Minimum Data Set,Bronze,,,,,,,,,,,,,,
8dd6f22d-e513-4ee7-a7e8-abe055727076,ALLIANCE > SAIL,Substance Misuse Dataset,Gold,,,,,,,,,,,,,,
8e32341b-ebad-4e10-8f2b-60b0b5b0ef4c,ALLIANCE > NIHR BIORESOURCE,Whole Genome Sequencing,Not Rated,,,,,,,,,,,,,,
8eace3c2-1dc8-4708-9350-ad129b7d2bc9,NHS Digital,Mental Health Services Data Set - Inpatients,Not Rated,,,,,,,,,,,,,,
8fc0a2cc-a8ce-4558-a98a-c514255833d8,HUBS > BREATHE,Pneumonia case management practices in selected communities in Pakistan,Bronze,,,,,,,,,,,,,,
91479cbf-664e-4782-8514-a3247bb5c4f4,ALLIANCE > HQIP,National Asthma and COPD Audit Programme (NACAP): Pulmonary rehabilitation - organisational audit,Not Rated,,,,,,,,,,,,,,
92d95f82-50a5-4df9-914a-ca26b14cf84c,ALLIANCE > HQIP,National Diabetes Audit - Core Clinical Audit Dataset,Not Rated,,,,,,,,,,,,,,
93105053-ddf3-4339-9e4a-baf91c310370,Oxford University Hospitals NHS Foundation Trust,Emergency Care Dataset (ECDS),Not Rated,,,,,,,,,,,,,,
9328f206-db9a-4feb-9012-deab80cafd2e,ALLIANCE > SCOTLAND,National Records of Scotland (NRS) - Stillbirth Data,Silver,,,,,,,,,,,,,,
93ffc937-dc5f-4fae-bb75-a8ad19ac3d3e,ALLIANCE > GENOMICS ENGLAND,GENOMICS ENGLAND 100K CANCER & COMMON,Silver,,,,,,,,,,,,,,
9419a99b-f1fb-4566-8480-eecd4e189086,ALLIANCE > TISSUE DIRECTORY,TwinsUK,Bronze,,,,,,,,,,,,,,
94351432-da7e-4d44-97eb-4359d45e0240,HUBS > INSIGHT,UHB Eye Image Dataset Release 001,Bronze,Bronze,Silver ,Bronze,Silver ,Not yet Bronze,,Bronze,Gold ,Gold ,Bronze,Silver ,Gold ,Bronze,Not yet Bronze
9475e59b-3fee-4775-9c18-fd5caafe7336,NHS Digital,Secondary Uses Services,Not Rated,,,,,,,,,,,,,,
947ab204-b052-4cac-897b-d771f8dcfd1f,ALLIANCE > SAIL,Postponed Admitted Procedures,Gold,,,,,,,,,,,,,,
94c082e5-b45f-43fe-9340-f4855f392fd4,HUBS > BREATHE,Genetics of Asthma Severity & Phenotypes,Bronze,Bronze,Bronze,Bronze,Bronze,Not yet Bronze,,Silver ,Gold ,Other (please specify),Other (please specify),Bronze,Gold ,Other (please specify),Bronze
952d4422-3f03-46e6-9dbd-1bf0f54b7e3a,ALLIANCE > TISSUE DIRECTORY,"Oncology Clinical Trials Office, University of Oxford",Bronze,,,,,,,,,,,,,,
95475a1f-1623-4bfa-9821-1159d4dbcc8e,ALLIANCE > CPRD,Mental Health Dataset (MHDS) for CPRD GOLD,Not Rated,,,,,,,,,,,,,,
96d29a1d-9566-4793-8dbb-351fbe2eb790,ALLIANCE > CPRD,Pregnancy Register for CPRD GOLD,Not Rated,,,,,,,,,,,,,,
979d600f-f541-4028-8576-a6e4603fc244,ALLIANCE > TISSUE DIRECTORY,The PEACE Study,Bronze,,,,,,,,,,,,,,
97ddd990-f47a-40f5-9178-cbf742e4c613,HUBS > GUT REACTION,IBD Registry,Not Rated,,,,,,,,,,,,,,
97fa09e6-5ea5-41cd-baf8-20366db13a3f,NHS Digital,Mental Health Minimum Dataset v4 (Sensitive) Records,Not Rated,,,,,,,,,,,,,,
98a03f2b-1a67-4653-a4f5-f9db7262a94d,ALLIANCE > TISSUE DIRECTORY,Public Health England Seroepidemiology Unit,Bronze,,,,,,,,,,,,,,
98babf8f-a557-410a-9075-640db283c9a3,ALLIANCE > SCOTLAND,GP Out of Hours,Silver,,,,,,,,,,,,,,
992c8fe6-f460-490c-b202-8d4d9c434425,ALLIANCE > CPRD,Quality of Life of Cancer Survivors in England: Pilot Patient Reported Outcomes Measures Survey (2011) for CPRD GOLD,Not Rated,,,,,,,,,,,,,,
992d45d6-c80e-474d-87ff-4503ee1210a2,ALLIANCE > DUNDEE,Tayside Microbiology: Tests,Not Rated,,,,,,,,,,,,,,
995c0f8d-f5ef-470a-8ffe-6bdb956bdbc0,ALLIANCE > SCOTLAND,Child Health Systems Programme - 4-5 year review,Silver,,,,,,,,,,,,,,
997a5bda-d6f2-46c7-8fe5-990ac4576ff6,HUBS > DISCOVER NOW,North West London COVID-19 Patient Level Situation Report (NWL COVID19 PLD SITREP),Gold,Bronze,Silver ,Silver ,Silver ,Bronze,,Silver ,Gold ,Silver ,Platinum ,Gold ,Platinum ,Platinum ,
9a4ef776-6b4b-40cd-9c88-cbf1128780e9,ALLIANCE > HQIP,National Bowel Cancer Audit - clinical dataset,Not Rated,,,,,,,,,,,,,,
9a58219f-8cea-479c-bb5f-c68cae23136b,ALLIANCE > CPRD,Cancer Patient Experience Survey (CPES) for CPRD GOLD,Not Rated,,,,,,,,,,,,,,
9b7f7994-0b9c-4809-b67d-45ae1f04ec5c,NHS Digital,Mental Health Services Data Set - Currencies,Not Rated,,,,,,,,,,,,,,
9bc66d1b-68a2-4d4e-a54a-cc3842ff95c7,ALLIANCE > CPRD,HES Patient Reported Outcomes Measures (PROMs) data for CPRD GOLD,Bronze,,,,,,,,,,,,,,
9beca627-12cd-4231-8638-93cf0bdfa413,ALLIANCE > HQIP,National Asthma and COPD Audit Programme (NACAP):COPD and adult asthma secondary care organisational dataset,Not Rated,,,,,,,,,,,,,,
9bfcf24b-5b13-4997-9062-6c58583e69cd,ALLIANCE > NIHR BIORESOURCE,Sample holding,Silver,Platinum ,Silver ,Bronze,Silver ,Silver ,,Bronze,Gold ,Platinum ,Bronze,Silver ,Gold ,Bronze,Silver 
9c07be99-54a1-4a23-8de2-492e8dfea55a,ALLIANCE > ALSPAC,Avon Longitudinal Study of Parents and Children,Bronze,,,,,,,,,,,,,,
9c0f13ca-5831-4d9b-860a-7d856be7a9f1,ALLIANCE > HQIP,Falls and Fragility Fracture Audit Programme National Hip Database clinical dataset,Not Rated,,,,,,,,,,,,,,
9cb10184-7459-4ca5-ac30-d2364e70821d,ALLIANCE > TISSUE DIRECTORY,Tissue Access for Patient Benefit (TAPb),Bronze,,,,,,,,,,,,,,
9ccfde56-dd13-4606-a6c1-1e797d3b8d82,ALLIANCE > NIHR BIORESOURCE,Full Blood Counts,Not Rated,,,,,,,,,,,,,,
9e798632-442a-427b-8d0e-456f754d28dc,HDR UK,HDR UK Papers & Preprints,Silver,,,,,,,,,,,,,,
9e8982cb-6e2b-4c6e-b9d5-80a3794eb1dc,ALLIANCE > TISSUE DIRECTORY,POUT-T,Bronze,,,,,,,,,,,,,,
9f45db59-b3c9-4c33-85bf-25c1b5242903,ALLIANCE > TISSUE DIRECTORY,MDSBio,Bronze,,,,,,,,,,,,,,
a05443cd-e292-4b5f-b1f1-95718e300d46,ALLIANCE > HQIP,National Early Inflammatory Arthritis Audit - patient survey,Not Rated,,,,,,,,,,,,,,
a0dad23c-c02d-4347-92ef-0019fa59eb3e,ALLIANCE > CPRD,Cancer registration data for CPRD GOLD,Not Rated,,,,,,,,,,,,,,
a0e0c0c2-072a-47ac-9252-e27b37ac024f,NIHR Health Informatics Collaborative Renal Transplantation Theme,HIC Transplantation,Bronze,,,,,,,,,,,,,,
a104ba06-be82-4f2d-b177-f13948643f84,HUBS > NHS DIGITRIALS,Hospital Episode Statistics Accident and Emergency,Bronze,,,,,,,,,,,,,,
a1a67182-e81b-4144-ac51-92a86f277eb2,NHS Digital,Mental Health Minimum Dataset v4.1 (Non-Sensitive) Events,Not Rated,,,,,,,,,,,,,,
a1f9315e-8561-4e7b-b1a7-1276bdeca14d,ALLIANCE > TISSUE DIRECTORY,Cam-UroOnc Biorepository,Bronze,,,,,,,,,,,,,,
a2d94442-91c1-4626-b28f-700eb436a4c1,ALLIANCE > TISSUE DIRECTORY,ICON9 Trial,Bronze,,,,,,,,,,,,,,
a429e699-4650-4feb-9392-f24aa3a3b7b6,ALLIANCE > BARTS,Freetext Dataset,Not Rated,,,,,,,,,,,,,,
a49a1145-4334-4c2a-81cb-90155e8f05c6,ALLIANCE > TISSUE DIRECTORY,Sheffield Brain Tissue Bank (SBTB),Bronze,,,,,,,,,,,,,,
a617a37d-1813-49ad-8282-38169981a095,ALLIANCE > TISSUE DIRECTORY,plasmaMATCH,Bronze,,,,,,,,,,,,,,
a675ac5e-ecc2-4899-9c3c-65c2f36432c5,ALLIANCE > BARTS,Community Services Dataset,Not Rated,,,,,,,,,,,,,,
a6fb087d-1a90-4db0-9fcf-323c5b3cce51,ALLIANCE > TISSUE DIRECTORY,UK primary Sjogren's syndrome Registry,Bronze,,,,,,,,,,,,,,
a7209348-c011-44d0-9c4f-35a2014c2542,ALLIANCE > TISSUE DIRECTORY,Central England Haemato-oncology and oncology Research Biobank (CEHRB),Bronze,,,,,,,,,,,,,,
a74f72ad-bf70-42e4-8933-069c7b53c7f9,Oxford University Hospitals NHS Foundation Trust,LIMS,Not Rated,,,,,,,,,,,,,,
a772b8dd-cb93-4f27-a349-329992e0b212,ALLIANCE > CPRD,Quality of Life of Colorectal Cancer Survivors in England: Patient Reported Outcome Measures Survey for CPRD Aurum,Not Rated,,,,,,,,,,,,,,
a895be78-f41c-40b8-b2fa-678a071a6427,ALLIANCE > HQIP,National Asthma and COPD Audit Programme (NACAP): primary care workstream resources,Not Rated,,,,,,,,,,,,,,
aa019da2-0f2f-493c-95e8-7263ee735f46,NHS Digital,Mental Health Minimum Dataset v3_3.5 (Non-Sensitive),Not Rated,,,,,,,,,,,,,,
aa8c53e8-f91f-41f7-9522-7e2462a9a84b,ALLIANCE > CPRD,HES Diagnostic Imaging Dataset for CPRD GOLD,Bronze,,,,,,,,,,,,,,
acafb160-b18a-436e-90f1-dc4530a90267,NHS Digital,Mental Health Minimum Data Set,Bronze,,,,,,,,,,,,,,
ace79a9e-1552-4287-9f6e-9d01f628252b,ALLIANCE > TISSUE DIRECTORY,REQUITE,Bronze,,,,,,,,,,,,,,
ad5c7693-983e-4f32-a979-9ab550f2084a,ALLIANCE > TISSUE DIRECTORY,Cardiff University Biobank,Bronze,,,,,,,,,,,,,,
ae4b8371-d037-46e8-bdcd-bf3de08ef38e,HUBS > BREATHE,Optimum Patient Care Research Database,Not Rated,,,,,,,,,,,,,,
ae4f0589-8679-48a1-ad04-2324a5001869,ALLIANCE > TISSUE DIRECTORY,Cambridge Blood and Stem Cell Biobank,Bronze,,,,,,,,,,,,,,
aeb2f1ea-c914-4b30-94c8-9fd3eb51b288,ALLIANCE > HQIP,National Audit of Care at the End of Life - Quality Survey,Not Rated,,,,,,,,,,,,,,
af148400-1ec6-436d-910e-45350a54c390,ALLIANCE > CYSTIC FIBROSIS,Cystic Fibrosis Patient NTM culture,Gold,,,,,,,,,,,,,,
af238430-c257-4d60-9ff0-1de6b825f09e,HUBS > BREATHE,Community perception on public health measures for COVID-19 prevention/control,Bronze,,,,,,,,,,,,,,
af660e81-bb96-4e85-99a8-b85147c6ba79,HUBS > DISCOVER NOW,North West London Coordinate My Care (NWL CMC),Gold,,,,,,,,,,,,,,
b0886a0c-7ddc-4c2b-a499-afd7262fbe56,ALLIANCE > TISSUE DIRECTORY,RAPPER,Bronze,,,,,,,,,,,,,,
b0a8085e-8cf0-45ee-b4a6-12a4a545ca70,ALLIANCE > GENOMICS ENGLAND,GENOMICS ENGLAND 100K RARE DISEASE & COMMON,Gold,,,,,,,,,,,,,,
b2124786-9658-40cc-b5a3-6624885ce490,ALLIANCE > DUNDEE,Patient SIMD Postcode,Not Rated,,,,,,,,,,,,,,
b232b32f-07d4-4fce-85a0-3834efd8757a,HUBS > DISCOVER NOW,North West London Patient Index (NWL PI),Gold,,,,,,,,,,,,,,
b339ea90-c3dd-44d8-a968-88eba9e3edb3,HUBS > DISCOVER NOW,North West London Admitted Patient Care Data (NWL APC),Gold,Bronze,Gold ,Gold ,Silver ,Not yet Bronze,,Bronze,Gold ,Silver ,Platinum ,Gold ,Platinum ,Platinum ,Silver 
b36202ad-7652-460c-8389-baa1a1c1ac46,ALLIANCE > TISSUE DIRECTORY,York Tissue Bank,Bronze,,,,,,,,,,,,,,
b3a10154-a409-491a-92fb-e7fac47ccd91,ALLIANCE > TISSUE DIRECTORY,HCV Research UK,Bronze,,,,,,,,,,,,,,
b40777a2-468b-4b45-8b7d-2f62f912e950,NIHR Health Informatics Collaborative Critical Care Theme,HIC ICU 8.3.2,Silver,,,,,,,,,,,,,,
b41bb360-f2ed-49f0-a45b-b2fb05321975,ALLIANCE > BARTS,CDE Surginet Documentation,Not Rated,,,,,,,,,,,,,,
b4f6a5c2-e652-4972-9d06-510e9a469dfe,ALLIANCE > CPRD,Systemic Anti-Cancer Treatment (SACT) data for CPRD Aurum,Not Rated,,,,,,,,,,,,,,
b53f716d-a5c3-4ad8-a2aa-cae09c12ac18,NHS Digital,Mental Health Minimum Dataset v4.1 (Non-Sensitive) Episodes,Not Rated,,,,,,,,,,,,,,
b717d41e-9202-40ed-be1a-882ec0c47761,ALLIANCE > TISSUE DIRECTORY,MRC Brain Banks Network,Bronze,,,,,,,,,,,,,,
b730442a-72f3-4b0d-8ad3-4bdba046df7a,ALLIANCE > TISSUE DIRECTORY,Tissue Solutions Ltd,Bronze,,,,,,,,,,,,,,
b765d514-1642-4762-a521-73463c977094,HUBS > DATA-CAN,Yorkshire Specialist Register of Cancer in Children and Young People,Silver,Gold ,Silver ,Gold ,Silver ,Gold ,,Silver ,Platinum ,Gold ,Bronze,Silver ,Gold ,Gold ,Gold 
b796b821-97cf-4aa1-bbc7-53e3c1fbc33f,ALLIANCE > TISSUE DIRECTORY,TRICON8,Bronze,,,,,,,,,,,,,,
b8107ec3-ba35-45ee-8231-cb610fe2ce48,ALLIANCE > DUNDEE,Tayside Radiology,Not Rated,,,,,,,,,,,,,,
b9a2fe09-60b3-48a4-b252-9ed04a7dcc66,ALLIANCE > DUNDEE,NHS Tayside and Fife Haematology (Lab Data Restructured),Not Rated,,,,,,,,,,,,,,
ba071b0b-5ef4-457b-b194-3a69c2c71a06,NHS Digital,Mental Health Minimum Dataset v4 (Non-Sensitive) Events,Not Rated,,,,,,,,,,,,,,
bab944af-e345-4893-8640-a88aaff97c72,HUBS > BREATHE,Assessment of ASHA’s workload and its determinants,Bronze,,,,,,,,,,,,,,
bc2d2a17-0f36-4cb0-85d3-b54e64460d75,HUBS > DISCOVER NOW,North West London Primary Care Events Data (NWL PCE),Gold,Bronze,Silver ,Silver ,Silver ,Bronze,,Silver ,Gold ,Silver ,Platinum ,Gold ,Platinum ,Platinum ,Silver 
bc6ae5bc-7175-49e2-b093-337dde427736,ALLIANCE > CPRD,Patient postcode linked deprivation measures for CPRD GOLD,Not Rated,,,,,,,,,,,,,,
bcfdc597-1bf0-41c2-8b68-779f9a115f83,ALLIANCE > TISSUE DIRECTORY,Wales Cancer Bank,Bronze,,,,,,,,,,,,,,
bdc17b2c-8b0f-4959-ab9b-e2de32d8a5f9,NHS Digital,Mental Health & Learning Disabilities Dataset v 1 (Sensitive) Events,Not Rated,,,,,,,,,,,,,,
bdcbbb2b-df99-4ae7-b36e-f266cfe10ed3,ALLIANCE > CPRD,Mother-Baby Link for CPRD GOLD,Not Rated,,,,,,,,,,,,,,
bddcc89d-028f-48a5-b568-7dccd574563b,ALLIANCE > HQIP,National Joint Registry - Revision Shoulder Replacement dataset,Not Rated,,,,,,,,,,,,,,
be9bf427-d96d-4b1a-b1d1-83bdc3e8790b,HUBS > BREATHE,4 LMIC Asian Country ChrOnic: estimating respiratory disease burden in adults,Bronze,,,,,,,,,,,,,,
bf83ada4-b72e-4789-b177-12a53aa763ea,Oxford University Hospitals NHS Foundation Trust,TheatreEvents,Not Rated,,,,,,,,,,,,,,
bfc6e7c5-a81b-4fe2-95b5-d108a48d7d67,ALLIANCE > SCOTLAND,Mental Health Inpatient and Day Case - Scottish Morbidity Record (SMR04),Silver,,,,,,,,,,,,,,
c0da6801-6907-4c06-8fba-d21943c3a931,ALLIANCE > SAIL,Daily Situation Report Data,Gold,,,,,,,,,,,,,,
c10d6c3a-e405-4ee9-828f-02443c210879,ALLIANCE > TISSUE DIRECTORY,UCL Infection DNA Bank,Bronze,,,,,,,,,,,,,,
c16605d7-6e6e-4461-bfab-107660e31427,HUBS > BREATHE,Vitamin D supplementation meta-analyses,Not Rated,Bronze,Bronze,Bronze,Bronze,Not yet Bronze,,Bronze,Other (please specify),Other (please specify),Other (please specify),Bronze,Gold ,Other (please specify),Bronze
c182a3b6-8eea-43ef-be18-6cd444f150dc,ALLIANCE > TISSUE DIRECTORY,STAMPEDE,Bronze,,,,,,,,,,,,,,
c1f947c3-4956-4e0b-93ef-23ce9abda000,HUBS > DISCOVER NOW,North West London Primary Care Prescriptions Data (NWL PCP),Gold,Bronze,Silver ,Silver ,Silver ,Bronze,,Silver ,Gold ,Silver ,Platinum ,Gold ,Platinum ,Platinum ,Silver 
c22d8356-d51b-4d34-aadf-ed356d15fe46,ALLIANCE > DUNDEE,Fife Radiology,Not Rated,,,,,,,,,,,,,,
c2548017-7913-40e1-bf98-aaa2e907b0ea,HUBS > BREATHE,Assessing the eDPSEEA model in seasonal pollen induced asthma in Islamabad,Bronze,,,,,,,,,,,,,,
c275f19e-2373-43dc-8e83-3318aaf8bfa4,ALLIANCE > DUNDEE,Tayside Bowel Screening Dataset,Not Rated,,,,,,,,,,,,,,
c29c3fbe-700e-4f85-8943-5557c30c1dfa,ALLIANCE > TISSUE DIRECTORY,Arden Tissue Bank,Bronze,,,,,,,,,,,,,,
c324246a-22d9-45d8-9a7a-a513078be2d1,ALLIANCE > LEICESTER,Genvasc Primary Care Data,Not Rated,,,,,,,,,,,,,,
c3d84dfa-fe3a-4b86-a0f5-efbe45aa93ad,ALLIANCE > HQIP,Sentinel Stroke National Audit Programme Acute Organisational survey dataset,Not Rated,,,,,,,,,,,,,,
c42ceb2a-c9c2-491d-9f34-3da55413225f,ALLIANCE > SAIL,COVID-19 Symptom Tracker Dataset,Gold,Silver ,Silver ,Silver ,Silver ,Not yet Bronze,,Silver ,Bronze,Not yet Bronze,Bronze,Platinum ,Not yet Bronze,Bronze,Not yet Bronze
c43363e5-a2cd-4990-a425-733dfe559a4f,HUBS > BREATHE,UK BiLEVE Consortium Dataset,Silver,Gold ,Gold ,Not yet Bronze,Bronze,Not yet Bronze,,Bronze,Gold ,Other (please specify),Other (please specify),Bronze,Platinum ,Bronze,Bronze
c55b92d8-889d-435c-b0cb-2d9f7b432839,ALLIANCE > CPRD,HES Accident and Emergency data for CPRD GOLD,Bronze,,,,,,,,,,,,,,
c577669a-a84f-493e-8164-3fe02f618561,ALLIANCE > CPRD,Death Registration data for CPRD Aurum,Bronze,,,,,,,,,,,,,,
c5994fae-9c4a-47eb-ba42-85bd76e92879,ALLIANCE > HQIP,National Audit of Psychosis - Audit on Early Intervention in Psychosis services - contextual data,Not Rated,,,,,,,,,,,,,,
c6117afd-bc4d-404b-8d58-9d87db936b4c,ALLIANCE > CPRD,Practice postcode linked deprivation measures for CPRD GOLD,Not Rated,,,,,,,,,,,,,,
c6d6bbd3-74ed-46af-841d-ac5e05f4da41,ALLIANCE > TISSUE DIRECTORY,Barts CTU,Bronze,,,,,,,,,,,,,,
c6dc78fa-1543-4fbf-87d8-a3f48e7de813,OTHER > COG-UK,COG-UK Viral Genome Sequences,Gold,,,,,,,,,,,,,,
c713773c-e961-400e-b44a-947002deb073,NHS Digital,Mental Health & Learning Disabilities Dataset v 1 (Non-Sensitive) Episodes,Not Rated,,,,,,,,,,,,,,
c720c89a-b2c6-4cd6-b606-df34ff22b1c8,HUBS > NHS DIGITRIALS,Hospital Episode Statistics Outpatients,Bronze,,,,,,,,,,,,,,
c83d2206-3778-400b-9b26-27c7588af930,ALLIANCE > TISSUE DIRECTORY,RATHL Trial,Bronze,,,,,,,,,,,,,,
c84321f3-caf3-4b40-a41a-5ccebe5bb1aa,ALLIANCE > SAIL,COVID-19 Shielded People list,Gold,,,,,,,,,,,,,,
c8ed8784-91ce-4823-8e80-fa3a4b732e11,ALLIANCE > DUNDEE,NHS Tayside and Fife Virology,Not Rated,,,,,,,,,,,,,,
c97b8058-a6a4-4c8d-92e1-6e9f4cddd301,NHS Digital,Mental Health Minimum Dataset v4.1 (Non-Sensitive) Records,Not Rated,,,,,,,,,,,,,,
cabb1db1-ee3e-42ce-a40b-468282e2011d,ALLIANCE > HQIP,National Audit of Care at the End of Life - case note review,Not Rated,,,,,,,,,,,,,,
cbda5643-96b7-4914-b990-a872e693ff29,ALLIANCE > HQIP,National Early Inflammatory Arthritis Audit - organisational survey dataset,Not Rated,,,,,,,,,,,,,,
cc383a3f-1c47-4b7d-99cf-be8ee0afe401,NHS Digital,Mental Health Minimum Dataset v4.1 (Sensitive) Records,Not Rated,,,,,,,,,,,,,,
cc3e20da-aca5-471d-a4bb-38e13f350f10,ALLIANCE > CPRD,HES Admitted Patient Care data for CPRD Aurum,Bronze,,,,,,,,,,,,,,
cf3f4336-e52d-4b82-8cc5-647dedaaee57,ALLIANCE > HQIP,National Clinical Audit of Anxiety and Depression - spotlight audit on psychological therapies (clinical),Not Rated,,,,,,,,,,,,,,
cf81a42f-2611-4410-89e9-7e3770d03a15,ALLIANCE > CPRD,Quality of Life of Colorectal Cancer Survivors in England: Patient Reported Outcome Measures Survey for CPRD GOLD,Not Rated,,,,,,,,,,,,,,
d0468470-a88f-4692-a19d-c9ac0b9868f3,ALLIANCE > CYSTIC FIBROSIS,Cystic Fibrosis Patient Microbiology Cultures,Gold,,,,,,,,,,,,,,
d2667c43-adfd-4a61-b090-38d39e35a392,ALLIANCE > SAIL,Welsh Cancer Intelligence and Surveillance Unit (WCISU),Gold,,,,,,,,,,,,,,
d272b783-8db3-4068-8d0f-05728f786d6d,ALLIANCE > TISSUE DIRECTORY,Cancer Group CTR Cardiff trials,Bronze,,,,,,,,,,,,,,
d2af6a29-291b-4444-a17c-40f4208f1e1b,NHS Digital,Patient Reported Outcome Measures,Not Rated,,,,,,,,,,,,,,
d3673b75-ec8f-4c2e-8c9b-6ef1d951f978,ALLIANCE > HQIP,Sentinel Stroke National Audit Programme Clinical Dataset,Not Rated,,,,,,,,,,,,,,
d3a3935f-b28e-4e74-9b15-9432d611f26c,ALLIANCE > TISSUE DIRECTORY,MFT Biobank,Bronze,,,,,,,,,,,,,,
d3e859ba-cfb0-4eda-a14c-34b08d113cd9,HUBS > BREATHE,Strategy introducing Pulmonary Rehabilitation for COPD management in rural India,Not Rated,,,,,,,,,,,,,,
d3fd4dac-2d15-401c-8185-905ee108d9ce,Oxford University Hospitals NHS Foundation Trust,JANUS,Not Rated,,,,,,,,,,,,,,
d51de39c-153a-462b-8de5-cd1424908e0c,ALLIANCE > TISSUE DIRECTORY,UK ME/CFS Biobank,Bronze,,,,,,,,,,,,,,
d5446d68-2fb9-4f0f-962e-7b7ed484d534,HUBS > BREATHE,Exploration of Pneumonia Related Policy Formation and Implementation in Pakistan,Bronze,,,,,,,,,,,,,,
d546521a-79be-4a53-83bd-ff008bda6171,HUBS > PIONEER,Birmingham Out of Hours Research Database,Not Rated,,,,,,,,,,,,,,
d57a096a-4fa3-4529-b508-0b9df0f1893c,Oxford University Hospitals NHS Foundation Trust,OUH Patient Master Index,Not Rated,,,,,,,,,,,,,,
d5ab658e-b474-4e22-95f8-92607c40792d,ALLIANCE > TISSUE DIRECTORY,NHS Grampian Biorepository,Bronze,,,,,,,,,,,,,,
d7ec9584-cba3-46f9-9ef4-b1cb9eef2e7c,ALLIANCE > NIHR BIORESOURCE,Health and Lifestyle Questionnaire,Silver,Platinum ,Gold ,Bronze,Silver ,Bronze,,Bronze,Gold ,Platinum ,Bronze,Bronze,Gold ,Bronze,Silver 
d90830f4-5aaa-4075-8c8d-839627224d16,ALLIANCE > CPRD,Cancer Patient Experience Survey (CPES) for CPRD Aurum,Not Rated,,,,,,,,,,,,,,
da4d3e21-3d81-49e9-ada0-6175e2341190,ALLIANCE > HQIP,National Vascular Registry -  Abdominal Aortic Aneurysm Repair clinical dataset,Not Rated,,,,,,,,,,,,,,
db113fcd-69a0-4357-9c6d-250085deb3f5,NHS Digital,Mental Health Minimum Dataset v4.1 (Sensitive) Events,Not Rated,,,,,,,,,,,,,,
dd7e56e7-2683-4b88-bed2-3a27ef3e4c9e,ALLIANCE > TISSUE DIRECTORY,interNational Anaplastic Thyroid Cancer Tissue Bank (iNATT),Bronze,,,,,,,,,,,,,,
ddc965e7-6f52-4eed-bed5-657e3e7bbeac,ALLIANCE > HQIP,National Vascular Registry Audit Carotid Endarterectomy Clinical Dataset,Not Rated,,,,,,,,,,,,,,
de1179eb-89fe-45a3-9e3c-e54a2a36ebf0,ALLIANCE > NIHR BIORESOURCE,NHS Digital data,Not Rated,,,,,,,,,,,,,,
de19b3ea-2600-4472-85e8-628e7beff76e,ALLIANCE > HQIP,National Bowel Cancer Audit -  Organisational Survey dataset,Not Rated,,,,,,,,,,,,,,
def6669b-0fac-485c-84b2-2ea83ec31123,HUBS > BREATHE,UK Lung Volume Reduction Surgery,Silver,Bronze,Bronze,Bronze,Bronze,Not yet Bronze,,Gold ,Gold ,Other (please specify),Other (please specify),Bronze,Silver ,Other (please specify),Bronze
df63e893-f688-4bb4-956c-cc4354bb4001,HUBS > BREATHE,Klang Asthma Cohort,Not Rated,,,,,,,,,,,,,,
dfb21b3b-7fd9-40c4-892e-810edd6dfc25,Oxford University Hospitals NHS Foundation Trust,Admitted Patient Care Dataset,Not Rated,,,,,,,,,,,,,,
e0c871f9-b63c-43a5-9fd6-e5731dae2343,ALLIANCE > GENOMICS ENGLAND,GENOMICS ENGLAND 100K PHE LINKED DATA,Gold,,,,,,,,,,,,,,
e0ed59e2-8fb5-44d4-b694-f31d46884954,ALLIANCE > SAIL,Brecon dataset,Gold,,,,,,,,,,,,,,
e10660af-b420-4e25-8fc9-ea451da1dcfb,ALLIANCE > HQIP,National Oesophago-Gastric Cancer Audit - clinical dataset,Not Rated,,,,,,,,,,,,,,
e38c8d6c-8655-4432-b654-23f89c0bb495,ALLIANCE > HQIP,National Joint Registry - Primary Ankle Replacement dataset,Not Rated,,,,,,,,,,,,,,
e432737f-43c0-43c1-aef5-71cb204d770c,ALLIANCE > CYSTIC FIBROSIS,Cystic Fibrosis Patient Tendon Rupture,Gold,,,,,,,,,,,,,,
e516a359-74a8-4932-b4df-f2cf75eef89d,HUBS > BREATHE,Unified Cohorts Research Network,Not Rated,Bronze,Bronze,Bronze,Bronze,Not yet Bronze,,Gold ,Gold ,Other (please specify),Other (please specify),Bronze,Silver ,Other (please specify),Bronze
e66b726f-8e58-4411-be32-1d00ba1df13f,ALLIANCE > CYSTIC FIBROSIS,Cystic Fibrosis Patient Sweat Tests,Gold,,,,,,,,,,,,,,
e678366e-bb53-4dbb-a228-05114e0b6eb3,ALLIANCE > TISSUE DIRECTORY,Biobank for patients with retinal degenerations & dystrophies,Bronze,,,,,,,,,,,,,,
e85e5c8c-b6be-4e8b-8a0b-13b785b457a2,HUBS > DISCOVER NOW,North West London Community Data (NWL COM),Gold,Bronze,Silver ,Silver ,Silver ,Bronze,,Silver ,Gold ,Silver ,Platinum ,Gold ,Platinum ,Platinum ,Silver 
e8f23004-f1f7-4a36-859f-25af6ca6433b,ALLIANCE > TISSUE DIRECTORY,University of Liverpool - GCP Laboratory Facility,Bronze,,,,,,,,,,,,,,
e8f5b1b5-2c08-439a-b337-70b454aa40f3,ALLIANCE > DUNDEE,"NHS Tayside, A&E Drugs given during an A&E visit",Not Rated,,,,,,,,,,,,,,
e9d504fc-4b61-4419-a400-ffda998fc377,ALLIANCE > SCOTLAND,Scottish Immunisation Recall System (SIRS),Bronze,,,,,,,,,,,,,,
ea07f115-9f70-4c21-a373-247a1ca906f0,ALLIANCE > TISSUE DIRECTORY,Research Donors Ltd,Bronze,,,,,,,,,,,,,,
eaca9ed1-30b6-4157-8894-8e53efc84849,Oxford University Hospitals NHS Foundation Trust,Sunquest,Not Rated,,,,,,,,,,,,,,
eb19fcd9-2e9e-4e27-aa79-ad235952b1ac,ALLIANCE > TISSUE DIRECTORY,Tommy's National Reproductive Health Biobank,Bronze,,,,,,,,,,,,,,
ec8e4933-2118-4366-a61a-090748e49be7,ALLIANCE > SAIL,Higher Education Statistics Agency (HESA) Student Data,Gold,,,,,,,,,,,,,,
ecbe7275-82b5-43cd-9401-fd7ef4b55341,ALLIANCE > GENOMICS ENGLAND,GENOMICS ENGLAND 100K QUICK VIEW,Gold,,,,,,,,,,,,,,
ecc4daf2-e58a-4ebc-9608-4bc741231fb9,HUBS > BREATHE,"Introducing pulse oximetry in IMNCI, primary health facilities in Pune India",Not Rated,,,,,,,,,,,,,,
edaf29f4-9857-4bb0-97b9-ae88b70a2a3c,ALLIANCE > DUNDEE,Fife Microbiology: Isolations,Not Rated,,,,,,,,,,,,,,
edc8f0c6-64f8-4f6d-a1dd-41e05033d54e,HUBS > BREATHE,Its Not JUST Idiopathic pulmonary fibrosis Study (INJUSTIS),Bronze,Bronze,Gold ,Bronze,Bronze,Not yet Bronze,,Gold ,Gold ,Other (please specify),Other (please specify),Bronze,Platinum ,Other (please specify),Bronze
ee5f4405-6930-4a7b-ba00-85a8e8c8a8b9,ALLIANCE > TISSUE DIRECTORY,QTL Programme at MRC HGU,Bronze,,,,,,,,,,,,,,
ee78ce42-7f1f-4c97-80cc-ea6ad628e5da,ALLIANCE > SAIL,National Survey for Wales,Gold,,,,,,,,,,,,,,
eea147a4-4576-4f86-8ad1-c762137335fd,ALLIANCE > TISSUE DIRECTORY,Manchester Cancer Research Centre (MCRC) Biobank,Bronze,,,,,,,,,,,,,,
eebb647a-63eb-4e62-b052-26cb2eb4799d,ALLIANCE > SAIL,Emergency Department Dataset Daily,Gold,,,,,,,,,,,,,,
ef42201e-deb1-4675-896a-8a0162fe52a8,ALLIANCE > CPRD,CPRD Aurum,Silver,,,,,,,,,,,,,,
efbb3bf4-834b-417e-b002-03fc41715e58,ALLIANCE > HQIP,National Cardiac Audit Programme - National Heart Failure Audit,Not Rated,,,,,,,,,,,,,,
efc2bb06-d502-4424-ac92-72834459fbaa,ALLIANCE > SAIL,COVID-19 Consolidated Deaths,Gold,,,,,,,,,,,,,,
eff41dbc-0ce4-4bfe-b51f-7b2753750332,HUBS > BREATHE,The Malaysian Asthma Hajj Study,Not Rated,,,,,,,,,,,,,,
f075ceb7-5bed-4e6b-8e83-211aee945356,HUBS > PIONEER,Society for Acute Medicine Benchmarking Audit,Not Rated,,,,,,,,,,,,,,
f1a85970-bddc-499b-92e9-783706c60995,ALLIANCE > NIHR BIORESOURCE,SNP imputation data,Not Rated,,,,,,,,,,,,,,
f1a93b8f-6332-43a2-b2da-c86f68f7d24a,ALLIANCE > TISSUE DIRECTORY,Manchester Eye Tissue Repository,Bronze,,,,,,,,,,,,,,
f1d3b068-7dd0-4a28-bd64-3519dd104eb6,ALLIANCE > NIHR BIORESOURCE,Case report form,Silver,Platinum ,Gold ,Bronze,Silver ,Bronze,,Bronze,Gold ,Platinum ,Bronze,Bronze,Gold ,Bronze,Silver 
f202a9da-f036-4e8c-a069-a20ff6c8a9e1,HUBS > PIONEER,PIONEER - Genomics Patients and related data,Not Rated,Bronze,Gold ,Bronze,Bronze,Not yet Bronze,,Silver ,Gold ,Platinum ,Bronze,Silver ,Gold ,Bronze,Silver 
f3a53f7a-ea93-4b9e-bccd-afe762259044,ALLIANCE > CPRD,Practice postcode linked deprivation measures for CPRD Aurum,Not Rated,,,,,,,,,,,,,,
f3ade619-292e-4631-916a-9cd9d7938e48,ALLIANCE > LEICESTER,The Leicester City and County Chronic Kidney Disease Cohort,Not Rated,,,,,,,,,,,,,,
f42b9fa6-adad-4637-943e-6fa7508559a3,ALLIANCE > TISSUE DIRECTORY,Bristol Biobank,Bronze,,,,,,,,,,,,,,
f4915e4b-639c-45ae-9b0f-afab547e1104,ALLIANCE > HQIP,National Joint Registry - Primary Knee Replacement dataset,Bronze,,,,,,,,,,,,,,
f5b57b56-a4ed-46d4-825f-d181e8db809d,ALLIANCE > TISSUE DIRECTORY,Leeds NIHR Biomarker Research Tissue Bank,Bronze,,,,,,,,,,,,,,
f5ed34fa-154a-4613-a253-277547cfd8ca,ALLIANCE > TISSUE DIRECTORY,Oxford Musculoskeletal Biobank,Bronze,,,,,,,,,,,,,,
f621fcc9-e9ab-4da4-bd34-e4530d11b59d,ALLIANCE > TISSUE DIRECTORY,NIHR Exeter Clinical Research Facility,Bronze,,,,,,,,,,,,,,
f69d1b15-a0b4-461a-8aff-dba56da0791f,ALLIANCE > HQIP,National Diabetes Inpatient Audit - Harms clinical dataset,Not Rated,,,,,,,,,,,,,,
f7c563c0-9625-47be-a070-c121fe734f3c,ALLIANCE > NIHR BIORESOURCE,SNP chip data,Silver,Platinum ,Gold ,Platinum ,Gold ,Bronze,,Bronze,Bronze,Platinum ,Bronze,Bronze,Gold ,Bronze,Gold 
f806fe65-79aa-4843-bc56-a08bf14ffcec,ALLIANCE > HQIP,National Maternity and Perinatal Audit clinical audit,Not Rated,,,,,,,,,,,,,,
f82b8ca5-5a52-4502-bf78-cfbb718cbe2f,ALLIANCE > HQIP,"Maternal, Newborn and Infant Clinical Outcome Review Programme - perinatal surveillance dataset",Not Rated,,,,,,,,,,,,,,
f89af2f4-e3cd-4eaa-835d-94aa347d8a92,ALLIANCE > IMPERIAL COLLEGE LONDON,National Neonatal Research Database,Gold,,,,,,,,,,,,,,
f8bab14a-bc9b-4dd1-a6c6-c57588605849,ALLIANCE > BARTS,Maternity Services Dataset,Not Rated,,,,,,,,,,,,,,
f8f6e9ea-65c0-48a6-9beb-6de80bbbefda,ALLIANCE > TISSUE DIRECTORY,Multiple Sclerosis and Parkinson's Tissue Bank,Bronze,,,,,,,,,,,,,,
f9a712ae-9d41-41a6-b2ca-3127441b03ac,ALLIANCE > TISSUE DIRECTORY,UCL / UCLH Biobank for Studying Health and Disease,Bronze,,,,,,,,,,,,,,
f9f3af0d-ca1c-4e8f-b5e8-20962e1e7b4e,ALLIANCE > TISSUE DIRECTORY,"St Thomas' Hospitals Plasma, serum & DNA Bio bank from patients with antiphospholipid antibodies",Bronze,,,,,,,,,,,,,,
faf7ec31-999a-4d87-9d6d-8837ff2fa486,ALLIANCE > HQIP,National Cardiac Audit Programme - National Adult Cardiac Surgery Audit (NACSA),Not Rated,,,,,,,,,,,,,,
fb0e3d82-dcdb-4854-bdf5-99f03514a083,ALLIANCE > SCOTLAND,Outpatient Appointments and Attendances - Scottish Morbidity Record (SMR00),Silver,,,,,,,,,,,,,,
fc7b44f0-eb69-4257-8c07-7516c1210c46,Oxford University Hospitals NHS Foundation Trust,CellPath,Not Rated,,,,,,,,,,,,,,
fcee6c99-a4bd-44b8-a28e-dc63337ce216,ALLIANCE > TISSUE DIRECTORY,eLIXIR - Early Life Data Cross-Linkage in Research,Bronze,,,,,,,,,,,,,,
fe3c7527-e802-4a51-9aa2-19e7d4d22783,ALLIANCE > SAIL,National Exercise Referral Scheme,Gold,,,,,,,,,,,,,,
fe4662ad-9080-4bd8-8de4-51195d275d5b,ALLIANCE > HQIP,National Joint Registry - Primary Shoulder Replacement dataset,Not Rated,,,,,,,,,,,,,,
fe872375-2401-4de1-9650-d4139cf5793a,ALLIANCE > HQIP,National Paediatric Diabetes Audit - Parent and Patient Recorded Experience measures,Not Rated,,,,,,,,,,,,,,
fea0b4be-4097-4c2e-86f2-03dc1ee2877b,ALLIANCE > SAIL,Welsh Dispensing Dataset,Gold,,,,,,,,,,,,,,
ff0500de-acdf-4db6-b12f-263324696d47,ALLIANCE > SCOTLAND,National Records of Scotland (NRS) - Deaths Data,Bronze,,,,,,,,,,,,,,
ff2c6982-00f3-4483-9fc2-19b3a7211d8d,NHS Digital,Mental Health Minimum Dataset v4 (Non-Sensitive) Records,Not Rated,,,,,,,,,,,,,,
ffc34689-1a81-4f56-9c3f-e62b76d8445b,HUBS > BREATHE,Teleconsultation in remote rural India: management of COPD and Asthma,Bronze,,,,,,,,,,,,,,
