id,quality_rating,publisher,title,quality_score,error_percent,missingness_percent
004d1932-f06e-49d2-b87a-e5e4140ffbb3,Bronze,ALLIANCE > NIHR BIORESOURCE,Metabolite data,54,32.56,59.62
00589ec6-f42a-4f6e-af68-665cf7ec8dde,Not Rated,University of Dundee Health Informatics Centre,Renal Register – ISD National dataset,47,37.21,68.63
0092dc60-a0af-4d45-801c-b888210d6609,Bronze,ALLIANCE > HQIP,National Joint Registry - Primary Elbow Replacement dataset,55,30.23,59.62
01728d51-19eb-4527-8add-6b660cb557cc,Bronze,ALLIANCE > SCOTLAND,Scotland Accident and Emergency,70,25.58,34.62
0217114b-6847-4aae-9d76-4d52acea2bcc,Bronze,ALLIANCE > HQIP,Paediatric Intensive Care Audit Network - core dataset (admission),54,32.56,59.62
0266f904-b168-488a-a9e7-d318443584ef,Bronze,ALLIANCE > CPRD,HES Diagnostic Imaging Dataset for CPRD Aurum,67,30.23,36.54
02a8331a-7210-45b7-b4fe-b828d81a78c4,Silver,HUBS > DISCOVER NOW,Outpatient Care,80,23.26,17.31
0477b06f-cbed-4949-982e-ce248a47ed1a,Not Rated,Oxford University Hospitals NHS Foundation Trust,SOLUS,46,39.53,69.23
04b1648d-eeb7-4072-8dd2-806c3ae4e20d,Bronze,ALLIANCE > HQIP,National Cardiac Audit Programme - Myocardial Ischaemia National Audit Project (MINAP),53,34.88,59.62
04f4604e-6d0b-4100-977b-59c3b69b0cfc,Not Rated,ALLIANCE > BARTS,Sectra PACS,47,39.53,67.31
0534b41b-9877-4e30-b3ce-e604b29d4990,Silver,ALLIANCE > TISSUE DIRECTORY,Infectious Diseases BioBank at King's College London,77,20.93,25.0
05ade19c-75f5-4623-ade6-99fb21c2d4e3,Bronze,ALLIANCE > LEICESTER,The Primary-Secondary Care Partnership to Improve Outcomes in Chronic Kidney Disease,54,32.56,59.62
06f8c66d-4e91-44dc-a109-1df729b72b61,Silver,ALLIANCE > SAIL,COVID-19 Symptom Tracker Dataset,77,16.28,28.85
0711cc7e-80d5-4781-a1ab-2637ea176ceb,Not Rated,Oxford University Hospitals NHS Foundation Trust,Millennium Clinical Events,46,39.53,69.23
07abf678-a2c0-4d8b-8d25-8b9f180f9ff2,Not Rated,ALLIANCE > NIHR BIORESOURCE,Returned datasets,47,39.53,67.31
084d3291-d675-46e0-aa26-7a6b4c50a14d,Gold,HUBS > DISCOVER NOW,Accident and Emergency,81,20.93,17.31
08e7f767-81cd-4d21-ae12-14a02db9b3fe,Not Rated,University of Dundee Health Informatics Centre,Tayside Bowel Screening Dataset,47,37.21,68.63
09586db0-4da4-47f8-9434-13cbd2da2bb9,Bronze,ALLIANCE > HQIP,Paediatric Intensive Care Audit Network - customised data collection,54,32.56,59.62
0a0b0779-2d76-461d-9621-be54c3a3e98a,Silver,HUBS > BREATHE,Idiopathic Pulmonary Fibrosis (IPF) Genome-wide Association Study,79,23.26,19.23
0a418d30-c13c-404a-9f4c-39334d889b9c,Bronze,ALLIANCE > HQIP,Paediatric Intensive Care Audit Network - core dataset (transport),54,32.56,59.62
0a4f19cc-8565-410b-ac02-2751f5284a9b,Silver,ALLIANCE > TISSUE DIRECTORY,Tayside Biorepository,77,20.93,25.0
0bb202c7-80e8-4532-8042-1351576e6c94,Bronze,ALLIANCE > HQIP,National Asthma and COPD Audit Programme (NACAP): Pulmonary rehabilitation - clinical audit,53,34.88,59.62
0c98200b-48b5-418a-b8d0-a7708abc1f39,Bronze,NHS Digital,Mental Health Services Data Set - Community,58,39.53,44.23
0cfe60cd-038d-4c03-9a95-894c52135922,Not Rated,ALLIANCE > BARTS,ARIA Dataset,47,39.53,67.31
0d89c503-1c79-4e2a-baf6-02f12e68805b,Bronze,ALLIANCE > HQIP,National Neonatal Audit Programme - clinical audit,55,30.23,59.62
0dbabc86-08ac-47ed-834a-86e8de1cc25c,Silver,ALLIANCE > SAIL,Brecon dataset,78,20.93,23.08
0df3a0a9-d261-47ff-99e5-9c7e67410712,Silver,ALLIANCE > TISSUE DIRECTORY,IMPORT HIGH trial blood samples,78,20.93,23.08
0e59698c-1532-4155-ab0e-af11b3d9e7b1,Bronze,ALLIANCE > CPRD,HES Accident and Emergency data for CPRD Aurum,66,32.56,34.62
0e6e6ed5-ab81-4d7f-b06a-768bf33357ca,Bronze,NHS Digital,Mental Health Minimum Dataset v4 (Sensitive) Episodes,59,39.53,42.31
0fbd11c2-c44b-430f-b527-63cb82fcee63,Bronze,ALLIANCE > CPRD,National Radiotherapy Dataset (RTDS) for CPRD Aurum,52,41.86,53.85
0fc61ace-397d-4489-9e62-77f88082e775,Bronze,NHS Digital,Mental Health & Learning Disabilities Dataset v 1 (Non-Sensitive) Events,59,39.53,42.31
11571357-b9fc-45ed-ab40-3bb3d7443245,Bronze,ALLIANCE > HQIP,National Audit of Dementia Round 4 - carer experience survey,55,30.23,59.62
11a60dee-d14a-447a-9e59-0bbc109919d2,Bronze,NHS Digital,Hospital Episode Statistics Critical Care,60,37.21,42.31
12690263-f5d3-435b-9582-de1a88064e1e,Bronze,ALLIANCE > HQIP,National Vascular Registry Audit Carotid Lower Limb Amputation clinical dataset,55,30.23,59.62
12c5b83c-6e4a-442e-b6c2-2f6b7165fe6b,Bronze,ALLIANCE > HQIP,National Joint Registry - Revision Hip Replacement dataset,55,30.23,59.62
13a931c1-18cf-4d60-be79-a527acb0a36d,Silver,ALLIANCE > TISSUE DIRECTORY,Obesity Research Biobank Syndicate (ORBiS),77,20.93,25.0
14855eb1-6563-4e56-89e5-aecd51f100ad,Silver,ALLIANCE > TISSUE DIRECTORY,Watch and Wait Trial,77,20.93,25.49
148a3896-e4ed-48ef-8643-48df726041e1,Bronze,ALLIANCE > HQIP,Paediatric Intensive Care Audit Network - core dataset (referral),54,32.56,59.62
15a7c12f-145c-46fc-acc9-c27e83ed2c4d,Gold,ALLIANCE > GENOMICS ENGLAND,GENOMICS ENGLAND 100K NHSD LINKED DATA,81,23.26,15.38
16341d43-0e79-4afa-a84f-67db018e449f,Silver,ALLIANCE > TISSUE DIRECTORY,INCA Trial,77,20.93,25.0
16dfba9a-04b9-4b3e-9c86-73d6bf2db4c3,Silver,ALLIANCE > SAIL,Pathology Data from WRRS,80,23.26,17.31
172242ce-a1c5-4915-9c71-686f6e7d5789,Not Rated,Oxford University Hospitals NHS Foundation Trust,ARIA Medonc,46,39.53,69.23
179c21cd-41e0-489b-82c4-1bec011c562f,Silver,ALLIANCE > TISSUE DIRECTORY,IDRIS Trial,78,20.93,23.08
1841e7c9-39e1-4eff-9d2f-da3dede71f86,Bronze,ALLIANCE > CPRD,Rural-Urban classification for CPRD GOLD,53,41.86,51.92
18603ae7-a056-4fd6-a3e5-d32a2440dd26,Bronze,ALLIANCE > HQIP,National Audit of Psychosis - Audit on Early Intervention in Psychosis services - case note audit,54,32.56,59.62
187ad2a0-429b-4047-b399-109a37acef25,Silver,ALLIANCE > SCOTLAND,Child Health Systems Programme - 13-15 Month Review,71,20.93,36.54
1a0af437-ec80-4db7-9c76-a2418cc8c5c8,Bronze,ALLIANCE > HQIP,National Asthma and COPD Audit Programme (NACAP): COPD secondary care clinical dataset,53,34.88,59.62
1a575fae-c0d7-4718-b0d6-ba7c9c3edc0d,Bronze,ALLIANCE > SCOTLAND,Scottish Birth Record (SBR),70,23.26,36.54
1bb2c353-8d91-4989-a21b-26182262b807,Silver,ALLIANCE > TISSUE DIRECTORY,DARWIN1 Trial,76,25.58,23.08
1c17f45b-ba0f-4e97-a0f0-34a600844d4f,Silver,ALLIANCE > TISSUE DIRECTORY,NICAM: Nilotinib treatment for c-KIT mutated advanced AMM,76,23.26,25.0
1c9d45cd-9352-4089-a567-dad447a62751,Not Rated,University of Dundee Health Informatics Centre,Tayside Microbiology: Isolations,47,37.21,68.63
1cb31e11-505b-4ff6-ae20-5c468c9ad296,Silver,ALLIANCE > TISSUE DIRECTORY,HPB Biobank,77,20.93,25.0
1d1244b6-aeeb-4655-b5a2-2357ed28227a,Bronze,HUBS > PIONEER,University Hospitals Birmingham PICS data,54,32.56,59.62
1d2a94c4-b18d-47c4-9b48-cfab8e67f126,Silver,ALLIANCE > TISSUE DIRECTORY,National Diet and Nutrition Survey (NDNS),77,20.93,25.0
1d5e3b05-8ce3-4f80-ae3a-f6031ad8cf69,Bronze,NHS Digital,Mental Health Services Data Set - Service Users,58,39.53,44.23
1d7d2724-3175-438b-a3a3-77875f776548,Silver,HUBS > BREATHE,UK BiLEVE Consortium Dataset,80,20.93,19.23
1da704e3-f5ee-4614-8880-10541637a0b7,Bronze,ALLIANCE > HQIP,National Cardiac Audit Programme - National Audit of Percutaneous Coronary Interventions (PCI),53,34.88,59.62
1e266f05-4fa8-40d8-a008-7dff627bfa9b,Bronze,HUBS > BREATHE,COPDMAP Consortium,65,37.21,32.69
201602df-7432-4710-98a7-18f59e4f211e,Silver,ALLIANCE > TISSUE DIRECTORY,University of Southampton Faculty of Medicine Tissue Bank,77,20.93,25.49
209f42a8-4581-49e1-a0c2-25069a37f230,Silver,ALLIANCE > TISSUE DIRECTORY,RIO,77,25.58,21.15
20ae5699-abe2-4c98-9249-5dbba7770b30,Silver,ALLIANCE > SAIL,GP dataset - Welsh Primary Care,76,23.26,25.0
20c2a274-843c-43fa-9b76-38ef2f8a3d64,Silver,ALLIANCE > TISSUE DIRECTORY,TNT: Triple Negative breast cancer Trial,76,23.26,25.0
21cd4b8e-f4f5-44a6-83eb-b7799e98ba55,Bronze,SLaM,South London and Maudsley NHS Foundation Trust (SLaM) Clinical Record Interactive Search (CRIS) platform,70,41.86,17.31
22277cb3-effc-4422-84aa-de1e31ee5442,Silver,ALLIANCE > SCOTLAND,Child Health Systems Programme - 6-8week review,71,20.93,36.54
226fb3f1-4471-400a-8c39-2b66d46a39b6,Not Rated,Barts Health NHS Trust,Emergency Care Dataset (ECDS),48,39.53,64.81
23330792-fe18-4331-a101-b246657a03ae,Bronze,ALLIANCE > HQIP,National Joint Registry - Revision Knee Replacement dataset,55,30.23,59.62
236108a2-5e2c-4acb-86e7-6ec793aef8ab,Silver,ALLIANCE > TISSUE DIRECTORY,Human Biomaterials Resource Centre,77,20.93,25.0
237e724d-03b2-478c-a92d-85a1baa6ae53,Bronze,ALLIANCE > HQIP,Falls and Fragility Fracture Audit Programme Fracture Liaison Service Database clinical dataset,53,34.88,59.62
23d38ca6-8444-47ca-91ab-79a9ea17515c,Not Rated,University of Dundee Health Informatics Centre,Fife Microbiology: Tests,47,37.21,68.63
263ad0a8-ae90-4c1d-85d6-c3d2470eb2b7,Bronze,NHS Digital,Mental Health Minimum Dataset v4 (Non-Sensitive) Episodes,59,39.53,42.31
263f28a4-9835-4856-b1c3-0a0d4085f207,Bronze,NHS Digital,Mental Health Minimum Dataset v2.6 (Sensitive),59,39.53,42.31
2684706f-1d43-4263-99b7-b54279614c76,Not Rated,ALLIANCE > BARTS,CDE Patient Demographics,49,37.21,65.38
26f8bf57-e074-41d0-80aa-67a677604607,Silver,ALLIANCE > SCOTLAND,General Acute Inpatient and Day Case - Scottish Morbidity Record (SMR01),73,23.26,30.77
278c3fb2-6b1e-46db-a529-9fc7ddaf4461,Bronze,ALLIANCE > HQIP,National Asthma and COPD Audit Programme (NACAP): secondary care workstream – children and young people asthma (clinical),53,34.88,59.62
28376eb7-654f-4076-81c6-743d89d4e712,Silver,ALLIANCE > SCOTLAND,Mental Health Inpatient and Day Case - Scottish Morbidity Record (SMR04),73,23.26,30.77
2a5d2a42-803c-4c96-bcd6-a4289d2b664a,Silver,ALLIANCE > TISSUE DIRECTORY,IoN Trial,76,23.26,25.0
2a725f9d-c4a9-4c89-aa37-b3c25cc83389,Bronze,NHS Digital,Mental Health & Learning Disabilities Dataset v 1 (Sensitive) Records,59,39.53,42.31
2aa58bb8-83d8-455a-87e6-d567ae4a379c,Silver,ALLIANCE > TISSUE DIRECTORY,ESPAC-TPlus,76,23.26,25.0
2b198886-ccab-4276-b6b9-22c344df8304,Silver,ALLIANCE > TISSUE DIRECTORY,NIHR Nottingham Digestive Diseases Collection,76,23.26,25.0
2bc12fa2-3285-4a8a-b3be-90805265ea82,Silver,HUBS > DISCOVER NOW,Primary care prescriptions,79,25.58,17.31
2bf53952-e77c-4746-b36f-5ccb1574f6a7,Silver,ALLIANCE > TISSUE DIRECTORY,BRAIN UK,78,20.93,23.08
2c0e04bc-2f16-4903-90dc-c9d57ab40efb,Bronze,ALLIANCE > HQIP,National Joint Registry - Revision Ankle Replacement dataset,55,30.23,59.62
2c53d1f7-4540-4c57-8e93-8115b8abc6a9,Bronze,ALLIANCE > HQIP,National Diabetes Inpatient Audit Hospital Characteristics Survey dataset,55,30.23,59.62
2d23ad3c-0541-453c-8bf7-9dc42e1aba65,Bronze,ALLIANCE > CPRD,Rural-Urban classification for CPRD Aurum,53,41.86,51.92
2d3302d1-b6fc-4883-8168-010da0d48638,Bronze,ALLIANCE > CPRD,Quality of Life of Cancer Survivors in England: Pilot Patient Reported Outcomes Measures Survey (2011) for CPRD Aurum,52,44.19,51.92
2d3d2c36-240e-4d38-a6ae-893bafbf6fbb,Silver,ALLIANCE > CYSTIC FIBROSIS,Liver Enzyme,79,23.26,19.23
2dbd2e38-a4bb-4f8c-b401-ebec10f0d89e,Bronze,ALLIANCE > HQIP,Falls and Fragility Fracture Audit Programme National Hip Database Facilities Survey 2019,53,34.88,59.62
2e0d71a2-3d09-4cf4-beb3-df3ec1b1f240,Silver,ALLIANCE > SAIL,Outpatient Dataset,79,23.26,19.23
2e20b776-a0bc-44ed-9882-ad63855a0ec4,Silver,ALLIANCE > TISSUE DIRECTORY,NHS Greater Glasgow & Clyde Bio-Repository,78,20.93,23.08
2e8cc70b-bd57-4b64-bd12-fbc07e0f240f,Bronze,ALLIANCE > CPRD,Mental Health Dataset (MHDS) for CPRD Aurum,53,41.86,51.92
2e986f12-6195-4cb8-ab71-80f4a60619e6,Silver,"HUBS > GUT REACTION, ALLIANCE > NIHR BIORESOURCE",Contact detail,73,30.23,23.08
2f57c592-c65c-4d1c-b92d-d19d2a11c02e,Silver,ALLIANCE > TISSUE DIRECTORY,BioDock,77,20.93,25.0
304430ff-0aff-4d36-91e5-94be251a409a,Bronze,ALLIANCE > HQIP,National Audit of Dementia Round 4 - casenote audit,55,30.23,59.62
319a2a77-3f4d-497e-bc3e-33002f316cae,Silver,ALLIANCE > TISSUE DIRECTORY,PHOTO Translational bladder cancer biorepository,78,20.93,23.08
32b5d90f-6bad-40f8-96d7-69b11df6d5ff,Silver,ALLIANCE > TISSUE DIRECTORY,LBIH Biobank,77,20.93,25.0
342bef6e-8fa2-49f0-bdbb-c95d866aa145,Silver,ALLIANCE > TISSUE DIRECTORY,Scottish Human Papillomavirus Archive,79,23.26,19.23
355de4ca-1ce9-4ba4-8e07-2d51bb82bfbf,Silver,ALLIANCE > TISSUE DIRECTORY,Human Developmental Biology Resource (HDBR),77,20.93,25.0
36047c5f-7d57-4d25-a114-2bcc6c11708f,Bronze,NHS Digital,Mental Health Minimum Dataset v3_3.5 (Sensitive),59,39.53,42.31
3784d68e-d213-43a7-bf30-8f4d34de022c,Silver,ALLIANCE > TISSUE DIRECTORY,NIMRAD-TRANS,77,20.93,25.0
37fe2488-f4c3-4471-a1e0-7d4a4204f063,Silver,ALLIANCE > TISSUE DIRECTORY,"Leeds Dental Institute/School of Dentistry Leeds, Skeletal Tissues Bank",77,20.93,25.0
38b7cb24-d401-4f7e-b4ff-ddfd9329ac40,Silver,HUBS > DATA-CAN,Children’s Kidney Cancers - Great Ormond Street Hospital,74,32.56,19.23
3935e2fd-0c30-4f56-8388-45a02e0499b4,Bronze,NHS Digital,Bridge file: Hospital Episode Statistics to Diagnostic Imaging Dataset,60,37.21,42.31
3943e6de-6c32-43dd-8090-16ec9ca0902f,Bronze,ALLIANCE > CPRD,National Radiotherapy Dataset (RTDS) for CPRD GOLD,52,41.86,53.85
395262e7-9846-4d9d-a288-8b0ebea782b9,Bronze,ALLIANCE > HQIP,National Cardiac Audit Programme - Cardiac Rhythm Management (CRM),54,32.56,59.62
3983f3ec-ce63-4142-b73e-93130654710b,Silver,ALLIANCE > TISSUE DIRECTORY,The Cleft Collective,77,23.26,23.08
398d947c-96af-4d3f-9d76-2806ebf60044,Silver,HUBS > DISCOVER NOW,Adult social care,79,25.58,17.31
3a0599ed-5452-4299-956c-af5a30bbef23,Silver,ALLIANCE > TISSUE DIRECTORY,PHOENIX DDR-Anti-PD-L1 Trial,77,23.26,23.08
3a23e7dc-d814-4772-a6f8-a814c8e0128b,Silver,ALLIANCE > TISSUE DIRECTORY,SWIFT-RTB,76,23.26,25.0
3a51b861-026d-45ed-abe6-30d9cc07b516,Bronze,ALLIANCE > HQIP,Epilepsy 12 - clinical audit,55,30.23,59.62
3a9ab245-5fcc-49a0-ae58-12ebab9b0053,Bronze,ALLIANCE > HQIP,National Paediatric Diabetes Audit - Spotlight survey of workforce in Paediatric Diabetes Units,53,34.88,59.62
3b4e8fed-1c14-4c79-a20c-dfeab520be89,Silver,ALLIANCE > CYSTIC FIBROSIS,Demographics,79,23.26,19.23
3b930e97-b8eb-4680-9ad1-db6bccc6e1d8,Silver,ALLIANCE > SCOTLAND,Scottish Immunisation Recall System (SIRS),71,20.93,36.54
3cd53c68-7e56-4c3e-b7c2-bd7e18040ec5,Not Rated,ALLIANCE > BARTS,"Problems, Diagnosis and Procedures",47,39.53,67.31
3e89692b-7aa2-49d6-b802-82921bd7e006,Bronze,ALLIANCE > HQIP,National Clinical Audit of Anxiety and Depression - spotlight audit on psychological therapies (patient experience survey),54,32.56,59.62
3ee52adc-b97e-4f7b-a251-a1c9841a380c,Gold,HUBS > BREATHE,"Extended Cohort for E-health, Environment and DNA (EXCEED)",82,20.93,15.38
3f1e8d9c-df81-4374-815c-621ab3013581,Silver,"HUBS > GUT REACTION, ALLIANCE > NIHR BIORESOURCE",Consent records,74,27.91,25.0
3f299029-3126-4ce0-893c-4a759cbe90b1,Bronze,ALLIANCE > HQIP,National Emergency Laparotomy Audit - Patient Audit Dataset,54,32.56,59.62
40573895-497b-4d47-90e1-6aafe70b93f6,Not Rated,Oxford University Hospitals NHS Foundation Trust,Endobase,46,39.53,69.23
406e7ae7-554b-4807-b3a5-a4d81316cf9c,Silver,ALLIANCE > TISSUE DIRECTORY,Bloodwise Childhood Leukaemia Cell Bank,78,20.93,23.08
40cafc92-f5c3-4883-a7ee-d6aa5f18a5a0,Not Rated,University of Dundee Health Informatics Centre,"NHS Tayside, A&E Drugs given during an A&E visit",47,37.21,68.63
4262e057-6978-4e4c-a05d-c4f328422090,Bronze,NHS Digital,Mental Health and Learning Disabilities Data Set,58,39.53,44.23
4271bc64-b139-40b0-98de-5f2e94e2d026,Bronze,ALLIANCE > HQIP,National Neonatal Audit Programme - 2 year outcomes audit,55,30.23,59.62
42780b16-32e3-442e-92cd-1810bf30dab8,Bronze,ALLIANCE > CPRD,HES Patient Reported Outcomes Measures (PROMs) data for CPRD Aurum,63,32.56,42.31
430331ef-fa66-485b-b090-e4e83def9136,Bronze,ALLIANCE > HQIP,Falls and Fragility Fracture Audit Programme National Audit of Inpatient Falls clinical dataset,53,34.88,59.62
44ebf07b-48aa-49c6-b45a-6aecf389fdb2,Bronze,HUBS > INSIGHT,PIONNER - Genomics Patients and related data,67,34.88,30.77
45d350e4-f804-4ed9-8a7d-0750cc45eb7e,Not Rated,University of Dundee Health Informatics Centre,Tayside Microbiology: Tests,47,37.21,68.63
46493a09-b3bb-4c0e-b944-82665ee21508,Bronze,NHS Digital,Mental Health Minimum Dataset v4 (Sensitive) Events,59,39.53,42.31
4678a81d-dfb6-478a-a373-d5510866b3d0,Bronze,ALLIANCE > HQIP,National Vascular Registry - Organisational Audit dataset,55,30.23,59.62
46e4c3ba-dae2-453d-832a-88ea603110f1,Bronze,ALLIANCE > HQIP,National Cardiac Audit Programme - National Congenital Heart Disease Audit (NCHDA),53,34.88,59.62
47bec08b-57b7-450e-9be7-af19bab99b58,Bronze,ALLIANCE > HQIP,National Vascular Registry Audit - Lower Limb Bypass clinical dataset,55,30.23,59.62
4aaf4b66-1bd3-4213-9c86-2626ace88740,Bronze,NHS Digital,Hospital Episode Statistics Accident and Emergency,60,37.21,42.31
4b71fca4-8b2c-4e37-8996-b64a9c1450f0,Bronze,ALLIANCE > HQIP,National Paediatric Diabetes Audit - Spotlight survey of diabetes-related technologies,53,34.88,59.62
4bb4bf38-870b-47e5-b5d1-dc75b3d4ea6a,Bronze,NHS Digital,Emergency Care Data Set (ECDS),57,41.86,44.23
4bf6312a-176b-42ad-8550-652982638014,Silver,ALLIANCE > SAIL,National Community Child Health Database (NCCHD),78,23.26,21.15
4c75d92d-eb94-4ff5-8a95-44d4d7cdd166,Silver,ALLIANCE > SAIL,Critical Care Dataset,77,25.58,21.15
4cfabd2a-e590-4f63-82f5-6d543b0075cf,Silver,ALLIANCE > TISSUE DIRECTORY,VinCaP,78,18.6,25.49
4d6c18fc-54c6-41f1-a7a9-76289c2f4194,Silver,ALLIANCE > CYSTIC FIBROSIS,Microbiology Cultures,79,23.26,19.23
4d95d730-a53a-4856-a278-b2fba96657c4,Silver,ALLIANCE > TISSUE DIRECTORY,Myeloma XII clinical trial samples,77,20.93,25.0
5055113a-bb7b-4b55-80c4-1b2d3ddc0ec7,Not Rated,University of Dundee Health Informatics Centre,Fife Radiology,47,37.21,68.63
50631db6-126e-4b3a-8035-444b66ba4afa,Bronze,ALLIANCE > HQIP,National Audit of Psychosis - Audit on Early Intervention in Psychosis services -  patient experience survey,54,32.56,59.62
50feb9f3-3be8-4690-913b-bd462d27d3db,Gold,HUBS > BREATHE,Prospective Observation of Fibrosis in the Lung Clinical Endpoints,81,23.26,15.38
510e1782-1650-4342-9c20-185ca47f7b11,Not Rated,Oxford University Hospitals NHS Foundation Trust,Outpatient Appointment Dataset,46,39.53,69.23
5261e3d5-b32f-4180-a374-61cab95e63f1,Silver,ALLIANCE > CYSTIC FIBROSIS,Annual Review Encounters,80,20.93,19.61
52a4c514-0414-43c7-a400-1498a70ed85a,Bronze,HUBS > BREATHE,International Severe Asthma Registry,53,37.21,57.69
535fbfd4-34f0-436d-8de2-e708fd0fa103,Bronze,ALLIANCE > HQIP,National Audit of Care at the End of Life - organisational level audit,55,30.23,59.62
54abedcd-d6d8-482b-a3fd-1217101a9a8e,Silver,ALLIANCE > SAIL,Welsh Cancer Intelligence and Surveillance Unit (WCISU),79,23.26,19.23
5536b00a-fb31-4e91-9bd8-e7f774974846,Bronze,ALLIANCE > HQIP,National Vascular Registry - Lower Limb Angioplasty clinical dataset,55,30.23,59.62
5547663c-5be2-4dbb-ad21-baf064838fe0,Silver,ALLIANCE > SAIL,Postponed Admitted Procedures,77,25.58,21.15
561f0fd2-ced6-4f05-a801-b6338dbc548b,Silver,ALLIANCE > SCOTLAND,Prescribing Information System (PIS),72,23.26,32.69
56f916b0-441f-41df-bfb2-f127aba045f0,Bronze,NHS Digital,MSDS (Maternity Services Data Set),56,41.86,46.15
57471e95-77e1-4381-823e-4f9a93e51d08,Silver,HUBS > BREATHE,UK Lung Volume Reduction Surgery,77,27.91,17.31
5758964b-1161-48ee-97b5-1e414f406978,Silver,ALLIANCE > TISSUE DIRECTORY,Cardiff School of Dentistry Tooth Bank,78,18.6,25.0
57f5eb44-bd9b-4ec5-b255-fe915ff74ab5,Silver,ALLIANCE > TISSUE DIRECTORY,Cardamon Clinical Trial Samples,77,20.93,25.0
58188f78-d9ad-47ca-8778-1db455c59845,Not Rated,University of Dundee Health Informatics Centre,"NHS Tayside A&E, Diagnosis dataset during A&E visit",47,37.21,68.63
593a5263-e2b5-4433-81c1-30b35a520488,Silver,ALLIANCE > TISSUE DIRECTORY,King's Health Partners Cancer Biobank,77,20.93,25.0
599c4f23-57d9-4eae-b3bc-d3111ff8a494,Not Rated,University of Dundee Health Informatics Centre,NHS Tayside and Fife Accident & Emergency Dataset (ISD/National),48,37.21,67.31
59bc96f9-69b7-4763-81a8-ec4695b6b55e,Bronze,ALLIANCE > HQIP,National Clinical Audit of Anxiety and Depression - spotlight audit on psychological therapies (therapist survey),54,32.56,59.62
5ad32bfa-8d4b-45cb-aa10-3b0a4bcfd258,Silver,ALLIANCE > TISSUE DIRECTORY,MesobanK,77,20.93,25.0
5b5505fb-915d-4677-aa0a-b2a28ed4e897,Silver,SAIL Databank,COVID-19 Test results,76,27.91,19.23
5b85d641-73dd-4dba-a1a3-b6340227d2ef,Silver,ALLIANCE > SCOTLAND,Child Health Systems Programme - First Visit,72,20.93,34.62
5dfd451e-3b46-4909-91b9-d78f358a83e9,Not Rated,University of Dundee Health Informatics Centre,NHS Tayside and Fife Virology,47,37.21,68.63
5e022f8f-4d07-44bb-a87c-43e31200fe1e,Not Rated,Oxford University Hospitals NHS Foundation Trust,ARIA Radonc,46,39.53,69.23
5e37caad-4777-4d7e-be17-32220d8fed05,Bronze,NHS Digital,Mental Health Services Data Set,59,39.53,42.31
5ea9c568-b850-4589-bcbb-6ee0cfd322cd,Bronze,ALLIANCE > HQIP,National Paediatric Diabetes Audit - core clinical dataset (care processes and outcomes),53,34.88,59.62
5eecebc6-d896-46de-92df-d108bb193b17,Silver,ALLIANCE > TISSUE DIRECTORY,UK CLL Trials Biobank,77,20.93,25.0
600be397-211b-4f65-9f82-e85f4393fb8a,Bronze,ALLIANCE > HQIP,National Maternity and Perinatal Audit Organisational Survey 2019,55,30.23,59.62
6111c3eb-028c-429e-a78c-6eb9e6b36b66,Bronze,NHS Digital,Hospital Episode Statistics Admitted Patient Care,60,37.21,42.31
61cf3b8d-5a1b-4241-aaac-89599bf17ab6,Bronze,ALLIANCE > HQIP,National Clinical Audit of Anxiety and Depression - Core audit of practice,55,30.23,59.62
62b17ee5-97e3-468e-ba48-e8685ea28461,Silver,ALLIANCE > TISSUE DIRECTORY,UK real-world lymphoid tissue bank,78,20.93,23.08
62d11868-51d7-4b3a-99eb-da9f5d3797dc,Silver,ALLIANCE > TISSUE DIRECTORY,UKCTOCS Longitudinal Women's Cohort (UKLWC),77,23.26,23.08
64a0ba4d-776c-4979-a4b0-1f1fb6b61c85,Bronze,ALLIANCE > HQIP,National Audit of Dementia Round 4 - organisational checklist,55,30.23,59.62
663146dd-0bc3-4d12-95c7-50873a3d45b6,Bronze,HUBS > BREATHE,Leicester Respiratory Research Database,68,34.88,28.85
673626f3-bdac-4d32-9bb8-c890b727c0d1,Not Rated,ALLIANCE > BARTS,Critical Care Minimum Dataset,47,39.53,67.31
68410032-93b0-4dfd-a555-b7487f5f1fc3,Gold,ALLIANCE > SAIL,Active Adult Survey,81,20.93,17.31
6951e949-6aa3-4670-ad05-db8e954b3524,Silver,ALLIANCE > TISSUE DIRECTORY,Leeds Breast Research Tissue Bank,77,20.93,25.0
6959639d-5bd2-4b53-918e-8f56784b2870,Silver,HUBS > INSIGHT,Moorfields Eye Image Dataset Release 001,77,27.91,17.31
6983134e-c920-47db-957b-47e873644eb0,Silver,ALLIANCE > TISSUE DIRECTORY,Northern Ireland Biobank (NIB),78,20.93,23.08
69df0e1f-e803-45be-a825-81f85e22ab4c,Silver,ALLIANCE > SCOTLAND,Scottish Stillbirth and Infant Death Survey,71,20.93,36.54
6a8066c7-a8f4-44a6-9efd-871b19a3689f,Bronze,ALLIANCE > CPRD,Systemic Anti-Cancer Treatment (SACT) data for CPRD GOLD,52,41.86,53.85
6b41863d-690e-492e-8034-303d56f12f22,Silver,ALLIANCE > RCGP,The Royal College of General Practitioners (RCGP) Research and Surveillance Centre (RSC) primary care sentinel network and database,77,27.91,17.31
6b53f274-c927-4b8f-bcc3-1d85fabf16ee,Bronze,ALLIANCE > HQIP,National Diabetes Audit - National Diabetes Foot Care Audit clinical dataset,55,30.23,59.62
6c6c46a8-b9b5-4137-a329-1e21030b9efb,Silver,ALLIANCE > CYSTIC FIBROSIS,Tendon Rupture,79,23.26,19.61
6ccd5288-0484-4604-b601-71459e88e145,Not Rated,University of Dundee Health Informatics Centre,Walker Study Data,47,37.21,68.63
6d1b9b23-1197-4857-9b17-9e26cb0633e8,Bronze,ALLIANCE > HQIP,National Joint Registry - Revision Elbow Replacement dataset,54,32.56,59.62
6e1d8f50-f718-4964-9c88-2c80cbaa92b5,Bronze,ALLIANCE > CPRD,HES Outpatient data for CPRD Aurum,66,32.56,34.62
6e535e7c-0ceb-4666-9361-e75e9c4a97ca,Silver,ALLIANCE > TISSUE DIRECTORY,Ethical Tissue - University of Bradford,77,20.93,25.0
6efbc62f-6ebb-4f18-959b-1ec6fd0cc6fb,Bronze,ALLIANCE > HQIP,Epilepsy 12 - Patient Reported Experience Measure,55,30.23,59.62
6f04a3eb-b71e-410b-8fec-5742038290a6,Silver,ALLIANCE > SCOTLAND,Maternity Inpatient and Day Case - Scottish Morbidity Record (SMR02),73,23.26,30.77
7038a67d-34ca-4754-a50f-41aa2849db69,Silver,ALLIANCE > HQIP,National Joint Registry - Primary Hip Replacement dataset,76,25.58,23.08
72fe91de-b0c0-423a-ad68-bd7067b20ad8,Not Rated,Oxford University Hospitals NHS Foundation Trust,Infoflex Cancer Registry,46,39.53,69.23
73f54071-62bf-48f5-8be1-569208b18ab8,Silver,NIHR Health Informatics Collaborative Viral Hepatitis Theme,HIC Hepatitis v2,74,37.21,15.69
756daeaa-6e47-4269-9df5-477c01cdd271,Silver,ALLIANCE > CPRD,CPRD GOLD,71,32.56,25.0
76ec0282-02e0-4fff-b016-76bc6ffcb784,Bronze,ALLIANCE > HQIP,National Asthma and COPD Audit Programme (NACAP): secondary care workstream – children and young people asthma (organisational),53,34.88,59.62
77b5cf84-d4f2-4418-bafa-73306cf2d2b2,Bronze,ALLIANCE > CPRD,HES Admitted Patient Care data for CPRD GOLD,67,30.23,36.54
77d045a2-41f5-4f4c-8054-60630824265f,Silver,ALLIANCE > SCOTLAND,National Records of Scotland (NRS) - Stillbirth Data,72,20.93,34.62
78d25670-9d20-4eb7-a79a-f29e53cc981f,Bronze,ALLIANCE > HQIP,National Audit of Psychosis - Early Intervention Psychosis Audit patient experience survey,54,32.56,59.62
78e3ec19-5234-4168-a853-f6e1be6d0193,Gold,Cystic Fibrosis Trust,Transplants,82,18.6,17.31
78fe2e13-7f40-406f-a584-04909d0ce060,Bronze,NHS Digital,Mental Health Minimum Dataset v4.1 (Sensitive) Episodes,59,39.53,42.31
79116473-bda2-413c-82ad-ba2b86e5076f,Bronze,HUBS > BREATHE,EMEP4UK Pollution,63,25.58,48.08
7a0d678a-a341-4643-af33-bfc22f2f4e9c,Silver,ALLIANCE > TISSUE DIRECTORY,Daisy Tumour Bank,77,23.26,23.08
7aa02796-787a-42c2-b97e-d008fa77e4b8,Bronze,NHS Digital,Mental Health & Learning Disabilities Dataset v 1 (Non-Sensitive) Records,59,39.53,42.31
7aeeafe6-1c85-4abc-a307-24b70d2e1586,Bronze,ALLIANCE > SCOTLAND,Child Health Systems Programme - School,70,23.26,36.54
7bbc1994-b21b-4ff2-bbdc-86d5934fa11f,Silver,ALLIANCE > SAIL,Cervical Screening Wales,78,23.26,21.15
7c1fa7b2-2b76-4952-884e-8ef6f845c488,Silver,ALLIANCE > TISSUE DIRECTORY,PTCL Biobank,76,23.26,25.0
7c9f9620-8f18-4e2d-bda0-a3a6f46756b6,Gold,ALLIANCE > GENOMICS ENGLAND,GENOMICS ENGLAND 100K BIOINFORMATICS DATA,81,23.26,15.38
7ca98657-037c-43a8-872a-65a0520695e5,Silver,ALLIANCE > TISSUE DIRECTORY,Bristol Dental School Saliva Bank,79,18.6,23.08
7d501f79-5d1f-4104-a5b7-d46a97fcde5f,Not Rated,ALLIANCE > BARTS,Somerset Cancer Registry,47,39.53,67.31
7dc319da-a16f-4e63-a115-0cba3905a322,Bronze,ALLIANCE > HQIP,National Asthma and COPD Audit Programme (NACAP): Adult Asthma secondary care clinical dataset,53,34.88,59.62
7ea36294-0b76-482f-b757-71f47832d67b,Bronze,NHS Digital,Hospital Episode Statistics Outpatients,60,37.21,42.31
7f125091-12ba-464d-af7d-9a88179b0b95,Bronze,ALLIANCE > HQIP,Epilepsy 12 - National organisational audit (service descriptor questionnaire) and Trust profile,54,32.56,59.62
7f55c499-abd9-4f61-ac7e-93a4d15c79a2,Silver,ALLIANCE > TISSUE DIRECTORY,UK MND Collections,78,20.93,23.08
7fab080b-6e2a-4c82-a5e5-daf99c70662a,Bronze,ALLIANCE > HQIP,"National Audit of Dementia - spotlight audit on the prescription of psychotropic medication, 2019",54,32.56,59.62
81a515f5-5f4d-480e-b5ce-24faa7026c00,Silver,ALLIANCE > TISSUE DIRECTORY,National Unified Renal Translational Research Enterprise (NURTuRE),76,23.26,25.0
8202cfd0-9b9c-4cbd-a4d7-aafb7846129f,Silver,HUBS > DISCOVER NOW,High Cost drugs,80,23.26,17.31
8226b6fa-d815-4f15-9064-b56beb0fddb1,Bronze,NHS Digital,Mental Health & Learning Disabilities Dataset v 1 (Sensitive) Episodes,59,39.53,42.31
824a2ef7-d282-495e-b0fc-e25b3a9613c3,Silver,ALLIANCE > TISSUE DIRECTORY,TRICON8B,76,23.26,25.0
82665c1e-df7f-4136-a05f-0826533149e5,Bronze,ALLIANCE > HQIP,National Audit of Dementia Round 4 - staff questionnaire,55,30.23,59.62
82ef7d1a-98d8-48b6-9acd-461bf2a399c3,Silver,ALLIANCE > TISSUE DIRECTORY,CASPS: A Phase II trial of Cediranib in ASPS patients,76,23.26,25.0
8342e05e-cb12-4d29-ae84-b9b8421cb4f8,Silver,ALLIANCE > TISSUE DIRECTORY,Leeds Multidisciplinary Research Tissue Bank,78,20.93,23.08
843062c0-fca0-464f-aa9c-0d4908f40513,Silver,ALLIANCE > TISSUE DIRECTORY,UKALL14 Trial,78,18.6,25.0
844f3be0-f50d-4a88-9783-0928ad1c2aad,Silver,NIHR Health Informatics Collaborative Cardiovascular Theme,HIC Acute Coronary Syndromes,74,37.21,15.69
84616d8c-336a-485b-9148-af6788efb721,Silver,ALLIANCE > TISSUE DIRECTORY,Epilepsy Society Brain and Tissue Bank,77,20.93,25.0
84de0d13-f5bd-4c22-83d3-e1adb00d5a72,Not Rated,Oxford University Hospitals NHS Foundation Trust,CRIS,46,39.53,69.23
851bb11b-fa75-44ee-afe9-948dc7652555,Bronze,ALLIANCE > CPRD,Cancer registration data for CPRD Aurum,52,41.86,53.85
858c517e-8ce3-4059-9326-d158489e48d1,Bronze,ALLIANCE > HQIP,National Diabetes Audit - National Diabetes in Pregnancy clinical Audit dataset,55,30.23,59.62
85b25afd-73a6-4455-9098-1f906bc7738d,Silver,ALLIANCE > TISSUE DIRECTORY,SCOT translational sample collection,78,25.58,19.23
8625eb42-93df-4d33-875b-e6a93413d7ba,Bronze,ALLIANCE > CPRD,HES Outpatient data for CPRD GOLD,66,32.56,34.62
86d7088b-7a15-4e9a-b2b0-857a67e04650,Bronze,NHS Digital,HES:Civil Registration (Deaths) bridge,59,37.21,44.23
87183945-a2fe-4195-84f1-9b7baa267023,Not Rated,University of Dundee Health Informatics Centre,"Deaths – CHI, Community Health Index",47,37.21,68.63
87244819-4596-4e5d-baaa-f3fe4eb74b4b,Bronze,ALLIANCE > CPRD,Death Registration data for CPRD GOLD,64,34.88,36.54
875999d5-f5ed-4136-ac20-b20f1abe27dd,Bronze,ALLIANCE > HQIP,National Early Inflammatory Arthritis Audit - clinical dataset,54,32.56,59.62
8783d7d2-2b89-44cc-bbc6-645e5483e2fe,Bronze,ALLIANCE > NIHR BIORESOURCE,NHS Trust data,54,32.56,59.62
88c33d07-b009-4377-911a-8ba7bcdbf2b7,Bronze,NHS Digital,National Diabetes Audit,56,41.86,46.15
895e5c2f-e484-4d08-91c6-35ac2f85c231,Bronze,NHS Digital,Mental Health Minimum Dataset v2.6 (Non-Sensitive),59,39.53,42.31
89ae7d31-d183-4f5e-b754-7ae14449da76,Silver,ALLIANCE > TISSUE DIRECTORY,Children's Cancer and Leukaemia Group (CCLG) Tissue Bank,77,20.93,25.0
8ab1dc13-634e-46ae-9ba0-e094d446bd74,Bronze,ALLIANCE > CPRD,Patient postcode linked deprivation measures for CPRD Aurum,53,41.86,51.92
8be27887-8bf7-47bb-81c0-44900f978ab8,Silver,ALLIANCE > SAIL,Congenital Anomaly Register and Information Service,78,23.26,21.15
8c50b721-8bbe-4d9e-86d1-08a6271fe047,Silver,ALLIANCE > TISSUE DIRECTORY,UNIRAD UK Sample collection,76,23.26,25.0
8cb716c7-728c-4357-a4d8-afc287680da1,Silver,HUBS > DISCOVER NOW,Community,79,25.58,17.31
8d3f80d4-aeae-46f0-809b-cd6c51e24f75,Bronze,NHS Digital,Bridge file: Hospital Episode Statistics to Mental Health Minimum Data Set,60,37.21,42.31
8e122714-9f0c-43a1-a2fe-62a7365bab4a,Not Rated,University of Dundee Health Informatics Centre,Prescribing,47,37.21,68.63
8e2892c2-19db-4922-85fe-60364e53f812,Silver,HUBS > DATA-CAN,Yorkshire Specialist Register of Cancer in Children and Young People,76,27.91,19.23
8e32341b-ebad-4e10-8f2b-60b0b5b0ef4c,Bronze,ALLIANCE > NIHR BIORESOURCE,Whole Genome Sequencing,53,34.88,59.62
8eace3c2-1dc8-4708-9350-ad129b7d2bc9,Bronze,NHS Digital,Mental Health Services Data Set - Inpatients,58,39.53,44.23
907f5adc-b405-483e-ba4b-a52b7a6ead10,Bronze,NHS Digital,Personal Demographic Service,57,39.53,46.15
91479cbf-664e-4782-8514-a3247bb5c4f4,Bronze,ALLIANCE > HQIP,National Asthma and COPD Audit Programme (NACAP): Pulmonary rehabilitation - organisational audit,53,34.88,59.62
92a4f4d2-2ba0-4c0a-9dec-f5d312d6bf8a,Silver,ALLIANCE > SAIL,Welsh Demographic Service (WDS),79,23.26,19.23
92d95f82-50a5-4df9-914a-ca26b14cf84c,Bronze,ALLIANCE > HQIP,National Diabetes Audit - Core Clinical Audit Dataset,55,30.23,59.62
93105053-ddf3-4339-9e4a-baf91c310370,Not Rated,Oxford University Hospitals NHS Foundation Trust,Emergency Care Dataset (ECDS),46,39.53,69.23
9366bf21-4862-4f86-bb2d-8370b1f6dfdc,Silver,ALLIANCE > SAIL,Annual District Birth Extract,80,18.6,21.15
93ffc937-dc5f-4fae-bb75-a8ad19ac3d3e,Silver,ALLIANCE > GENOMICS ENGLAND,GENOMICS ENGLAND 100K CANCER & COMMON,80,25.58,15.38
9419a99b-f1fb-4566-8480-eecd4e189086,Silver,ALLIANCE > TISSUE DIRECTORY,TwinsUK,78,20.93,23.08
94351432-da7e-4d44-97eb-4359d45e0240,Bronze,HUBS > INSIGHT,UHB Eye Image Dataset Release 001,70,30.23,28.85
9475e59b-3fee-4775-9c18-fd5caafe7336,Not Rated,NHS Digital,Secondary Uses Services,45,46.51,64.15
94c082e5-b45f-43fe-9340-f4855f392fd4,Gold,HUBS > BREATHE,Genetics of Asthma Severity & Phenotypes,81,23.26,15.38
9527f052-5e48-4d42-a62c-8cc71fea3d27,Not Rated,University of Dundee Health Informatics Centre,Tayside & Fife Diabetes – Summary and a range of diabetes related datasets.,47,37.21,68.63
952d4422-3f03-46e6-9dbd-1bf0f54b7e3a,Silver,ALLIANCE > TISSUE DIRECTORY,"Oncology Clinical Trials Office, University of Oxford",77,20.93,25.0
95475a1f-1623-4bfa-9821-1159d4dbcc8e,Bronze,ALLIANCE > CPRD,Mental Health Dataset (MHDS) for CPRD GOLD,53,41.86,51.92
9563eda8-8192-4f0d-a765-e8621e76b160,Gold,Cystic Fibrosis Trust,Sweat Tests,81,20.93,17.31
957329a0-6f7f-4df7-ad46-1aa4be1a507d,Silver,HUBS > BREATHE,Children's Health in London and Luton (CHILL),77,25.58,21.15
96d29a1d-9566-4793-8dbb-351fbe2eb790,Bronze,ALLIANCE > CPRD,Pregnancy Register for CPRD GOLD,55,41.86,48.08
979d600f-f541-4028-8576-a6e4603fc244,Silver,ALLIANCE > TISSUE DIRECTORY,The PEACE Study,77,20.93,25.0
97ddd990-f47a-40f5-9178-cbf742e4c613,Bronze,HUBS > GUT REACTION,IBD Registry,51,37.21,61.54
97fa09e6-5ea5-41cd-baf8-20366db13a3f,Bronze,NHS Digital,Mental Health Minimum Dataset v4 (Sensitive) Records,59,39.53,42.31
9856fab3-1b1d-4952-abba-bcef0f92f900,Silver,ALLIANCE > SAIL,Outpatient Referral,77,25.58,21.15
98a03f2b-1a67-4653-a4f5-f9db7262a94d,Silver,ALLIANCE > TISSUE DIRECTORY,Public Health England Seroepidemiology Unit,77,20.93,25.0
992c8fe6-f460-490c-b202-8d4d9c434425,Bronze,ALLIANCE > CPRD,Quality of Life of Cancer Survivors in England: Pilot Patient Reported Outcomes Measures Survey (2011) for CPRD GOLD,51,44.19,53.85
999b8bb8-b5dd-464e-b14b-b91475ba2bca,Silver,ALLIANCE > SAIL,Annual District Death Extract,77,23.26,23.08
9a063ff8-4473-4ad7-b588-0283911787ef,Not Rated,University of Dundee Health Informatics Centre,Demography,47,37.21,68.63
9a4ef776-6b4b-40cd-9c88-cbf1128780e9,Bronze,ALLIANCE > HQIP,National Bowel Cancer Audit - clinical dataset,54,32.56,59.62
9a58219f-8cea-479c-bb5f-c68cae23136b,Bronze,ALLIANCE > CPRD,Cancer Patient Experience Survey (CPES) for CPRD GOLD,52,41.86,53.85
9b49b4d8-28b6-47d4-be8c-d5d3091ecd36,Not Rated,Imperial College London,NNRD: National Neonatal Research Database,45,46.51,62.96
9b7f7994-0b9c-4809-b67d-45ae1f04ec5c,Bronze,NHS Digital,Mental Health Services Data Set - Currencies,58,39.53,44.23
9bc66d1b-68a2-4d4e-a54a-cc3842ff95c7,Bronze,ALLIANCE > CPRD,HES Patient Reported Outcomes Measures (PROMs) data for CPRD GOLD,63,32.56,42.31
9beca627-12cd-4231-8638-93cf0bdfa413,Bronze,ALLIANCE > HQIP,National Asthma and COPD Audit Programme (NACAP):COPD and adult asthma secondary care organisational dataset,51,37.21,61.54
9bfcf24b-5b13-4997-9062-6c58583e69cd,Silver,ALLIANCE > NIHR BIORESOURCE,Sample holding,74,30.23,21.15
9c0f13ca-5831-4d9b-860a-7d856be7a9f1,Bronze,ALLIANCE > HQIP,Falls and Fragility Fracture Audit Programme National Hip Database clinical dataset,53,34.88,59.62
9cb10184-7459-4ca5-ac30-d2364e70821d,Silver,ALLIANCE > TISSUE DIRECTORY,Tissue Access for Patient Benefit (TAPb),76,23.26,25.0
9ccfde56-dd13-4606-a6c1-1e797d3b8d82,Bronze,ALLIANCE > NIHR BIORESOURCE,Full Blood Counts,54,32.56,59.62
9e8982cb-6e2b-4c6e-b9d5-80a3794eb1dc,Silver,ALLIANCE > TISSUE DIRECTORY,POUT-T,77,20.93,25.0
9f45db59-b3c9-4c33-85bf-25c1b5242903,Silver,ALLIANCE > TISSUE DIRECTORY,MDSBio,78,18.6,25.0
a05443cd-e292-4b5f-b1f1-95718e300d46,Bronze,ALLIANCE > HQIP,National Early Inflammatory Arthritis Audit - patient survey,54,32.56,59.62
a0dad23c-c02d-4347-92ef-0019fa59eb3e,Bronze,ALLIANCE > CPRD,Cancer registration data for CPRD GOLD,52,44.19,51.92
a0e0c0c2-072a-47ac-9252-e27b37ac024f,Silver,NIHR Health Informatics Collaborative Renal Transplantation Theme,HIC Transplantation,71,39.53,17.65
a1a67182-e81b-4144-ac51-92a86f277eb2,Bronze,NHS Digital,Mental Health Minimum Dataset v4.1 (Non-Sensitive) Events,59,39.53,42.31
a1f9315e-8561-4e7b-b1a7-1276bdeca14d,Silver,ALLIANCE > TISSUE DIRECTORY,Cam-UroOnc Biorepository,77,20.93,25.0
a2d94442-91c1-4626-b28f-700eb436a4c1,Silver,ALLIANCE > TISSUE DIRECTORY,ICON9 Trial,77,20.93,25.0
a33d0bb2-afe1-4f26-a8f8-7dffec7b6518,Bronze,ALLIANCE > SCOTLAND,GP Out of Hours,70,25.58,34.62
a429e699-4650-4feb-9392-f24aa3a3b7b6,Not Rated,ALLIANCE > BARTS,Freetext Dataset,47,39.53,67.31
a450ebf7-7779-48a8-8d08-892a7a650399,Silver,ALLIANCE > SAIL,Bowel Screening Wales,78,23.26,21.15
a49a1145-4334-4c2a-81cb-90155e8f05c6,Silver,ALLIANCE > TISSUE DIRECTORY,Sheffield Brain Tissue Bank (SBTB),78,25.58,19.23
a5b00b37-a33e-4d8d-b0c0-045d184e05bd,Silver,HUBS > DATA-CAN,Comprehensive Patient Records for Cancer Outcomes,80,25.58,15.38
a617a37d-1813-49ad-8282-38169981a095,Silver,ALLIANCE > TISSUE DIRECTORY,plasmaMATCH,76,23.26,25.0
a675ac5e-ecc2-4899-9c3c-65c2f36432c5,Not Rated,ALLIANCE > BARTS,Community Services Dataset,47,39.53,67.31
a6fb087d-1a90-4db0-9fcf-323c5b3cce51,Silver,ALLIANCE > TISSUE DIRECTORY,UK primary Sjogren's syndrome Registry,76,23.26,25.0
a7209348-c011-44d0-9c4f-35a2014c2542,Silver,ALLIANCE > TISSUE DIRECTORY,Central England Haemato-oncology and oncology Research Biobank (CEHRB),77,23.26,23.08
a74f72ad-bf70-42e4-8933-069c7b53c7f9,Not Rated,Oxford University Hospitals NHS Foundation Trust,LIMS,46,39.53,69.23
a772b8dd-cb93-4f27-a349-329992e0b212,Bronze,ALLIANCE > CPRD,Quality of Life of Colorectal Cancer Survivors in England: Patient Reported Outcome Measures Survey for CPRD Aurum,52,44.19,51.92
a7eb2110-b105-40f8-a33a-2d9221d3c3a1,Silver,ALLIANCE > SAIL,Breast Test Wales,77,20.93,25.0
a895be78-f41c-40b8-b2fa-678a071a6427,Bronze,ALLIANCE > HQIP,National Asthma and COPD Audit Programme (NACAP): primary care workstream resources,53,34.88,59.62
a8a6941a-080e-452a-badc-91c40841b4f3,Silver,ALLIANCE > SAIL,Emergency Department Data Set,79,23.26,19.23
aa019da2-0f2f-493c-95e8-7263ee735f46,Bronze,NHS Digital,Mental Health Minimum Dataset v3_3.5 (Non-Sensitive),59,39.53,42.31
aa8c53e8-f91f-41f7-9522-7e2462a9a84b,Bronze,ALLIANCE > CPRD,HES Diagnostic Imaging Dataset for CPRD GOLD,67,30.23,36.54
ac40cb93-ba18-4faf-a017-433500c83bb1,Not Rated,University of Dundee Health Informatics Centre,NHS Tayside and Fife Haematology (Lab Data Restructured),47,37.21,68.63
acafb160-b18a-436e-90f1-dc4530a90267,Bronze,NHS Digital,Mental Health Minimum Data Set,58,39.53,44.23
ace79a9e-1552-4287-9f6e-9d01f628252b,Silver,ALLIANCE > TISSUE DIRECTORY,REQUITE,77,20.93,25.0
ad5c7693-983e-4f32-a979-9ab550f2084a,Silver,ALLIANCE > TISSUE DIRECTORY,Cardiff University Biobank,78,20.93,23.08
ade4cf22-2dd0-485c-9ef1-955585aeed6f,Silver,ALLIANCE > SAIL,National Exercise Referral Scheme,79,18.6,23.08
ae4b8371-d037-46e8-bdcd-bf3de08ef38e,Bronze,HUBS > BREATHE,Optimum Patient Care Research Database,68,23.26,40.38
ae4f0589-8679-48a1-ad04-2324a5001869,Silver,ALLIANCE > TISSUE DIRECTORY,Cambridge Blood and Stem Cell Biobank,77,20.93,25.0
aeb2f1ea-c914-4b30-94c8-9fd3eb51b288,Bronze,ALLIANCE > HQIP,National Audit of Care at the End of Life - Quality Survey,55,30.23,59.62
af70ba31-8e5d-4174-88fb-b90cadf10845,Gold,Cystic Fibrosis Trust,CFQ-R,81,20.93,17.31
b0886a0c-7ddc-4c2b-a499-afd7262fbe56,Silver,ALLIANCE > TISSUE DIRECTORY,RAPPER,78,20.93,23.08
b0a8085e-8cf0-45ee-b4a6-12a4a545ca70,Gold,ALLIANCE > GENOMICS ENGLAND,GENOMICS ENGLAND 100K RARE DISEASE & COMMON,81,23.26,15.38
b36202ad-7652-460c-8389-baa1a1c1ac46,Silver,ALLIANCE > TISSUE DIRECTORY,York Tissue Bank,79,18.6,23.53
b3a10154-a409-491a-92fb-e7fac47ccd91,Silver,ALLIANCE > TISSUE DIRECTORY,HCV Research UK,76,23.26,25.0
b40777a2-468b-4b45-8b7d-2f62f912e950,Silver,NIHR Health Informatics Collaborative Critical Care Theme,HIC ICU 8.3.2,74,37.21,14.55
b41bb360-f2ed-49f0-a45b-b2fb05321975,Not Rated,ALLIANCE > BARTS,CDE Surginet Documentation,47,39.53,67.31
b4f6a5c2-e652-4972-9d06-510e9a469dfe,Bronze,ALLIANCE > CPRD,Systemic Anti-Cancer Treatment (SACT) data for CPRD Aurum,52,41.86,53.85
b53f716d-a5c3-4ad8-a2aa-cae09c12ac18,Bronze,NHS Digital,Mental Health Minimum Dataset v4.1 (Non-Sensitive) Episodes,58,39.53,44.23
b717d41e-9202-40ed-be1a-882ec0c47761,Silver,ALLIANCE > TISSUE DIRECTORY,MRC Brain Banks Network,77,20.93,25.0
b730442a-72f3-4b0d-8ad3-4bdba046df7a,Silver,ALLIANCE > TISSUE DIRECTORY,Tissue Solutions Ltd,74,27.91,25.0
b796b821-97cf-4aa1-bbc7-53e3c1fbc33f,Silver,ALLIANCE > TISSUE DIRECTORY,TRICON8,77,23.26,23.08
ba071b0b-5ef4-457b-b194-3a69c2c71a06,Bronze,NHS Digital,Mental Health Minimum Dataset v4 (Non-Sensitive) Events,59,39.53,42.31
ba971a73-9813-4aa9-a413-5f103ec1b6ca,Not Rated,University of Dundee Health Informatics Centre,Tayside Pathology,47,37.21,68.63
bb9b1a6b-e8e3-410e-85cc-61bde7a9bc7b,Silver,ALLIANCE > SAIL,Patient Episode Dataset for Wales,79,23.26,19.23
bbb3e017-890e-466b-82f0-475ec103f108,Silver,ALLIANCE > SAIL,Substance Misuse Dataset,79,23.26,19.23
bc2a13c8-fd0f-495e-a224-88dfb12a4953,Silver,ALLIANCE > SAIL,National Survey for Wales,80,20.93,19.23
bc6ae5bc-7175-49e2-b093-337dde427736,Bronze,ALLIANCE > CPRD,Patient postcode linked deprivation measures for CPRD GOLD,53,41.86,51.92
bcfdc597-1bf0-41c2-8b68-779f9a115f83,Silver,ALLIANCE > TISSUE DIRECTORY,Wales Cancer Bank,77,20.93,25.49
bdc17b2c-8b0f-4959-ab9b-e2de32d8a5f9,Bronze,NHS Digital,Mental Health & Learning Disabilities Dataset v 1 (Sensitive) Events,59,39.53,42.31
bdcbbb2b-df99-4ae7-b36e-f266cfe10ed3,Bronze,ALLIANCE > CPRD,Mother-Baby Link for CPRD GOLD,55,41.86,48.08
bddcc89d-028f-48a5-b568-7dccd574563b,Bronze,ALLIANCE > HQIP,National Joint Registry - Revision Shoulder Replacement dataset,55,30.23,59.62
be170751-3ab2-4cb6-a59f-d5d5867e0bfd,Bronze,ALLIANCE > SCOTLAND,Unscheduled Care Datamart,70,23.26,36.54
be22a45f-ffc0-41cc-89f6-57f2733672e5,Silver,COG-UK,COG-UK Viral Genome Sequences,80,25.58,15.38
bf83ada4-b72e-4789-b177-12a53aa763ea,Not Rated,Oxford University Hospitals NHS Foundation Trust,TheatreEvents,44,41.86,69.23
bfbf7741-65d1-47e3-92e2-bcf50e8c0c20,Bronze,NHS Digital,Civil Registration - Deaths,57,39.53,46.15
c00f43de-5b36-4db8-80ec-66d61b216dc5,Not Rated,University of Dundee Health Informatics Centre,NHS Tayside and Fife Immunology (Extractable),47,37.21,68.63
c080cd24-c86e-4df4-a2bf-5959b2217608,Not Rated,University of Dundee Health Informatics Centre,NHS Tayside and Fife Haematology Biochemistry (Lab Data Restructured),47,37.21,68.63
c10d6c3a-e405-4ee9-828f-02443c210879,Silver,ALLIANCE > TISSUE DIRECTORY,UCL Infection DNA Bank,76,25.58,23.08
c16605d7-6e6e-4461-bfab-107660e31427,Bronze,HUBS > BREATHE,Vitamin D supplementation meta-analyses,56,30.23,57.69
c182a3b6-8eea-43ef-be18-6cd444f150dc,Silver,ALLIANCE > TISSUE DIRECTORY,STAMPEDE,78,18.6,25.0
c29c3fbe-700e-4f85-8943-5557c30c1dfa,Silver,ALLIANCE > TISSUE DIRECTORY,Arden Tissue Bank,80,18.6,21.15
c324246a-22d9-45d8-9a7a-a513078be2d1,Bronze,ALLIANCE > LEICESTER,Genvasc Primary Care Data,55,32.56,57.69
c3d84dfa-fe3a-4b86-a0f5-efbe45aa93ad,Bronze,ALLIANCE > HQIP,Sentinel Stroke National Audit Programme Acute Organisational survey dataset,54,32.56,59.62
c55b92d8-889d-435c-b0cb-2d9f7b432839,Bronze,ALLIANCE > CPRD,HES Accident and Emergency data for CPRD GOLD,67,30.23,36.54
c577669a-a84f-493e-8164-3fe02f618561,Bronze,ALLIANCE > CPRD,Death Registration data for CPRD Aurum,65,32.56,36.54
c5994fae-9c4a-47eb-ba42-85bd76e92879,Bronze,ALLIANCE > HQIP,National Audit of Psychosis - Audit on Early Intervention in Psychosis services - contextual data,54,32.56,59.62
c6117afd-bc4d-404b-8d58-9d87db936b4c,Bronze,ALLIANCE > CPRD,Practice postcode linked deprivation measures for CPRD GOLD,53,41.86,51.92
c6d6bbd3-74ed-46af-841d-ac5e05f4da41,Silver,ALLIANCE > TISSUE DIRECTORY,Barts CTU,76,23.26,25.0
c713773c-e961-400e-b44a-947002deb073,Bronze,NHS Digital,Mental Health & Learning Disabilities Dataset v 1 (Non-Sensitive) Episodes,59,39.53,42.31
c7db2002-4fbd-4c46-8032-e53a73e08c16,Silver,ALLIANCE > CYSTIC FIBROSIS,NTM culture,79,23.26,19.23
c83d2206-3778-400b-9b26-27c7588af930,Silver,ALLIANCE > TISSUE DIRECTORY,RATHL Trial,78,23.26,21.15
c97b8058-a6a4-4c8d-92e1-6e9f4cddd301,Bronze,NHS Digital,Mental Health Minimum Dataset v4.1 (Non-Sensitive) Records,59,39.53,42.31
cabb1db1-ee3e-42ce-a40b-468282e2011d,Bronze,ALLIANCE > HQIP,National Audit of Care at the End of Life - case note review,55,30.23,59.62
cacfd200-8c88-433d-9693-9917d778880b,Silver,University of Bristol,Avon Longitudinal Study of Parents and Children,73,30.23,23.08
cbda5643-96b7-4914-b990-a872e693ff29,Bronze,ALLIANCE > HQIP,National Early Inflammatory Arthritis Audit - organisational survey dataset,54,32.56,59.62
cc383a3f-1c47-4b7d-99cf-be8ee0afe401,Bronze,NHS Digital,Mental Health Minimum Dataset v4.1 (Sensitive) Records,59,39.53,42.31
cc3e20da-aca5-471d-a4bb-38e13f350f10,Bronze,ALLIANCE > CPRD,HES Admitted Patient Care data for CPRD Aurum,66,32.56,34.62
cd051ddc-b383-4583-aeca-b2e1fe5b17e3,Silver,ALLIANCE > SCOTLAND,National Records of Scotland (NRS) - Births Data,72,20.93,34.62
cd452690-b0f7-4e9f-a41a-275c1276b3cc,Silver,HUBS > DISCOVER NOW,Patient level data,80,23.26,17.31
ce9025c9-cf30-420b-8edb-f6ca438b099f,Silver,ALLIANCE > SCOTLAND,Child Health Systems Programme - 4-5 year review,71,20.93,36.54
ceca959a-11b1-4da3-8289-3cf22c9fc541,Bronze,ALLIANCE > SCOTLAND,Child Health Systems Programme - 27-30Months Review,70,23.26,36.54
cf3f4336-e52d-4b82-8cc5-647dedaaee57,Bronze,ALLIANCE > HQIP,National Clinical Audit of Anxiety and Depression - spotlight audit on psychological therapies (clinical),54,32.56,59.62
cf81a42f-2611-4410-89e9-7e3770d03a15,Bronze,ALLIANCE > CPRD,Quality of Life of Colorectal Cancer Survivors in England: Patient Reported Outcome Measures Survey for CPRD GOLD,52,44.19,51.92
d05ed484-4461-45e1-9085-e73706359688,Silver,HUBS > DISCOVER NOW,Mental Health,79,25.58,17.31
d272b783-8db3-4068-8d0f-05728f786d6d,Silver,ALLIANCE > TISSUE DIRECTORY,Cancer Group CTR Cardiff trials,77,20.93,25.0
d2af6a29-291b-4444-a17c-40f4208f1e1b,Not Rated,NHS Digital,Patient Reported Outcome Measures,45,46.51,64.15
d31d2c4d-e061-4bf2-a26e-8151127e7119,Silver,HUBS > DISCOVER NOW,Admitted Patient Care,80,23.26,17.31
d3673b75-ec8f-4c2e-8c9b-6ef1d951f978,Bronze,ALLIANCE > HQIP,Sentinel Stroke National Audit Programme Clinical Dataset,54,32.56,59.62
d3a3935f-b28e-4e74-9b15-9432d611f26c,Silver,ALLIANCE > TISSUE DIRECTORY,MFT Biobank,78,20.93,23.08
d3fd4dac-2d15-401c-8185-905ee108d9ce,Not Rated,Oxford University Hospitals NHS Foundation Trust,JANUS,46,39.53,69.23
d51de39c-153a-462b-8de5-cd1424908e0c,Silver,ALLIANCE > TISSUE DIRECTORY,UK ME/CFS Biobank,78,20.93,23.08
d546521a-79be-4a53-83bd-ff008bda6171,Bronze,HUBS > PIONEER,Birmingham Out of Hours Research Database,54,32.56,59.62
d57a096a-4fa3-4529-b508-0b9df0f1893c,Not Rated,Oxford University Hospitals NHS Foundation Trust,OUH Patient Master Index,46,39.53,69.23
d5ab658e-b474-4e22-95f8-92607c40792d,Silver,ALLIANCE > TISSUE DIRECTORY,NHS Grampian Biorepository,78,20.93,23.08
d7c1b02d-0e41-4244-98f3-6250519b4c79,Silver,ALLIANCE > SAIL,Maternity Indicators Dataset,79,23.26,19.23
d7ec9584-cba3-46f9-9ef4-b1cb9eef2e7c,Silver,ALLIANCE > NIHR BIORESOURCE,Health and Lifestyle Questionnaire,74,30.23,21.15
d8114fe8-c3f1-4e42-a83b-acfa9d935d77,Silver,COG-UK,COG-UK Viral Genome Sequences v2,80,25.58,15.38
d90830f4-5aaa-4075-8c8d-839627224d16,Bronze,ALLIANCE > CPRD,Cancer Patient Experience Survey (CPES) for CPRD Aurum,52,41.86,53.85
d936d21f-6b78-470c-b623-6d1213f2a041,Silver,ALLIANCE > SCOTLAND,Outpatient Appointments and Attendances - Scottish Morbidity Record (SMR00),73,23.26,30.77
da4d3e21-3d81-49e9-ada0-6175e2341190,Bronze,ALLIANCE > HQIP,National Vascular Registry -  Abdominal Aortic Aneurysm Repair clinical dataset,55,30.23,59.62
db113fcd-69a0-4357-9c6d-250085deb3f5,Bronze,NHS Digital,Mental Health Minimum Dataset v4.1 (Sensitive) Events,59,39.53,42.31
dd7e56e7-2683-4b88-bed2-3a27ef3e4c9e,Silver,ALLIANCE > TISSUE DIRECTORY,interNational Anaplastic Thyroid Cancer Tissue Bank (iNATT),78,18.6,25.0
ddc965e7-6f52-4eed-bed5-657e3e7bbeac,Bronze,ALLIANCE > HQIP,National Vascular Registry Audit Carotid Endarterectomy Clinical Dataset,55,30.23,59.62
de1179eb-89fe-45a3-9e3c-e54a2a36ebf0,Bronze,ALLIANCE > NIHR BIORESOURCE,NHS Digital data,51,34.88,63.46
de19b3ea-2600-4472-85e8-628e7beff76e,Bronze,ALLIANCE > HQIP,National Bowel Cancer Audit -  Organisational Survey dataset,54,32.56,59.62
df63bdd2-712d-478e-8aae-36d01158a440,Silver,ALLIANCE > SCOTLAND,National Records of Scotland (NRS) - Deaths Data,71,23.26,34.62
dfb21b3b-7fd9-40c4-892e-810edd6dfc25,Not Rated,Oxford University Hospitals NHS Foundation Trust,Admitted Patient Care Dataset,46,39.53,69.23
e0c871f9-b63c-43a5-9fd6-e5731dae2343,Gold,ALLIANCE > GENOMICS ENGLAND,GENOMICS ENGLAND 100K PHE LINKED DATA,81,23.26,15.38
e10660af-b420-4e25-8fc9-ea451da1dcfb,Bronze,ALLIANCE > HQIP,National Oesophago-Gastric Cancer Audit - clinical dataset,55,30.23,59.62
e2b2143c-6882-481f-82a3-78c6cd1df7d5,Not Rated,University of Dundee Health Informatics Centre,Tayside Radiology,47,37.21,68.63
e38c8d6c-8655-4432-b654-23f89c0bb495,Bronze,ALLIANCE > HQIP,National Joint Registry - Primary Ankle Replacement dataset,55,30.23,59.62
e3c2d5ff-e08b-4fc9-a874-19123fab7183,Silver,ALLIANCE > CYSTIC FIBROSIS,Chronic Medication,79,23.26,19.23
e516a359-74a8-4932-b4df-f2cf75eef89d,Bronze,HUBS > BREATHE,Unified Cohorts Research Network,56,30.23,57.69
e678366e-bb53-4dbb-a228-05114e0b6eb3,Silver,ALLIANCE > TISSUE DIRECTORY,Biobank for patients with retinal degenerations & dystrophies,77,20.93,25.0
e851ec95-95e4-4d5c-a364-b6f5651f1f9b,Not Rated,University of Dundee Health Informatics Centre,Deaths General Registrar Office – National Records Scotland,47,37.21,68.63
e8f23004-f1f7-4a36-859f-25af6ca6433b,Silver,ALLIANCE > TISSUE DIRECTORY,University of Liverpool - GCP Laboratory Facility,77,20.93,25.49
e9b1ef97-ff63-4336-b3f8-2d5c5f5accce,Silver,"HUBS > GUT REACTION, ALLIANCE > NIHR BIORESOURCE",Demographic,76,27.91,19.23
ea07f115-9f70-4c21-a373-247a1ca906f0,Silver,ALLIANCE > TISSUE DIRECTORY,Research Donors Ltd,78,25.58,19.23
eaca9ed1-30b6-4157-8894-8e53efc84849,Not Rated,Oxford University Hospitals NHS Foundation Trust,Sunquest,46,39.53,69.23
eb19fcd9-2e9e-4e27-aa79-ad235952b1ac,Silver,ALLIANCE > TISSUE DIRECTORY,Tommy's National Reproductive Health Biobank,79,18.6,23.08
eb80104c-1292-49b7-9d18-58337353c4cc,Bronze,NHS Digital,Diagnostic Imaging Dataset,60,37.21,42.31
ecbe7275-82b5-43cd-9401-fd7ef4b55341,Gold,ALLIANCE > GENOMICS ENGLAND,GENOMICS ENGLAND 100K QUICK VIEW,81,23.26,15.38
edc8f0c6-64f8-4f6d-a1dd-41e05033d54e,Gold,HUBS > BREATHE,Its Not JUST Idiopathic pulmonary fibrosis Study (INJUSTIS),81,20.93,17.31
ee5f4405-6930-4a7b-ba00-85a8e8c8a8b9,Silver,ALLIANCE > TISSUE DIRECTORY,QTL Programme at MRC HGU,78,20.93,23.08
eea147a4-4576-4f86-8ad1-c762137335fd,Silver,ALLIANCE > TISSUE DIRECTORY,Manchester Cancer Research Centre (MCRC) Biobank,78,20.93,23.08
ef42201e-deb1-4675-896a-8a0162fe52a8,Silver,ALLIANCE > CPRD,CPRD Aurum,74,27.91,25.0
efbb3bf4-834b-417e-b002-03fc41715e58,Bronze,ALLIANCE > HQIP,National Cardiac Audit Programme - National Heart Failure Audit,54,32.56,59.62
f075ceb7-5bed-4e6b-8e83-211aee945356,Bronze,HUBS > PIONEER,Society for Acute Medicine Benchmarking Audit,53,34.88,59.62
f1a85970-bddc-499b-92e9-783706c60995,Bronze,ALLIANCE > NIHR BIORESOURCE,SNP imputation data,52,34.88,61.54
f1a93b8f-6332-43a2-b2da-c86f68f7d24a,Silver,ALLIANCE > TISSUE DIRECTORY,Manchester Eye Tissue Repository,76,23.26,25.0
f1d3b068-7dd0-4a28-bd64-3519dd104eb6,Silver,ALLIANCE > NIHR BIORESOURCE,Case report form,74,30.23,21.15
f3a53f7a-ea93-4b9e-bccd-afe762259044,Bronze,ALLIANCE > CPRD,Practice postcode linked deprivation measures for CPRD Aurum,53,41.86,51.92
f3a70f02-804b-4d42-802c-67bc8552c1fa,Not Rated,University of Dundee Health Informatics Centre,Fife Microbiology: Isolations,47,37.21,68.63
f3ade619-292e-4631-916a-9cd9d7938e48,Bronze,ALLIANCE > LEICESTER,The Leicester City and County Chronic Kidney Disease Cohort,55,30.23,59.62
f42b9fa6-adad-4637-943e-6fa7508559a3,Silver,ALLIANCE > TISSUE DIRECTORY,Bristol Biobank,76,23.26,25.0
f4915e4b-639c-45ae-9b0f-afab547e1104,Silver,ALLIANCE > HQIP,National Joint Registry - Primary Knee Replacement dataset,76,25.58,23.08
f4cba0b5-5d50-4f5f-a396-6bccf7c87393,Not Rated,University of Dundee Health Informatics Centre,Patient SIMD Postcode,47,37.21,68.63
f5b57b56-a4ed-46d4-825f-d181e8db809d,Silver,ALLIANCE > TISSUE DIRECTORY,Leeds NIHR Biomarker Research Tissue Bank,77,20.93,25.0
f5ed34fa-154a-4613-a253-277547cfd8ca,Silver,ALLIANCE > TISSUE DIRECTORY,Oxford Musculoskeletal Biobank,76,23.26,25.0
f621fcc9-e9ab-4da4-bd34-e4530d11b59d,Silver,ALLIANCE > TISSUE DIRECTORY,NIHR Exeter Clinical Research Facility,76,23.26,25.0
f69d1b15-a0b4-461a-8aff-dba56da0791f,Bronze,ALLIANCE > HQIP,National Diabetes Inpatient Audit - Harms clinical dataset,55,30.23,59.62
f709c58e-ae5b-440b-8db1-d39caf160b17,Silver,ALLIANCE > SAIL,Diagnostic and Therapy Services Waiting Times,75,27.91,23.08
f72798fb-d168-4c3c-abce-f8300cbcb8b3,Silver,ALLIANCE > TISSUE DIRECTORY,Generation Scotland,77,20.93,25.0
f79d91c1-981e-4389-8626-b2cef391cf90,Silver,ALLIANCE > SCOTLAND,Scottish Cancer Registry (SMR06),71,25.58,32.69
f7c563c0-9625-47be-a070-c121fe734f3c,Silver,ALLIANCE > NIHR BIORESOURCE,SNP chip data,74,27.91,25.0
f806fe65-79aa-4843-bc56-a08bf14ffcec,Bronze,ALLIANCE > HQIP,National Maternity and Perinatal Audit clinical audit,55,30.23,59.62
f82b8ca5-5a52-4502-bf78-cfbb718cbe2f,Bronze,ALLIANCE > HQIP,"Maternal, Newborn and Infant Clinical Outcome Review Programme - perinatal surveillance dataset",54,32.56,59.62
f8bab14a-bc9b-4dd1-a6c6-c57588605849,Not Rated,ALLIANCE > BARTS,Maternity Services Dataset,47,39.53,67.31
f8f6e9ea-65c0-48a6-9beb-6de80bbbefda,Silver,ALLIANCE > TISSUE DIRECTORY,Multiple Sclerosis and Parkinson's Tissue Bank,77,20.93,25.0
f908efd6-c6ac-448b-89b9-222c50aec7c8,Silver,HUBS > BREATHE,SpiroMeta Consortium Dataset,78,25.58,19.23
f9a712ae-9d41-41a6-b2ca-3127441b03ac,Silver,ALLIANCE > TISSUE DIRECTORY,UCL / UCLH Biobank for Studying Health and Disease,79,18.6,23.08
f9f3af0d-ca1c-4e8f-b5e8-20962e1e7b4e,Silver,ALLIANCE > TISSUE DIRECTORY,"St Thomas' Hospitals Plasma, serum & DNA Bio bank from patients with antiphospholipid antibodies",76,25.58,23.08
faf7ec31-999a-4d87-9d6d-8837ff2fa486,Bronze,ALLIANCE > HQIP,National Cardiac Audit Programme - National Adult Cardiac Surgery Audit (NACSA),54,32.56,59.62
fc7b44f0-eb69-4257-8c07-7516c1210c46,Not Rated,Oxford University Hospitals NHS Foundation Trust,CellPath,46,39.53,69.23
fcee6c99-a4bd-44b8-a28e-dc63337ce216,Silver,ALLIANCE > TISSUE DIRECTORY,eLIXIR - Early Life Data Cross-Linkage in Research,78,20.93,23.08
fd65eb18-3fab-4b2a-aeb2-e390fe881888,Silver,HUBS > DISCOVER NOW,Primary care events,79,25.58,17.31
fd8c878e-c497-4ec2-bc67-ecb347613384,Silver,ALLIANCE > SAIL,Referral to Treatment Times,79,23.26,19.23
fe4662ad-9080-4bd8-8de4-51195d275d5b,Bronze,ALLIANCE > HQIP,National Joint Registry - Primary Shoulder Replacement dataset,55,30.23,59.62
fe872375-2401-4de1-9650-d4139cf5793a,Bronze,ALLIANCE > HQIP,National Paediatric Diabetes Audit - Parent and Patient Recorded Experience measures,53,34.88,59.62
fe9bf0d9-3212-4120-96a6-d455f92dd192,Silver,HUBS > BREATHE,Wales Asthma Observatory,80,25.58,15.38
ff2c6982-00f3-4483-9fc2-19b3a7211d8d,Bronze,NHS Digital,Mental Health Minimum Dataset v4 (Non-Sensitive) Records,59,39.53,42.31
