id,publisher,title,weighted_quality_rating,weighted_quality_score,weighted_completeness_percent,weighted_error_percent
9c07be99-54a1-4a23-8de2-492e8dfea55a,ALLIANCE > ALSPAC,Avon Longitudinal Study of Parents and Children,Bronze,69.8,61.74,22.15
0cfe60cd-038d-4c03-9a95-894c52135922,ALLIANCE > BARTS HEALTH NHS TRUST,ARIA Dataset,Not Rated,47.65,19.46,24.16
2684706f-1d43-4263-99b7-b54279614c76,ALLIANCE > BARTS HEALTH NHS TRUST,CDE Patient Demographics,Not Rated,50.34,22.15,21.48
b41bb360-f2ed-49f0-a45b-b2fb05321975,ALLIANCE > BARTS HEALTH NHS TRUST,CDE Surginet Documentation,Not Rated,47.65,19.46,24.16
a675ac5e-ecc2-4899-9c3c-65c2f36432c5,ALLIANCE > BARTS HEALTH NHS TRUST,Community Services Dataset,Not Rated,47.65,19.46,24.16
673626f3-bdac-4d32-9bb8-c890b727c0d1,ALLIANCE > BARTS HEALTH NHS TRUST,Critical Care Minimum Dataset,Not Rated,47.65,19.46,24.16
226fb3f1-4471-400a-8c39-2b66d46a39b6,ALLIANCE > BARTS HEALTH NHS TRUST,Emergency Care Dataset (ECDS),Bronze,60.4,42.28,21.48
a429e699-4650-4feb-9392-f24aa3a3b7b6,ALLIANCE > BARTS HEALTH NHS TRUST,Freetext Dataset,Not Rated,47.65,19.46,24.16
f8bab14a-bc9b-4dd1-a6c6-c57588605849,ALLIANCE > BARTS HEALTH NHS TRUST,Maternity Services Dataset,Not Rated,47.65,19.46,24.16
3cd53c68-7e56-4c3e-b7c2-bd7e18040ec5,ALLIANCE > BARTS HEALTH NHS TRUST,"Problems, Diagnosis and Procedures",Not Rated,47.65,19.46,24.16
04f4604e-6d0b-4100-977b-59c3b69b0cfc,ALLIANCE > BARTS HEALTH NHS TRUST,Sectra PACS,Not Rated,47.65,19.46,24.16
7d501f79-5d1f-4104-a5b7-d46a97fcde5f,ALLIANCE > BARTS HEALTH NHS TRUST,Somerset Cancer Registry,Not Rated,47.65,19.46,24.16
2dc79612-0e0d-4336-aaa1-6abd90d28589,HUB > BREATHE,"4 Country ChrOnic: estimating respiratory disease burden in adults, South India",Bronze,64.09,53.02,24.83
be9bf427-d96d-4b1a-b1d1-83bdc3e8790b,HUB > BREATHE,4 LMIC Asian Country ChrOnic: estimating respiratory disease burden in adults,Bronze,67.11,56.38,22.15
1b80d25c-4f0f-497b-8614-4d1a8c4d1cd3,HUB > BREATHE,Air Quality Study: An ecological analysis of asthma health outcomes in Malaysia,Not Rated,59.4,46.31,27.52
c2548017-7913-40e1-bf98-aaa2e907b0ea,HUB > BREATHE,Assessing the eDPSEEA model in seasonal pollen induced asthma in Islamabad,Bronze,65.77,56.38,24.83
bab944af-e345-4893-8640-a88aaff97c72,HUB > BREATHE,Assessment of ASHA’s workload and its determinants,Bronze,62.75,53.02,27.52
184b973d-ac38-4fc5-8203-f2a244574b4f,HUB > BREATHE,Asthma and COPD: practices and perceptions of GPs in rural India,Bronze,66.78,55.7,22.15
561b8a79-6bac-4ffc-91f4-0bbec4e90968,HUB > BREATHE,Care-seeking practices for childhood pneumonia in non/tribal areas of Pune India,Bronze,65.44,53.02,22.15
868613e0-23cc-4f8a-82da-18984589afd7,HUB > BREATHE,Children's Health in London and Luton (CHILL),Bronze,68.46,61.74,24.83
af238430-c257-4d60-9ff0-1de6b825f09e,HUB > BREATHE,Community perception on public health measures for COVID-19 prevention/control,Bronze,64.43,56.38,27.52
505318b6-609c-4baf-9dea-2e3532f936f8,HUB > BREATHE,COPDMAP Consortium,Bronze,66.11,53.69,21.48
3aa01779-831e-478f-b4e3-7c111d642b18,HUB > BREATHE,COVID-19 Detection from Chest X-Rays using Deep Learning,Bronze,64.43,56.38,27.52
0692d86c-1f24-43a4-9508-005d00bd7259,HUB > BREATHE,CuT-AsthMa: Culturally tailored school-based intervention for asthma in Malaysia,Bronze,60.74,48.99,27.52
0e8546e9-c841-4a99-a3f8-bb9020c6782c,HUB > BREATHE,Developing and Evaluating Interventions to Improve Asthma Care,Bronze,60.74,48.99,27.52
f73627e3-bd7c-4be2-81b4-3baf846ab787,HUB > BREATHE,Developing and evaluating interventions to improve asthma care: HEAL ASTHMA,Bronze,64.09,53.02,24.83
7fe20f78-758d-4449-beb4-ccf98e2d8247,HUB > BREATHE,Developing Patient and Public Involvement in Research in Malaysia,Bronze,62.08,48.99,24.83
0985f58b-87e0-42d2-9ee7-efd618abcd51,HUB > BREATHE,Development of spirometry predictive values for Indian population,Bronze,67.11,56.38,22.15
191c1e3f-4eff-41b9-bff1-c6510f7c6c3d,HUB > BREATHE,Early Pandemic Evaluation and Enhanced Surveillance of COVID-19 (EAVE II),Bronze,69.8,59.06,19.46
7480abe4-e073-40ef-882d-217542b5e08e,HUB > BREATHE,Effects of second-hand smoke on pregnant women: a phenomenological study,Bronze,64.43,56.38,27.52
79116473-bda2-413c-82ad-ba2b86e5076f,HUB > BREATHE,EMEP4UK Pollution,Bronze,60.74,46.31,24.83
0150353c-d33d-4af0-b177-8ef0adf867f4,HUB > BREATHE,Estimating Chronic Respiratory Disease burden in adults in Asian LMICs,Not Rated,59.4,43.62,24.83
d5446d68-2fb9-4f0f-962e-7b7ed484d534,HUB > BREATHE,Exploration of Pneumonia Related Policy Formation and Implementation in Pakistan,Bronze,64.43,56.38,27.52
37eb2884-d7df-489f-a3ad-f02f1e510475,HUB > BREATHE,Exploring psychological issues of primary care teams in Malaysia amidst COVID-19,Bronze,62.08,48.99,24.83
68eca6a2-7c32-4bea-bcd1-c07dc50ee018,HUB > BREATHE,Exploring the provision of supportive care for patients with COPD in Malaysia,Not Rated,59.4,46.31,27.52
3ee52adc-b97e-4f7b-a251-a1c9841a380c,HUB > BREATHE,"Extended Cohort for E-health, Environment and DNA (EXCEED)",Gold,85.91,77.85,6.04
94c082e5-b45f-43fe-9340-f4855f392fd4,HUB > BREATHE,Genetics of Asthma Severity & Phenotypes,Bronze,65.77,56.38,24.83
62824365-480a-4d20-9ab2-7e7739e7e2ec,HUB > BREATHE,ICT-based intervention for adult asthma with limited health literacy,Bronze,68.46,59.06,22.15
24b82645-1854-438a-97b2-911bba469d3d,HUB > BREATHE,Idiopathic Pulmonary Fibrosis (IPF) Genome-wide Association Study,Silver,73.83,64.43,16.78
52a4c514-0414-43c7-a400-1498a70ed85a,HUB > BREATHE,International Severe Asthma Registry,Not Rated,58.39,35.57,18.79
ecc4daf2-e58a-4ebc-9608-4bc741231fb9,HUB > BREATHE,"Introducing pulse oximetry in IMNCI, primary health facilities in Pune India",Bronze,64.09,53.02,24.83
edc8f0c6-64f8-4f6d-a1dd-41e05033d54e,HUB > BREATHE,Its Not JUST Idiopathic pulmonary fibrosis Study (INJUSTIS),Bronze,65.77,56.38,24.83
5138fa73-6695-413d-9d03-a40ecad98fb5,HUB > BREATHE,Leicester Respiratory Research Database,Bronze,64.09,55.7,27.52
2542abf8-e50b-4962-9fa1-6dba1b7e8439,HUB > BREATHE,mHealth for pneumonia prevention,Bronze,64.43,56.38,27.52
ae4b8371-d037-46e8-bdcd-bf3de08ef38e,HUB > BREATHE,Optimum Patient Care Research Database,Bronze,62.42,48.99,24.16
8fc0a2cc-a8ce-4558-a98a-c514255833d8,HUB > BREATHE,Pneumonia case management practices in selected communities in Pakistan,Bronze,67.11,59.06,24.83
736a9d09-83c7-4cfa-ae82-a10b2a69efc8,HUB > BREATHE,"Prevention, detection, treatment: adult lung disease/cancer in rural Tamil Nadu",Bronze,64.09,53.02,24.83
50feb9f3-3be8-4690-913b-bd462d27d3db,HUB > BREATHE,Prospective Observation of Fibrosis in the Lung Clinical Endpoints,Bronze,64.43,56.38,27.52
09e8e407-82b4-4ed4-b296-53810472cbe9,HUB > BREATHE,Reasons for delay in seeking care for pneumonia in children under five,Bronze,67.11,59.06,24.83
0d0ce21e-afc1-4d9f-bf54-e0545363a0cc,HUB > BREATHE,Research on use of an online learning platform on under-five pneumonia,Bronze,64.43,56.38,27.52
5d2758c6-b315-421f-9971-9df8ba83a2d4,HUB > BREATHE,SpiroMeta Consortium Dataset,Silver,73.83,64.43,16.78
d3e859ba-cfb0-4eda-a14c-34b08d113cd9,HUB > BREATHE,Strategy introducing Pulmonary Rehabilitation for COPD management in rural India,Bronze,64.09,53.02,24.83
ffc34689-1a81-4f56-9c3f-e62b76d8445b,HUB > BREATHE,Teleconsultation in remote rural India: management of COPD and Asthma,Bronze,66.78,55.7,22.15
eff41dbc-0ce4-4bfe-b51f-7b2753750332,HUB > BREATHE,The Malaysian Asthma Hajj Study,Bronze,63.42,51.68,24.83
47e9fa0a-d74f-43bc-ae63-0eb33f354f01,HUB > BREATHE,Theory of Planned Behaviour Intervention: respiratory disease in South India,Bronze,64.09,53.02,24.83
c43363e5-a2cd-4990-a425-733dfe559a4f,HUB > BREATHE,UK BiLEVE Consortium Dataset,Silver,73.83,64.43,16.78
def6669b-0fac-485c-84b2-2ea83ec31123,HUB > BREATHE,UK Lung Volume Reduction Surgery,Silver,72.48,64.43,19.46
e516a359-74a8-4932-b4df-f2cf75eef89d,HUB > BREATHE,Unified Cohorts Research Network,Not Rated,55.7,35.57,24.16
c16605d7-6e6e-4461-bfab-107660e31427,HUB > BREATHE,Vitamin D supplementation meta-analyses,Not Rated,55.7,35.57,24.16
6439bf82-d0b4-4d7f-b7d9-f1e716b12df5,HUB > BREATHE,Wales Asthma Observatory,Gold,89.6,82.55,3.36
c6dc78fa-1543-4fbf-87d8-a3f48e7de813,OTHER > COG-UK,COG-UK Viral Genome Sequences,Gold,88.59,83.22,6.04
d90830f4-5aaa-4075-8c8d-839627224d16,ALLIANCE > CPRD,Cancer Patient Experience Survey (CPES) for CPRD Aurum,Not Rated,50.0,30.2,30.2
9a58219f-8cea-479c-bb5f-c68cae23136b,ALLIANCE > CPRD,Cancer Patient Experience Survey (CPES) for CPRD GOLD,Bronze,67.45,48.99,14.09
851bb11b-fa75-44ee-afe9-948dc7652555,ALLIANCE > CPRD,Cancer registration data for CPRD Aurum,Bronze,67.45,48.99,14.09
a0dad23c-c02d-4347-92ef-0019fa59eb3e,ALLIANCE > CPRD,Cancer registration data for CPRD GOLD,Bronze,63.42,51.68,24.83
ef42201e-deb1-4675-896a-8a0162fe52a8,ALLIANCE > CPRD,CPRD Aurum,Gold,82.89,69.13,3.36
756daeaa-6e47-4269-9df5-477c01cdd271,ALLIANCE > CPRD,CPRD GOLD,Gold,83.22,72.48,6.04
c577669a-a84f-493e-8164-3fe02f618561,ALLIANCE > CPRD,Death Registration data for CPRD Aurum,Silver,79.53,67.79,8.72
87244819-4596-4e5d-baaa-f3fe4eb74b4b,ALLIANCE > CPRD,Death Registration data for CPRD GOLD,Silver,79.53,67.79,8.72
0e59698c-1532-4155-ab0e-af11b3d9e7b1,ALLIANCE > CPRD,HES Accident and Emergency data for CPRD Aurum,Silver,79.53,67.79,8.72
c55b92d8-889d-435c-b0cb-2d9f7b432839,ALLIANCE > CPRD,HES Accident and Emergency data for CPRD GOLD,Silver,78.19,65.1,8.72
cc3e20da-aca5-471d-a4bb-38e13f350f10,ALLIANCE > CPRD,HES Admitted Patient Care data for CPRD Aurum,Silver,79.53,67.79,8.72
77b5cf84-d4f2-4418-bafa-73306cf2d2b2,ALLIANCE > CPRD,HES Admitted Patient Care data for CPRD GOLD,Silver,78.19,65.1,8.72
0266f904-b168-488a-a9e7-d318443584ef,ALLIANCE > CPRD,HES Diagnostic Imaging Dataset for CPRD Aurum,Silver,76.85,65.1,11.41
aa8c53e8-f91f-41f7-9522-7e2462a9a84b,ALLIANCE > CPRD,HES Diagnostic Imaging Dataset for CPRD GOLD,Silver,76.85,65.1,11.41
6e1d8f50-f718-4964-9c88-2c80cbaa92b5,ALLIANCE > CPRD,HES Outpatient data for CPRD Aurum,Silver,79.53,67.79,8.72
8625eb42-93df-4d33-875b-e6a93413d7ba,ALLIANCE > CPRD,HES Outpatient data for CPRD GOLD,Silver,79.53,67.79,8.72
42780b16-32e3-442e-92cd-1810bf30dab8,ALLIANCE > CPRD,HES Patient Reported Outcomes Measures (PROMs) data for CPRD Aurum,Silver,70.13,57.05,16.78
9bc66d1b-68a2-4d4e-a54a-cc3842ff95c7,ALLIANCE > CPRD,HES Patient Reported Outcomes Measures (PROMs) data for CPRD GOLD,Silver,70.13,57.05,16.78
2e8cc70b-bd57-4b64-bd12-fbc07e0f240f,ALLIANCE > CPRD,Mental Health Dataset (MHDS) for CPRD Aurum,Bronze,66.08,46.29,14.12
95475a1f-1623-4bfa-9821-1159d4dbcc8e,ALLIANCE > CPRD,Mental Health Dataset (MHDS) for CPRD GOLD,Bronze,66.08,43.6,11.43
bdcbbb2b-df99-4ae7-b36e-f266cfe10ed3,ALLIANCE > CPRD,Mother-Baby Link for CPRD GOLD,Bronze,69.13,49.66,11.41
0fbd11c2-c44b-430f-b527-63cb82fcee63,ALLIANCE > CPRD,National Radiotherapy Dataset (RTDS) for CPRD Aurum,Bronze,67.45,48.99,14.09
3943e6de-6c32-43dd-8090-16ec9ca0902f,ALLIANCE > CPRD,National Radiotherapy Dataset (RTDS) for CPRD GOLD,Bronze,67.45,48.99,14.09
8ab1dc13-634e-46ae-9ba0-e094d446bd74,ALLIANCE > CPRD,Patient postcode linked deprivation measures for CPRD Aurum,Bronze,68.79,48.99,11.41
bc6ae5bc-7175-49e2-b093-337dde427736,ALLIANCE > CPRD,Patient postcode linked deprivation measures for CPRD GOLD,Bronze,68.79,48.99,11.41
f3a53f7a-ea93-4b9e-bccd-afe762259044,ALLIANCE > CPRD,Practice postcode linked deprivation measures for CPRD Aurum,Bronze,68.79,48.99,11.41
c6117afd-bc4d-404b-8d58-9d87db936b4c,ALLIANCE > CPRD,Practice postcode linked deprivation measures for CPRD GOLD,Bronze,68.79,48.99,11.41
96d29a1d-9566-4793-8dbb-351fbe2eb790,ALLIANCE > CPRD,Pregnancy Register for CPRD GOLD,Bronze,69.13,49.66,11.41
2d3302d1-b6fc-4883-8168-010da0d48638,ALLIANCE > CPRD,Quality of Life of Cancer Survivors in England: Pilot Patient Reported Outcomes Measures Survey (2011) for CPRD Aurum,Bronze,68.79,51.68,14.09
992c8fe6-f460-490c-b202-8d4d9c434425,ALLIANCE > CPRD,Quality of Life of Cancer Survivors in England: Pilot Patient Reported Outcomes Measures Survey (2011) for CPRD GOLD,Bronze,66.11,48.99,16.78
a772b8dd-cb93-4f27-a349-329992e0b212,ALLIANCE > CPRD,Quality of Life of Colorectal Cancer Survivors in England: Patient Reported Outcome Measures Survey for CPRD Aurum,Bronze,68.79,51.68,14.09
cf81a42f-2611-4410-89e9-7e3770d03a15,ALLIANCE > CPRD,Quality of Life of Colorectal Cancer Survivors in England: Patient Reported Outcome Measures Survey for CPRD GOLD,Bronze,68.79,51.68,14.09
2d23ad3c-0541-453c-8bf7-9dc42e1aba65,ALLIANCE > CPRD,Rural-Urban classification for CPRD Aurum,Bronze,68.79,48.99,11.41
1841e7c9-39e1-4eff-9d2f-da3dede71f86,ALLIANCE > CPRD,Rural-Urban classification for CPRD GOLD,Bronze,68.79,48.99,11.41
b4f6a5c2-e652-4972-9d06-510e9a469dfe,ALLIANCE > CPRD,Systemic Anti-Cancer Treatment (SACT) data for CPRD Aurum,Bronze,67.45,48.99,14.09
6a8066c7-a8f4-44a6-9efd-871b19a3689f,ALLIANCE > CPRD,Systemic Anti-Cancer Treatment (SACT) data for CPRD GOLD,Bronze,67.45,48.99,14.09
27910ce4-f74f-4fab-8649-19d5ec292ad8,ALLIANCE > CYSTIC FIBROSIS TRUST,Cystic Fibrosis Patient Annual Review Encounters,Gold,84.96,75.56,5.64
8881192f-ffdf-4917-be80-e7daab9a0ca2,ALLIANCE > CYSTIC FIBROSIS TRUST,Cystic Fibrosis Patient CFQ-R,Gold,84.65,77.94,8.64
22fe7168-89af-4d93-89c8-afa03cf2031a,ALLIANCE > CYSTIC FIBROSIS TRUST,Cystic Fibrosis Patient Chronic Medication,Gold,84.63,77.92,8.65
1f55cfcc-1c5d-44e3-9d60-3bedeb033f0a,ALLIANCE > CYSTIC FIBROSIS TRUST,Cystic Fibrosis Patient Demographics,Gold,85.22,78.51,8.07
1048c3d9-42f6-4950-89be-c51fe7421753,ALLIANCE > CYSTIC FIBROSIS TRUST,Cystic Fibrosis Patient Liver Enzyme,Gold,84.56,77.85,8.72
d0468470-a88f-4692-a19d-c9ac0b9868f3,ALLIANCE > CYSTIC FIBROSIS TRUST,Cystic Fibrosis Patient Microbiology Cultures,Gold,84.56,77.85,8.72
af148400-1ec6-436d-910e-45350a54c390,ALLIANCE > CYSTIC FIBROSIS TRUST,Cystic Fibrosis Patient NTM culture,Gold,84.56,77.85,8.72
e66b726f-8e58-4411-be32-1d00ba1df13f,ALLIANCE > CYSTIC FIBROSIS TRUST,Cystic Fibrosis Patient Sweat Tests,Gold,84.69,77.61,8.24
e432737f-43c0-43c1-aef5-71cb204d770c,ALLIANCE > CYSTIC FIBROSIS TRUST,Cystic Fibrosis Patient Tendon Rupture,Gold,84.56,77.85,8.72
8c5be9df-c9b8-43ab-83ca-5d5dd61549da,ALLIANCE > CYSTIC FIBROSIS TRUST,Cystic Fibrosis Patient Transplants,Gold,84.56,77.85,8.72
395d4311-da00-49a4-b78e-5387c961d803,HUB > DATA-CAN,Children’s Kidney Cancers - Great Ormond Street Hospital,Platinum,93.96,93.96,6.04
49dc6bfb-37f7-4f18-92e7-1a06ab80633e,HUB > DATA-CAN,Comprehensive Patient Records for Cancer Outcomes,Platinum,91.2,89.52,7.13
960c4d6c-11dc-42c0-ab30-82606fd2974e,HUB > DATA-CAN,Real Time Data Network (RTDN),Platinum,93.96,87.92,0.0
b765d514-1642-4762-a521-73463c977094,HUB > DATA-CAN,Yorkshire Specialist Register of Cancer in Children and Young People,Platinum,91.95,91.95,8.05
b9a2cd90-2724-4c7b-a26f-6f5b30a36a00,HUB > DISCOVER NOW,North West London Accident and Emergency Data (NWL A&E),Platinum,95.58,93.9,2.74
90baf782-0f16-4a48-8ff9-5a0b2aed7cd0,HUB > DISCOVER NOW,North West London Admitted Patient Care Data (NWL APC),Platinum,95.63,93.95,2.69
4b1202a7-aaf8-486d-86b0-d75a421a5e60,HUB > DISCOVER NOW,North West London Adult Social Care Data (NWL ASC),Platinum,94.37,92.69,3.95
a1ff2a5a-604a-45e8-98de-858afd9a8acb,HUB > DISCOVER NOW,North West London Community Data (NWL COM),Platinum,95.02,93.34,3.3
d30304ab-9f5d-478a-8bac-afcda09ef2e8,HUB > DISCOVER NOW,North West London Coordinate My Care (NWL CMC),Platinum,95.64,93.96,2.68
135ba51b-8a01-4624-b3c4-1d6f5b22b357,HUB > DISCOVER NOW,North West London COVID-19 Patient Level Situation Report (NWL COVID19 PLD SITREP),Platinum,94.3,93.96,5.37
b14a19db-f3fd-4298-93e9-9732d99d8ee9,HUB > DISCOVER NOW,North West London High Cost Drugs Data (NWL HCD),Platinum,94.05,92.37,4.27
5eaf28aa-dfd4-4bf6-b5e7-3d172a2c3cf7,HUB > DISCOVER NOW,North West London Integrated Care Record (NWL ICR),Platinum,95.46,93.78,2.87
07169a48-2e59-4ef6-ad77-f272d60b5a83,HUB > DISCOVER NOW,North West London Mental Health Data (NWL MH),Platinum,95.53,93.85,2.79
8cf1f0e9-10a6-4c59-824c-aca2f6dba670,HUB > DISCOVER NOW,North West London Outpatient Care Data (NWL OP),Platinum,95.64,93.96,2.68
0fde8427-1072-4b77-9997-635157ef370a,HUB > DISCOVER NOW,North West London Pathology (NWL PATH),Platinum,95.64,93.96,2.68
2f19548c-99d7-4f48-a418-d7afb77aebec,HUB > DISCOVER NOW,North West London Patient Index (NWL PI),Platinum,95.64,93.96,2.68
278b91aa-7ad1-4b89-86aa-10e9e013f0cf,HUB > DISCOVER NOW,North West London population data (NWL POP),Platinum,95.64,93.96,2.68
7e6c0a1f-c06f-4e5f-ae2f-93500569c4a5,HUB > DISCOVER NOW,North West London Primary Care Events Data (NWL PCE),Platinum,95.64,93.96,2.68
b51be1a2-3d25-43ad-9acb-58d291332367,HUB > DISCOVER NOW,North West London Primary Care Prescriptions Data (NWL PCP),Platinum,95.64,93.96,2.68
301233da-53f8-4cea-8f74-4d4aa8d8c42c,ALLIANCE > GENERATION SCOTLAND,Generation Scotland: Scottish Family Health Study,Not Rated,58.72,47.65,30.2
1900af1a-bd21-4157-ac48-203eec682073,ALLIANCE > GENOMICS ENGLAND,GENOMICS ENGLAND 100K BIOINFORMATICS DATA,Platinum,91.95,89.26,5.37
97ddd990-f47a-40f5-9178-cbf742e4c613,HUB > GUT REACTION,IBD Registry,Not Rated,54.36,27.52,18.79
2aabcea9-d0dd-4780-b162-3c7ed3ee9888,ALLIANCE > HEALTH AND SOCIAL CARE NORTHERN IRELAND,Admissions & Discharges,Platinum,90.94,84.56,2.68
7389dc03-1fc7-4af7-b12c-bbab448290f9,ALLIANCE > HEALTH AND SOCIAL CARE NORTHERN IRELAND,COVID antigen testing - Pillar 1,Gold,89.6,84.56,5.37
022cedb4-650d-4566-be41-8d7ed07a5112,ALLIANCE > HEALTH AND SOCIAL CARE NORTHERN IRELAND,COVID antigen  testing - Pillar 2,Gold,86.24,81.21,8.72
5ae869f8-b6af-41c0-bca0-1fffef112375,ALLIANCE > HBS,Enhanced Prescribing Database,Gold,89.6,84.56,5.37
9450f059-807e-4cc3-9e2d-79a3589d9106,ALLIANCE > HEALTH AND SOCIAL CARE NORTHERN IRELAND,Mortality (Death registration),Platinum,91.95,86.58,2.68
d5faf9c6-6c34-46d7-93c4-7706a5436ed9,OTHER > HEALTH DATA RESEARCH UK,HDR UK Papers & Preprints,Platinum,95.97,94.63,2.68
5c01bfbe-5bda-4ff9-b565-d18e6e5d57d8,ALLIANCE > HEALTH INFORMATICS CENTRE - UNIVERSITY OF DUNDEE,"Deaths – CHI, Community Health Index",Not Rated,47.65,19.46,24.16
464b06d6-239a-4c6d-a626-242ba7e79e05,ALLIANCE > HEALTH INFORMATICS CENTRE - UNIVERSITY OF DUNDEE,Deaths General Registrar Office – National Records Scotland,Not Rated,47.65,19.46,24.16
514018c0-86e8-4998-8460-bb99912281ae,ALLIANCE > HEALTH INFORMATICS CENTRE - UNIVERSITY OF DUNDEE,Demography,Not Rated,47.65,19.46,24.16
edaf29f4-9857-4bb0-97b9-ae88b70a2a3c,ALLIANCE > HEALTH INFORMATICS CENTRE - UNIVERSITY OF DUNDEE,Fife Microbiology: Isolations,Not Rated,47.65,19.46,24.16
63f6d960-da48-4de6-9183-5518f1ce7644,ALLIANCE > HEALTH INFORMATICS CENTRE - UNIVERSITY OF DUNDEE,Fife Microbiology: Tests,Not Rated,47.65,19.46,24.16
c22d8356-d51b-4d34-aadf-ed356d15fe46,ALLIANCE > HEALTH INFORMATICS CENTRE - UNIVERSITY OF DUNDEE,Fife Radiology,Not Rated,47.65,19.46,24.16
6cb4e624-a971-4d73-949e-bc57353e512b,ALLIANCE > HEALTH INFORMATICS CENTRE - UNIVERSITY OF DUNDEE,"NHS Tayside A&E, Diagnosis dataset during A&E visit",Not Rated,47.65,19.46,24.16
e8f5b1b5-2c08-439a-b337-70b454aa40f3,ALLIANCE > HEALTH INFORMATICS CENTRE - UNIVERSITY OF DUNDEE,"NHS Tayside, A&E Drugs given during an A&E visit",Not Rated,47.65,19.46,24.16
1aa60c9f-a458-454d-802a-e4c4628f3870,ALLIANCE > HEALTH INFORMATICS CENTRE - UNIVERSITY OF DUNDEE,NHS Tayside and Fife Accident & Emergency Dataset (ISD/National),Not Rated,47.65,19.46,24.16
5c56cfb6-46bb-4414-a963-24eafb0949f6,ALLIANCE > HEALTH INFORMATICS CENTRE - UNIVERSITY OF DUNDEE,NHS Tayside and Fife Haematology Biochemistry (Lab Data Restructured),Not Rated,47.65,19.46,24.16
b9a2fe09-60b3-48a4-b252-9ed04a7dcc66,ALLIANCE > HEALTH INFORMATICS CENTRE - UNIVERSITY OF DUNDEE,NHS Tayside and Fife Haematology (Lab Data Restructured),Not Rated,47.65,19.46,24.16
660ae034-5631-4fdb-8af5-cf39015c12f8,ALLIANCE > HEALTH INFORMATICS CENTRE - UNIVERSITY OF DUNDEE,NHS Tayside and Fife Immunology (Extractable),Not Rated,47.65,19.46,24.16
c8ed8784-91ce-4823-8e80-fa3a4b732e11,ALLIANCE > HEALTH INFORMATICS CENTRE - UNIVERSITY OF DUNDEE,NHS Tayside and Fife Virology,Not Rated,47.65,19.46,24.16
b2124786-9658-40cc-b5a3-6624885ce490,ALLIANCE > HEALTH INFORMATICS CENTRE - UNIVERSITY OF DUNDEE,Patient SIMD Postcode,Not Rated,47.65,19.46,24.16
64640c6f-bc49-419f-bb2c-13c07d94adc9,ALLIANCE > HEALTH INFORMATICS CENTRE - UNIVERSITY OF DUNDEE,Prescribing,Not Rated,47.65,19.46,24.16
3d42b7e1-89b0-4bef-9e42-18edc328f28f,ALLIANCE > HEALTH INFORMATICS CENTRE - UNIVERSITY OF DUNDEE,Renal Register – ISD National dataset,Not Rated,47.65,19.46,24.16
c275f19e-2373-43dc-8e83-3318aaf8bfa4,ALLIANCE > HEALTH INFORMATICS CENTRE - UNIVERSITY OF DUNDEE,Tayside Bowel Screening Dataset,Not Rated,47.65,19.46,24.16
0ff88499-931b-4614-9f81-facf21f28174,ALLIANCE > HEALTH INFORMATICS CENTRE - UNIVERSITY OF DUNDEE,Tayside & Fife Diabetes – Summary and a range of diabetes related datasets.,Not Rated,47.65,19.46,24.16
4a295c54-ccbb-4aef-9ea9-8fc46749b123,ALLIANCE > HEALTH INFORMATICS CENTRE - UNIVERSITY OF DUNDEE,Tayside Microbiology: Isolations,Not Rated,47.65,19.46,24.16
992d45d6-c80e-474d-87ff-4503ee1210a2,ALLIANCE > HEALTH INFORMATICS CENTRE - UNIVERSITY OF DUNDEE,Tayside Microbiology: Tests,Not Rated,47.65,19.46,24.16
014bc853-1b27-4d97-9e5e-97fe28b84769,ALLIANCE > HEALTH INFORMATICS CENTRE - UNIVERSITY OF DUNDEE,Tayside Pathology,Not Rated,47.65,19.46,24.16
b8107ec3-ba35-45ee-8231-cb610fe2ce48,ALLIANCE > HEALTH INFORMATICS CENTRE - UNIVERSITY OF DUNDEE,Tayside Radiology,Not Rated,47.65,19.46,24.16
3fd5f728-fdb4-4ce2-86ec-f626787d455c,ALLIANCE > HEALTH INFORMATICS CENTRE - UNIVERSITY OF DUNDEE,Walker Study Data,Not Rated,47.65,19.46,24.16
3a51b861-026d-45ed-abe6-30d9cc07b516,ALLIANCE > HQIP,Epilepsy 12 - clinical audit,Not Rated,51.68,30.2,26.85
7f125091-12ba-464d-af7d-9a88179b0b95,ALLIANCE > HQIP,Epilepsy 12 - National organisational audit (service descriptor questionnaire) and Trust profile,Not Rated,50.34,30.2,29.53
6efbc62f-6ebb-4f18-959b-1ec6fd0cc6fb,ALLIANCE > HQIP,Epilepsy 12 - Patient Reported Experience Measure,Not Rated,51.68,30.2,26.85
237e724d-03b2-478c-a92d-85a1baa6ae53,ALLIANCE > HQIP,Falls and Fragility Fracture Audit Programme Fracture Liaison Service Database clinical dataset,Not Rated,50.34,30.2,29.53
430331ef-fa66-485b-b090-e4e83def9136,ALLIANCE > HQIP,Falls and Fragility Fracture Audit Programme National Audit of Inpatient Falls clinical dataset,Not Rated,50.34,30.2,29.53
9c0f13ca-5831-4d9b-860a-7d856be7a9f1,ALLIANCE > HQIP,Falls and Fragility Fracture Audit Programme National Hip Database clinical dataset,Not Rated,50.34,30.2,29.53
2dbd2e38-a4bb-4f8c-b401-ebec10f0d89e,ALLIANCE > HQIP,Falls and Fragility Fracture Audit Programme National Hip Database Facilities Survey 2019,Not Rated,50.34,30.2,29.53
f82b8ca5-5a52-4502-bf78-cfbb718cbe2f,ALLIANCE > HQIP,"Maternal, Newborn and Infant Clinical Outcome Review Programme - perinatal surveillance dataset",Not Rated,50.34,30.2,29.53
7dc319da-a16f-4e63-a115-0cba3905a322,ALLIANCE > HQIP,National Asthma and COPD Audit Programme (NACAP): Adult Asthma secondary care clinical dataset,Not Rated,50.34,30.2,29.53
1a0af437-ec80-4db7-9c76-a2418cc8c5c8,ALLIANCE > HQIP,National Asthma and COPD Audit Programme (NACAP): COPD secondary care clinical dataset,Not Rated,50.34,30.2,29.53
a895be78-f41c-40b8-b2fa-678a071a6427,ALLIANCE > HQIP,National Asthma and COPD Audit Programme (NACAP): primary care workstream resources,Not Rated,50.34,30.2,29.53
0bb202c7-80e8-4532-8042-1351576e6c94,ALLIANCE > HQIP,National Asthma and COPD Audit Programme (NACAP): Pulmonary rehabilitation - clinical audit,Not Rated,50.34,30.2,29.53
91479cbf-664e-4782-8514-a3247bb5c4f4,ALLIANCE > HQIP,National Asthma and COPD Audit Programme (NACAP): Pulmonary rehabilitation - organisational audit,Not Rated,50.34,30.2,29.53
278c3fb2-6b1e-46db-a529-9fc7ddaf4461,ALLIANCE > HQIP,National Asthma and COPD Audit Programme (NACAP): secondary care workstream – children and young people asthma (clinical),Not Rated,50.34,30.2,29.53
76ec0282-02e0-4fff-b016-76bc6ffcb784,ALLIANCE > HQIP,National Asthma and COPD Audit Programme (NACAP): secondary care workstream – children and young people asthma (organisational),Not Rated,50.34,30.2,29.53
9beca627-12cd-4231-8638-93cf0bdfa413,ALLIANCE > HQIP,National Asthma and COPD Audit Programme (NACAP):COPD and adult asthma secondary care organisational dataset,Not Rated,53.02,27.52,21.48
cabb1db1-ee3e-42ce-a40b-468282e2011d,ALLIANCE > HQIP,National Audit of Care at the End of Life - case note review,Not Rated,51.68,30.2,26.85
535fbfd4-34f0-436d-8de2-e708fd0fa103,ALLIANCE > HQIP,National Audit of Care at the End of Life - organisational level audit,Not Rated,51.68,30.2,26.85
aeb2f1ea-c914-4b30-94c8-9fd3eb51b288,ALLIANCE > HQIP,National Audit of Care at the End of Life - Quality Survey,Not Rated,51.68,30.2,26.85
11571357-b9fc-45ed-ab40-3bb3d7443245,ALLIANCE > HQIP,National Audit of Dementia Round 4 - carer experience survey,Not Rated,51.68,30.2,26.85
304430ff-0aff-4d36-91e5-94be251a409a,ALLIANCE > HQIP,National Audit of Dementia Round 4 - casenote audit,Not Rated,51.68,30.2,26.85
64a0ba4d-776c-4979-a4b0-1f1fb6b61c85,ALLIANCE > HQIP,National Audit of Dementia Round 4 - organisational checklist,Not Rated,51.68,30.2,26.85
82665c1e-df7f-4136-a05f-0826533149e5,ALLIANCE > HQIP,National Audit of Dementia Round 4 - staff questionnaire,Not Rated,51.68,30.2,26.85
7fab080b-6e2a-4c82-a5e5-daf99c70662a,ALLIANCE > HQIP,"National Audit of Dementia - spotlight audit on the prescription of psychotropic medication, 2019",Not Rated,50.34,30.2,29.53
18603ae7-a056-4fd6-a3e5-d32a2440dd26,ALLIANCE > HQIP,National Audit of Psychosis - Audit on Early Intervention in Psychosis services - case note audit,Not Rated,50.34,30.2,29.53
c5994fae-9c4a-47eb-ba42-85bd76e92879,ALLIANCE > HQIP,National Audit of Psychosis - Audit on Early Intervention in Psychosis services - contextual data,Not Rated,50.34,30.2,29.53
50631db6-126e-4b3a-8035-444b66ba4afa,ALLIANCE > HQIP,National Audit of Psychosis - Audit on Early Intervention in Psychosis services -  patient experience survey,Not Rated,50.34,30.2,29.53
78d25670-9d20-4eb7-a79a-f29e53cc981f,ALLIANCE > HQIP,National Audit of Psychosis - Early Intervention Psychosis Audit patient experience survey,Not Rated,50.34,30.2,29.53
9a4ef776-6b4b-40cd-9c88-cbf1128780e9,ALLIANCE > HQIP,National Bowel Cancer Audit - clinical dataset,Not Rated,50.34,30.2,29.53
de19b3ea-2600-4472-85e8-628e7beff76e,ALLIANCE > HQIP,National Bowel Cancer Audit -  Organisational Survey dataset,Not Rated,50.34,30.2,29.53
395262e7-9846-4d9d-a288-8b0ebea782b9,ALLIANCE > HQIP,National Cardiac Audit Programme - Cardiac Rhythm Management (CRM),Not Rated,51.68,30.2,26.85
04b1648d-eeb7-4072-8dd2-806c3ae4e20d,ALLIANCE > HQIP,National Cardiac Audit Programme - Myocardial Ischaemia National Audit Project (MINAP),Not Rated,50.34,30.2,29.53
faf7ec31-999a-4d87-9d6d-8837ff2fa486,ALLIANCE > HQIP,National Cardiac Audit Programme - National Adult Cardiac Surgery Audit (NACSA),Not Rated,51.68,30.2,26.85
1da704e3-f5ee-4614-8880-10541637a0b7,ALLIANCE > HQIP,National Cardiac Audit Programme - National Audit of Percutaneous Coronary Interventions (PCI),Not Rated,50.34,30.2,29.53
46e4c3ba-dae2-453d-832a-88ea603110f1,ALLIANCE > HQIP,National Cardiac Audit Programme - National Congenital Heart Disease Audit (NCHDA),Not Rated,50.34,30.2,29.53
efbb3bf4-834b-417e-b002-03fc41715e58,ALLIANCE > HQIP,National Cardiac Audit Programme - National Heart Failure Audit,Not Rated,51.68,30.2,26.85
61cf3b8d-5a1b-4241-aaac-89599bf17ab6,ALLIANCE > HQIP,National Clinical Audit of Anxiety and Depression - Core audit of practice,Not Rated,51.68,30.2,26.85
cf3f4336-e52d-4b82-8cc5-647dedaaee57,ALLIANCE > HQIP,National Clinical Audit of Anxiety and Depression - spotlight audit on psychological therapies (clinical),Not Rated,50.34,30.2,29.53
3e89692b-7aa2-49d6-b802-82921bd7e006,ALLIANCE > HQIP,National Clinical Audit of Anxiety and Depression - spotlight audit on psychological therapies (patient experience survey),Not Rated,50.34,30.2,29.53
59bc96f9-69b7-4763-81a8-ec4695b6b55e,ALLIANCE > HQIP,National Clinical Audit of Anxiety and Depression - spotlight audit on psychological therapies (therapist survey),Not Rated,50.34,30.2,29.53
92d95f82-50a5-4df9-914a-ca26b14cf84c,ALLIANCE > HQIP,National Diabetes Audit - Core Clinical Audit dataset,Not Rated,51.68,30.2,26.85
6b53f274-c927-4b8f-bcc3-1d85fabf16ee,ALLIANCE > HQIP,National Diabetes Audit - National Diabetes Foot Care Audit clinical dataset,Not Rated,51.68,30.2,26.85
858c517e-8ce3-4059-9326-d158489e48d1,ALLIANCE > HQIP,National Diabetes Audit - National Diabetes in Pregnancy clinical Audit dataset,Not Rated,51.68,30.2,26.85
f69d1b15-a0b4-461a-8aff-dba56da0791f,ALLIANCE > HQIP,National Diabetes Inpatient Audit - Harms clinical dataset,Not Rated,51.68,30.2,26.85
2c53d1f7-4540-4c57-8e93-8115b8abc6a9,ALLIANCE > HQIP,National Diabetes Inpatient Audit Hospital Characteristics Survey dataset,Not Rated,51.68,30.2,26.85
875999d5-f5ed-4136-ac20-b20f1abe27dd,ALLIANCE > HQIP,National Early Inflammatory Arthritis Audit - clinical dataset,Not Rated,51.68,30.2,26.85
cbda5643-96b7-4914-b990-a872e693ff29,ALLIANCE > HQIP,National Early Inflammatory Arthritis Audit - organisational survey dataset,Not Rated,51.68,30.2,26.85
a05443cd-e292-4b5f-b1f1-95718e300d46,ALLIANCE > HQIP,National Early Inflammatory Arthritis Audit - patient survey,Not Rated,51.68,30.2,26.85
3f299029-3126-4ce0-893c-4a759cbe90b1,ALLIANCE > HQIP,National Emergency Laparotomy Audit - Patient Audit Dataset,Not Rated,51.68,30.2,26.85
e38c8d6c-8655-4432-b654-23f89c0bb495,ALLIANCE > HQIP,National Joint Registry - Primary Ankle Replacement dataset,Not Rated,51.68,30.2,26.85
0092dc60-a0af-4d45-801c-b888210d6609,ALLIANCE > HQIP,National Joint Registry - Primary Elbow Replacement dataset,Not Rated,51.68,30.2,26.85
7038a67d-34ca-4754-a50f-41aa2849db69,ALLIANCE > HQIP,National Joint Registry - Primary Hip Replacement dataset,Bronze,67.79,60.4,24.83
f4915e4b-639c-45ae-9b0f-afab547e1104,ALLIANCE > HQIP,National Joint Registry - Primary Knee Replacement dataset,Bronze,67.79,60.4,24.83
fe4662ad-9080-4bd8-8de4-51195d275d5b,ALLIANCE > HQIP,National Joint Registry - Primary Shoulder Replacement dataset,Not Rated,51.68,30.2,26.85
2c0e04bc-2f16-4903-90dc-c9d57ab40efb,ALLIANCE > HQIP,National Joint Registry - Revision Ankle Replacement dataset,Not Rated,51.68,30.2,26.85
6d1b9b23-1197-4857-9b17-9e26cb0633e8,ALLIANCE > HQIP,National Joint Registry - Revision Elbow Replacement dataset,Not Rated,50.34,30.2,29.53
12c5b83c-6e4a-442e-b6c2-2f6b7165fe6b,ALLIANCE > HQIP,National Joint Registry - Revision Hip Replacement dataset,Not Rated,51.68,30.2,26.85
23330792-fe18-4331-a101-b246657a03ae,ALLIANCE > HQIP,National Joint Registry - Revision Knee Replacement dataset,Not Rated,51.68,30.2,26.85
bddcc89d-028f-48a5-b568-7dccd574563b,ALLIANCE > HQIP,National Joint Registry - Revision Shoulder Replacement dataset,Not Rated,51.68,30.2,26.85
f806fe65-79aa-4843-bc56-a08bf14ffcec,ALLIANCE > HQIP,National Maternity and Perinatal Audit clinical audit,Not Rated,51.68,30.2,26.85
600be397-211b-4f65-9f82-e85f4393fb8a,ALLIANCE > HQIP,National Maternity and Perinatal Audit Organisational Survey 2019,Not Rated,51.68,30.2,26.85
4271bc64-b139-40b0-98de-5f2e94e2d026,ALLIANCE > HQIP,National Neonatal Audit Programme - 2 year outcomes audit,Not Rated,51.68,30.2,26.85
0d89c503-1c79-4e2a-baf6-02f12e68805b,ALLIANCE > HQIP,National Neonatal Audit Programme - clinical audit,Not Rated,51.68,30.2,26.85
e10660af-b420-4e25-8fc9-ea451da1dcfb,ALLIANCE > HQIP,National Oesophago-Gastric Cancer Audit - clinical dataset,Not Rated,51.68,30.2,26.85
5ea9c568-b850-4589-bcbb-6ee0cfd322cd,ALLIANCE > HQIP,National Paediatric Diabetes Audit - core clinical dataset (care processes and outcomes),Bronze,69.8,59.06,19.46
fe872375-2401-4de1-9650-d4139cf5793a,ALLIANCE > HQIP,National Paediatric Diabetes Audit - Parent and Patient Recorded Experience measures,Bronze,64.77,57.05,27.52
4b71fca4-8b2c-4e37-8996-b64a9c1450f0,ALLIANCE > HQIP,National Paediatric Diabetes Audit - Spotlight survey of diabetes-related technologies,Not Rated,50.34,30.2,29.53
3a9ab245-5fcc-49a0-ae58-12ebab9b0053,ALLIANCE > HQIP,National Paediatric Diabetes Audit - Spotlight survey of workforce in Paediatric Diabetes Units,Not Rated,50.34,30.2,29.53
da4d3e21-3d81-49e9-ada0-6175e2341190,ALLIANCE > HQIP,National Vascular Registry -  Abdominal Aortic Aneurysm Repair clinical dataset,Not Rated,51.68,30.2,26.85
ddc965e7-6f52-4eed-bed5-657e3e7bbeac,ALLIANCE > HQIP,National Vascular Registry Audit Carotid Endarterectomy Clinical Dataset,Not Rated,51.68,30.2,26.85
12690263-f5d3-435b-9582-de1a88064e1e,ALLIANCE > HQIP,National Vascular Registry Audit Carotid Lower Limb Amputation clinical dataset,Not Rated,51.68,30.2,26.85
47bec08b-57b7-450e-9be7-af19bab99b58,ALLIANCE > HQIP,National Vascular Registry Audit - Lower Limb Bypass clinical dataset,Not Rated,51.68,30.2,26.85
5536b00a-fb31-4e91-9bd8-e7f774974846,ALLIANCE > HQIP,National Vascular Registry - Lower Limb Angioplasty clinical dataset,Not Rated,51.68,30.2,26.85
4678a81d-dfb6-478a-a373-d5510866b3d0,ALLIANCE > HQIP,National Vascular Registry - Organisational Audit dataset,Not Rated,51.68,30.2,26.85
0217114b-6847-4aae-9d76-4d52acea2bcc,ALLIANCE > HQIP,Paediatric Intensive Care Audit Network - core dataset (admission),Not Rated,51.68,30.2,26.85
148a3896-e4ed-48ef-8643-48df726041e1,ALLIANCE > HQIP,Paediatric Intensive Care Audit Network - core dataset (referral),Not Rated,51.68,30.2,26.85
0a418d30-c13c-404a-9f4c-39334d889b9c,ALLIANCE > HQIP,Paediatric Intensive Care Audit Network - core dataset (transport),Not Rated,51.68,30.2,26.85
09586db0-4da4-47f8-9434-13cbd2da2bb9,ALLIANCE > HQIP,Paediatric Intensive Care Audit Network - customised data collection,Not Rated,51.68,30.2,26.85
c3d84dfa-fe3a-4b86-a0f5-efbe45aa93ad,ALLIANCE > HQIP,Sentinel Stroke National Audit Programme Acute Organisational survey dataset,Not Rated,51.68,30.2,26.85
d3673b75-ec8f-4c2e-8c9b-6ef1d951f978,ALLIANCE > HQIP,Sentinel Stroke National Audit Programme Clinical Dataset,Not Rated,51.68,30.2,26.85
6959639d-5bd2-4b53-918e-8f56784b2870,HUB > INSIGHT,Moorfields Eye Image Dataset Release 001,Gold,84.56,83.22,14.09
94351432-da7e-4d44-97eb-4359d45e0240,HUB > INSIGHT,UHB Eye Image Dataset Release 001,Bronze,61.74,53.69,30.2
9a85b69e-fd3e-4522-bc68-48024df0ea3e,ALLIANCE > ISARIC 4C,COVID-19 Clinical Information Network (CO-CIN),Platinum,91.28,85.23,2.68
00a00000-a0a0-0000-a000-aa00000a00a0,OTHER > MDWTest,MetadataWorks 2.1 Test Datamodel,Platinum,97.32,94.63,0.0
f89af2f4-e3cd-4eaa-835d-94aa347d8a92,ALLIANCE > NEONATAL DATA ANALYSIS UNIT - IMPERIAL COLLEGE LONDON,National Neonatal Research Database,Gold,85.91,77.86,6.04
3935e2fd-0c30-4f56-8388-45a02e0499b4,ALLIANCE > NHS DIGITAL,Bridge file: Hospital Episode Statistics to Diagnostic Imaging Dataset,Silver,73.49,55.7,8.72
8d3f80d4-aeae-46f0-809b-cd6c51e24f75,ALLIANCE > NHS DIGITAL,Bridge file: Hospital Episode Statistics to Mental Health Minimum Data Set,Silver,73.49,55.7,8.72
bc30732b-32cb-4f66-8794-e6e6691c79e7,ALLIANCE > NHS DIGITAL,Cancer Registration Data,Silver,71.48,43.62,0.67
8e66e623-2859-4a65-93d7-abd41e139976,ALLIANCE > NHS DIGITAL,Community Services Data Set,Silver,77.52,63.09,8.05
511f73b6-5181-408d-ae40-69b0ef70e732,ALLIANCE > NHS DIGITAL,COVID-19 SARI-Watch (formerly CHESS),Platinum,95.3,90.6,0.0
31fd27d5-c08d-49c3-b7f1-0af71ad219aa,ALLIANCE > NHS DIGITAL,Covid-19 Second Generation Surveillance System,Platinum,95.3,90.6,0.0
c28e4dc6-3956-4bbe-bb10-50bcfc3bba28,ALLIANCE > NHS DIGITAL,Covid-19 UK Non-hospital Antibody Testing Results,Platinum,95.3,90.6,0.0
744ab66e-8430-475a-a385-451347d9fc8a,ALLIANCE > NHS DIGITAL,Covid-19 UK Non-hospital Antigen Testing Results,Platinum,95.64,91.28,0.0
f56d5407-4a7e-420e-8479-87b075da2b39,ALLIANCE > NHS DIGITAL,GPES Data for Pandemic Planning and Research (COVID-19),Platinum,95.97,91.95,0.0
86d7088b-7a15-4e9a-b2b0-857a67e04650,ALLIANCE > NHS DIGITAL,HES:Civil Registration (Deaths) bridge,Not Rated,54.7,36.91,27.52
cef00323-8756-4ea5-99e4-f12dcb2c6297,ALLIANCE > NHS DIGITAL,Improving Access to Psychological Therapies Data Set,Bronze,63.09,50.34,24.16
7b002523-ab79-42de-bc93-6c73e3cc2921,ALLIANCE > NHS DIGITAL,Medicines dispensed in Primary Care (NHSBSA data),Platinum,92.95,88.59,2.68
4262e057-6978-4e4c-a05d-c4f328422090,ALLIANCE > NHS DIGITAL,Mental Health and Learning Disabilities Data Set,Not Rated,53.36,36.91,30.2
c713773c-e961-400e-b44a-947002deb073,ALLIANCE > NHS DIGITAL,Mental Health & Learning Disabilities Dataset v 1 (Non-Sensitive) Episodes,Silver,72.15,53.02,8.72
0fc61ace-397d-4489-9e62-77f88082e775,ALLIANCE > NHS DIGITAL,Mental Health & Learning Disabilities Dataset v 1 (Non-Sensitive) Events,Silver,72.15,55.7,11.41
7aa02796-787a-42c2-b97e-d008fa77e4b8,ALLIANCE > NHS DIGITAL,Mental Health & Learning Disabilities Dataset v 1 (Non-Sensitive) Records,Silver,72.15,55.7,11.41
8226b6fa-d815-4f15-9064-b56beb0fddb1,ALLIANCE > NHS DIGITAL,Mental Health & Learning Disabilities Dataset v 1 (Sensitive) Episodes,Silver,72.15,55.7,11.41
bdc17b2c-8b0f-4959-ab9b-e2de32d8a5f9,ALLIANCE > NHS DIGITAL,Mental Health & Learning Disabilities Dataset v 1 (Sensitive) Events,Silver,72.15,55.7,11.41
2a725f9d-c4a9-4c89-aa37-b3c25cc83389,ALLIANCE > NHS DIGITAL,Mental Health & Learning Disabilities Dataset v 1 (Sensitive) Records,Silver,72.15,55.7,11.41
acafb160-b18a-436e-90f1-dc4530a90267,ALLIANCE > NHS DIGITAL,Mental Health Minimum Data Set,Not Rated,53.36,36.91,30.2
895e5c2f-e484-4d08-91c6-35ac2f85c231,ALLIANCE > NHS DIGITAL,Mental Health Minimum Dataset v2.6 (Non-Sensitive),Silver,72.15,55.7,11.41
263f28a4-9835-4856-b1c3-0a0d4085f207,ALLIANCE > NHS DIGITAL,Mental Health Minimum Dataset v2.6 (Sensitive),Silver,72.15,55.7,11.41
aa019da2-0f2f-493c-95e8-7263ee735f46,ALLIANCE > NHS DIGITAL,Mental Health Minimum Dataset v3_3.5 (Non-Sensitive),Silver,72.15,55.7,11.41
36047c5f-7d57-4d25-a114-2bcc6c11708f,ALLIANCE > NHS DIGITAL,Mental Health Minimum Dataset v3_3.5 (Sensitive),Silver,72.15,55.7,11.41
b53f716d-a5c3-4ad8-a2aa-cae09c12ac18,ALLIANCE > NHS DIGITAL,Mental Health Minimum Dataset v4.1 (Non-Sensitive) Episodes,Silver,70.81,53.02,11.41
a1a67182-e81b-4144-ac51-92a86f277eb2,ALLIANCE > NHS DIGITAL,Mental Health Minimum Dataset v4.1 (Non-Sensitive) Events,Silver,72.15,55.7,11.41
c97b8058-a6a4-4c8d-92e1-6e9f4cddd301,ALLIANCE > NHS DIGITAL,Mental Health Minimum Dataset v4.1 (Non-Sensitive) Records,Silver,72.15,55.7,11.41
78fe2e13-7f40-406f-a584-04909d0ce060,ALLIANCE > NHS DIGITAL,Mental Health Minimum Dataset v4.1 (Sensitive) Episodes,Silver,72.15,55.7,11.41
db113fcd-69a0-4357-9c6d-250085deb3f5,ALLIANCE > NHS DIGITAL,Mental Health Minimum Dataset v4.1 (Sensitive) Events,Silver,72.15,55.7,11.41
cc383a3f-1c47-4b7d-99cf-be8ee0afe401,ALLIANCE > NHS DIGITAL,Mental Health Minimum Dataset v4.1 (Sensitive) Records,Silver,72.15,55.7,11.41
263ad0a8-ae90-4c1d-85d6-c3d2470eb2b7,ALLIANCE > NHS DIGITAL,Mental Health Minimum Dataset v4 (Non-Sensitive) Episodes,Silver,72.15,55.7,11.41
ba071b0b-5ef4-457b-b194-3a69c2c71a06,ALLIANCE > NHS DIGITAL,Mental Health Minimum Dataset v4 (Non-Sensitive) Events,Silver,72.15,55.7,11.41
ff2c6982-00f3-4483-9fc2-19b3a7211d8d,ALLIANCE > NHS DIGITAL,Mental Health Minimum Dataset v4 (Non-Sensitive) Records,Silver,72.15,55.7,11.41
0e6e6ed5-ab81-4d7f-b06a-768bf33357ca,ALLIANCE > NHS DIGITAL,Mental Health Minimum Dataset v4 (Sensitive) Episodes,Silver,72.15,55.7,11.41
46493a09-b3bb-4c0e-b944-82665ee21508,ALLIANCE > NHS DIGITAL,Mental Health Minimum Dataset v4 (Sensitive) Events,Silver,72.15,55.7,11.41
97fa09e6-5ea5-41cd-baf8-20366db13a3f,ALLIANCE > NHS DIGITAL,Mental Health Minimum Dataset v4 (Sensitive) Records,Silver,72.15,55.7,11.41
0c98200b-48b5-418a-b8d0-a7708abc1f39,ALLIANCE > NHS DIGITAL,Mental Health Services Data Set - Community,Not Rated,53.36,36.91,30.2
9b7f7994-0b9c-4809-b67d-45ae1f04ec5c,ALLIANCE > NHS DIGITAL,Mental Health Services Data Set - Currencies,Not Rated,53.36,36.91,30.2
8eace3c2-1dc8-4708-9350-ad129b7d2bc9,ALLIANCE > NHS DIGITAL,Mental Health Services Data Set - Inpatients,Not Rated,53.36,36.91,30.2
1d5e3b05-8ce3-4f80-ae3a-f6031ad8cf69,ALLIANCE > NHS DIGITAL,Mental Health Services Data Set - Service Users,Not Rated,53.36,36.91,30.2
d2af6a29-291b-4444-a17c-40f4208f1e1b,ALLIANCE > NHS DIGITAL,Patient Reported Outcome Measures,Not Rated,45.97,24.83,32.89
2259bbdf-86e0-4107-801b-69dcb25b45b5,ALLIANCE > NHS DIGITAL,Secondary Uses Services Payment By Results,Platinum,95.64,91.28,0.0
e09ddabc-b0b9-4f9d-af32-97293e0e6cb7,HUB > NHS DIGITRIALS,Civil Registration - Deaths,Platinum,92.62,87.92,2.68
c2f15f59-8e0d-4e90-9277-342497a6d961,HUB > NHS DIGITRIALS,Diagnostic Imaging Dataset,Platinum,92.95,88.59,2.68
512ab154-41e9-4231-9091-67814123e964,HUB > NHS DIGITRIALS,Hospital Episode Statistics Accident and Emergency,Platinum,90.94,87.25,5.37
4a813fda-a3c4-422e-9d11-c031ebc1f74f,HUB > NHS DIGITRIALS,Hospital Episode Statistics Admitted Patient Care,Platinum,91.28,87.92,5.37
f0392b68-5075-4557-adaa-2fb24b5dec4d,HUB > NHS DIGITRIALS,Hospital Episode Statistics Critical Care,Platinum,92.62,87.92,2.68
5fffe53e-10bb-4d90-a5f6-fbac20c5ab9a,HUB > NHS DIGITRIALS,Hospital Episode Statistics Outpatients,Platinum,91.28,87.92,5.37
d612e29a-c26a-4512-99d4-548514b60c76,HUB > NHS DIGITRIALS,Mental Health Services Data Set,Platinum,95.3,90.6,0.0
54b52301-d0be-4441-8b84-8c521fe8946d,HUB > NHS DIGITRIALS,MSDS (Maternity Services Data Set),Platinum,92.62,87.92,2.68
aafe3a2f-c0f3-44f2-b50e-d1120d5f2e93,HUB > NHS DIGITRIALS,National Diabetes Audit,Platinum,92.62,87.92,2.68
caf619c9-3e9c-4873-a7ba-c0df8f4a62c2,HUB > NHS DIGITRIALS,Personal Demographic Service,Platinum,95.3,90.6,0.0
8c13e03e-b9d2-4b04-8b98-097643a6beaf,ALLIANCE > NHSX,The National COVID-19 Chest Imaging Database,Platinum,93.29,89.93,3.36
f1d3b068-7dd0-4a28-bd64-3519dd104eb6,ALLIANCE > NIHR BIORESOURCE,Case report form,Gold,87.25,83.22,8.72
89e57932-ac48-48ac-a6e5-29795bc38b94,ALLIANCE > NIHR BIORESOURCE,Consent records,Gold,83.22,75.17,8.72
62fc43ed-1198-4769-ad39-a0bc2c05fd47,ALLIANCE > NIHR BIORESOURCE,Contact detail,Gold,85.91,77.85,6.04
6ecc2cb0-3b9b-47fc-9c80-78da44f070ef,ALLIANCE > NIHR BIORESOURCE,Demographic,Gold,85.91,77.85,6.04
9ccfde56-dd13-4606-a6c1-1e797d3b8d82,ALLIANCE > NIHR BIORESOURCE,Full Blood Counts,Not Rated,51.68,30.2,26.85
d7ec9584-cba3-46f9-9ef4-b1cb9eef2e7c,ALLIANCE > NIHR BIORESOURCE,Health and Lifestyle Questionnaire,Gold,85.91,77.85,6.04
004d1932-f06e-49d2-b87a-e5e4140ffbb3,ALLIANCE > NIHR BIORESOURCE,Metabolite data,Not Rated,51.68,30.2,26.85
de1179eb-89fe-45a3-9e3c-e54a2a36ebf0,ALLIANCE > NIHR BIORESOURCE,NHS Digital data,Not Rated,47.65,24.83,29.53
8783d7d2-2b89-44cc-bbc6-645e5483e2fe,ALLIANCE > NIHR BIORESOURCE,NHS Trust data,Not Rated,51.68,30.2,26.85
07abf678-a2c0-4d8b-8d25-8b9f180f9ff2,ALLIANCE > NIHR BIORESOURCE,Returned datasets,Not Rated,47.65,19.46,24.16
9bfcf24b-5b13-4997-9062-6c58583e69cd,ALLIANCE > NIHR BIORESOURCE,Sample holding,Gold,85.91,77.85,6.04
f7c563c0-9625-47be-a070-c121fe734f3c,ALLIANCE > NIHR BIORESOURCE,SNP chip data,Gold,81.88,75.17,11.41
f1a85970-bddc-499b-92e9-783706c60995,ALLIANCE > NIHR BIORESOURCE,SNP imputation data,Not Rated,54.36,27.52,18.79
8e32341b-ebad-4e10-8f2b-60b0b5b0ef4c,ALLIANCE > NIHR BIORESOURCE,Whole Genome Sequencing,Not Rated,50.34,30.2,29.53
844f3be0-f50d-4a88-9783-0928ad1c2aad,ALLIANCE > NIHR Health Informatics Collaborative Cardiovascular Theme,HIC Acute Coronary Syndromes,Gold,84.56,80.54,11.41
b40777a2-468b-4b45-8b7d-2f62f912e950,ALLIANCE > NIHR Health Informatics Collaborative Critical Care Theme,HIC ICU 8.3.2,Gold,84.56,80.54,11.41
a0e0c0c2-072a-47ac-9252-e27b37ac024f,ALLIANCE > NIHR Health Informatics Collaborative Renal Transplantation Theme,HIC Transplantation,Gold,82.89,79.87,14.09
73f54071-62bf-48f5-8be1-569208b18ab8,ALLIANCE > NIHR Health Informatics Collaborative Viral Hepatitis Theme,HIC Hepatitis v2,Gold,84.56,80.54,11.41
39537838-164a-4aee-8859-957f0a347390,OTHER > Office for National Statistics,Business Impact of COVID-19 Survey (BICS),Silver,73.49,63.09,16.11
62087504-c04e-4382-9c71-e1c9b83d2d5e,OTHER > Office for National Statistics,Census 2011 E&W - Household structure for COVID-19 models,Platinum,93.29,86.58,0.0
5aa849d6-cff2-4515-8510-f5472b07955d,OTHER > Office for National Statistics,Coronavirus and the social impacts on Great Britain,Bronze,69.13,57.72,19.46
90ad6023-6c7f-4605-9323-b478a27c3c9a,OTHER > Office for National Statistics,Covid-19 Infection Survey,Platinum,93.29,86.58,0.0
9f34263d-ea74-4ddf-84df-b8dedd4baf6d,OTHER > Office for National Statistics,Death registration data - Provisional Monthly Extracts,Silver,75.84,67.79,16.11
08fd6103-be40-4380-9399-aecaeb216d33,OTHER > Office for National Statistics,Labour Force Survey (Household),Not Rated,51.68,33.56,30.2
697040c3-b26e-406d-b675-441b32cc1a53,OTHER > Office for National Statistics,Labour Force Survey (Longitudinal),Not Rated,54.36,36.24,27.52
73ba9de7-67fe-4728-b397-bc5fb1d67df1,OTHER > Office for National Statistics,Labour Force Survey (Person),Not Rated,54.36,36.24,27.52
1bfdab55-3e6a-4b26-bff1-0105ad416cea,OTHER > Office for National Statistics,Linked Census and death occurrences,Platinum,91.73,83.68,0.22
172242ce-a1c5-4915-9c71-686f6e7d5789,ALLIANCE > OUH,ARIA Medonc,Not Rated,44.63,19.46,30.2
5e022f8f-4d07-44bb-a87c-43e31200fe1e,ALLIANCE > OUH,ARIA Radonc,Not Rated,44.63,19.46,30.2
fc7b44f0-eb69-4257-8c07-7516c1210c46,ALLIANCE > OUH,CellPath,Not Rated,44.63,19.46,30.2
84de0d13-f5bd-4c22-83d3-e1adb00d5a72,ALLIANCE > OUH,CRIS,Not Rated,44.63,19.46,30.2
40573895-497b-4d47-90e1-6aafe70b93f6,ALLIANCE > OUH,Endobase,Not Rated,44.63,19.46,30.2
72fe91de-b0c0-423a-ad68-bd7067b20ad8,ALLIANCE > OUH,Infoflex Cancer Registry,Not Rated,44.63,19.46,30.2
d3fd4dac-2d15-401c-8185-905ee108d9ce,ALLIANCE > OUH,JANUS,Not Rated,44.63,19.46,30.2
a74f72ad-bf70-42e4-8933-069c7b53c7f9,ALLIANCE > OUH,LIMS,Not Rated,44.63,19.46,30.2
0711cc7e-80d5-4781-a1ab-2637ea176ceb,ALLIANCE > OUH,Millennium Clinical Events,Not Rated,44.63,19.46,30.2
d57a096a-4fa3-4529-b508-0b9df0f1893c,ALLIANCE > OUH,OUH Patient Master Index,Not Rated,44.63,19.46,30.2
0477b06f-cbed-4949-982e-ce248a47ed1a,ALLIANCE > OUH,SOLUS,Not Rated,44.63,19.46,30.2
eaca9ed1-30b6-4157-8894-8e53efc84849,ALLIANCE > OUH,Sunquest,Not Rated,44.63,19.46,30.2
bf83ada4-b72e-4789-b177-12a53aa763ea,ALLIANCE > OUH,TheatreEvents,Not Rated,43.29,19.46,32.89
d546521a-79be-4a53-83bd-ff008bda6171,HUB > PIONEER,Birmingham Out of Hours Research Database,Not Rated,51.68,30.2,26.85
cce4a8d0-4110-4490-8ffa-485d059b7dcf,HUB > PIONEER - HDR-UK Health data Hub in Acute Care,Clinical response thresholds (acuity) in acutely unwell patients: onset-outcome,Platinum,91.95,83.89,0.0
b095d7ad-5fac-4279-94b0-3c0b0c260acf,HUB > PIONEER,"Deeply-phenotyped hospital COVID patients: severity, acuity, therapies, outcomes",Platinum,91.95,86.58,2.68
a4109f11-4ece-4173-bd12-689616c24b88,HUB > PIONEER - HDR-UK Health data Hub in Acute Care,"Deeply phenotyped sepsis patients within hospital: onset, treatments & outcomes",Platinum,91.95,83.89,0.0
bf607b38-bedf-4bda-a3ce-e6b1bb68d1df,HUB > PIONEER,"OMOP dataset: Hospital COVID patients: severity, acuity, therapies, outcomes",Platinum,91.95,86.58,2.68
546e8f9d-80b4-488c-8750-5116555ee3e3,HUB > PIONEER,PIONEER 100K Genomics patient clinical data including their acute care contacts,Gold,88.26,84.56,8.05
f075ceb7-5bed-4e6b-8e83-211aee945356,HUB > PIONEER,Society for Acute Medicine Benchmarking Audit,Not Rated,50.34,30.2,29.53
9e965a9f-4213-43f3-9033-c7df1610ceb5,HUB > PIONEER,The impact of COVID on hospitalised patients with COPD; a dataset in OMOP,Platinum,94.63,89.26,0.0
22e14c8d-9d92-4437-b39b-f69f7b033d13,HUB > PIONEER,The impact of ethnicity and multi-morbidity on C19 hospitalised outcomes,Platinum,93.29,89.26,2.68
1d1244b6-aeeb-4655-b5a2-2357ed28227a,HUB > PIONEER,University Hospitals Birmingham PICS data,Not Rated,51.68,30.2,26.85
7c738c20-953f-4003-b972-4abc6e163efb,HUB > PIONEER,Ventilatory strategies and outcomes for patients with COVID: a dataset in OMOP,Platinum,93.29,86.58,0.0
79a7ad18-6941-4543-924a-787f2381f5e0,ALLIANCE > PUBLIC HEALTH ENGLAND,National Cancer Registration and Analysis Service,Gold,88.32,81.27,4.63
60a303b6-1ebf-466e-ab5c-db92ca7a13c4,ALLIANCE > PUBLIC HEALTH SCOTLAND,Child Health Systems Programme - 13-15 Month Review,Gold,83.56,73.15,6.04
4f721a52-b3cd-4594-9099-5185f80832c7,ALLIANCE > PUBLIC HEALTH SCOTLAND,Child Health Systems Programme - 27-30Months Review,Gold,82.21,73.15,8.72
995c0f8d-f5ef-470a-8ffe-6bdb956bdbc0,ALLIANCE > PUBLIC HEALTH SCOTLAND,Child Health Systems Programme - 4-5 year review,Gold,83.56,73.15,6.04
86b39921-f0d4-42be-8236-1808c215c06b,ALLIANCE > PUBLIC HEALTH SCOTLAND,Child Health Systems Programme - 6-8week review,Gold,83.56,73.15,6.04
12d23c2c-5f35-4f59-80e3-584636c7cacb,ALLIANCE > PUBLIC HEALTH SCOTLAND,Child Health Systems Programme - First Visit,Gold,83.89,73.83,6.04
4660884b-e40a-4251-ad19-40872641fa8c,ALLIANCE > PUBLIC HEALTH SCOTLAND,Child Health Systems Programme - School,Bronze,64.77,54.36,24.83
a3b9cfd3-abd1-4d18-99cc-360cd9d543c2,ALLIANCE > SCOTLAND,ECOSS (-/+VE tested patients only),Gold,89.49,82.78,3.8
2537007c-9e9e-4441-a0d1-59fa400566c5,ALLIANCE > SCOTLAND,General Acute Inpatient and Day Case - Scottish Morbidity Record (SMR01),Platinum,94.63,89.26,0.0
98babf8f-a557-410a-9075-640db283c9a3,ALLIANCE > PUBLIC HEALTH SCOTLAND,GP Out of Hours,Gold,83.89,73.83,6.04
824e20d9-217a-4028-bb49-91164edcca00,ALLIANCE > SCOTLAND,Maternity Inpatient and Day Case - Scottish Morbidity Record (SMR02),Platinum,94.63,89.26,0.0
bfc6e7c5-a81b-4fe2-95b5-d108a48d7d67,ALLIANCE > PUBLIC HEALTH SCOTLAND,Mental Health Inpatient and Day Case - Scottish Morbidity Record (SMR04),Platinum,94.63,89.26,0.0
7db1c8bd-8d99-4189-8510-e6bdb0e19219,ALLIANCE > PUBLIC HEALTH SCOTLAND,National Records of Scotland (NRS) - Births Data,Bronze,68.12,58.39,22.15
e61fce14-617d-4f7b-80aa-468d94c6d897,ALLIANCE > SCOTLAND,National Records of Scotland (NRS) - Deaths Data,Platinum,90.94,84.56,2.68
9328f206-db9a-4feb-9012-deab80cafd2e,ALLIANCE > PUBLIC HEALTH SCOTLAND,National Records of Scotland (NRS) - Stillbirth Data,Gold,83.22,75.17,8.72
80b54fc9-8dc0-4134-880d-ffa8d4473204,ALLIANCE > PUBLIC HEALTH SCOTLAND,NHS Scotland General Practice (GP) Contact Data - Subset,Platinum,90.93,84.55,2.7
d8043751-28d6-4cfe-b860-757e592ab3cb,ALLIANCE > SCOTLAND,Outpatient Appointments and Attendances - Scottish Morbidity Record (SMR00),Platinum,94.63,89.26,0.0
0b794715-53f3-422f-817a-92be3392c735,ALLIANCE > PUBLIC HEALTH SCOTLAND,Prescribing Information System (PIS),Platinum,94.97,92.62,2.68
380cbddb-e64e-42b9-a364-47c550262b6a,ALLIANCE > NHS Scotland,RAPID (Hospital Stay Level Data),Gold,87.58,80.54,5.37
5cffe432-21f9-44ba-b0fc-a6200115c21c,ALLIANCE > PUBLIC HEALTH SCOTLAND,Scotland Accident and Emergency,Platinum,94.63,89.26,0.0
4c1f6594-9ade-4e24-8e44-af9ecb73e231,ALLIANCE > PUBLIC HEALTH SCOTLAND,Scottish Birth Record (SBR),Silver,75.5,69.8,18.79
4481aab8-9b4f-43dd-9cd4-1e427561a2a5,ALLIANCE > PUBLIC HEALTH SCOTLAND,Scottish Cancer Registry (SMR06),Gold,86.58,76.51,3.36
e9d504fc-4b61-4419-a400-ffda998fc377,ALLIANCE > PUBLIC HEALTH SCOTLAND,Scottish Immunisation Recall System (SIRS),Bronze,66.11,54.36,22.15
2b06afa3-dfc7-424b-8b9a-9325df6cfc19,ALLIANCE > PUBLIC HEALTH SCOTLAND,Scottish Stillbirth and Infant Death Survey,Bronze,66.11,54.36,22.15
63f9444f-d23b-425c-9ee5-aa09968afa08,ALLIANCE > PUBLIC HEALTH SCOTLAND,SICSAG Daily (Scottish Intensive Care Audit Group),Platinum,94.97,89.93,0.0
3c9e8226-f12c-4824-9996-29a667b9609c,ALLIANCE > PUBLIC HEALTH SCOTLAND,SICSAG Episodes (Scottish Intensive Care Audit Group),Platinum,94.97,89.93,0.0
117aa9f5-db76-48f9-9dd2-19e2d00a1b45,ALLIANCE > PUBLIC HEALTH SCOTLAND,Unscheduled Care Datamart,Platinum,94.3,88.59,0.0
6b41863d-690e-492e-8034-303d56f12f22,ALLIANCE > RCGP,The Royal College of General Practitioners (RCGP) Research and Surveillance Centre (RSC) primary care sentinel network and database,Silver,78.81,74.78,17.17
15805559-2115-4822-b91f-635de36fb289,ALLIANCE > SAIL,Active Adult Survey,Platinum,95.97,94.63,2.68
3ab70331-aa54-4f0d-aa95-ea2b95bed9d5,ALLIANCE > SAIL,Annual District Birth Extract,Platinum,95.64,93.96,2.68
73867034-fe12-4d23-8d11-66da716dcb3d,ALLIANCE > SAIL,Annual District Death Daily,Platinum,95.64,93.96,2.68
03db4df3-f482-4bdd-a335-546ffffbeaab,ALLIANCE > SAIL,Annual District Death Extract,Platinum,95.64,93.96,2.68
05716e41-9842-4c07-8ddd-af9f9231e056,ALLIANCE > SAIL,Bowel Screening Wales,Platinum,95.64,93.96,2.68
fb4a069b-fd74-47b2-bbb1-9cde6b590d66,ALLIANCE > SAIL,Breast Test Wales,Platinum,95.64,93.96,2.68
a1e1ec62-d78c-40ac-9f90-66ef1dd865b2,ALLIANCE > SAIL,Brecon dataset,Platinum,95.64,93.96,2.68
8a5047c0-bbe5-4b81-a56e-f6e7c1f3a5d9,ALLIANCE > SAIL,Cafcass England,Platinum,95.97,94.63,2.68
3fceb952-0b21-40f4-bd69-fa5cd7ad7df9,ALLIANCE > SAIL,Cafcass Wales,Platinum,95.97,94.63,2.68
a45acd02-82d7-4bfe-9845-6b4df683bba8,ALLIANCE > SAIL,Care Home Dataset,Platinum,95.3,93.96,3.36
08846261-45f0-4bcf-9801-fe785dcef1c9,ALLIANCE > SAIL,Careers Wales dataset,Platinum,95.3,93.96,3.36
80e9c439-4909-4534-8bfe-6f01fdec7de7,ALLIANCE > SAIL,Cervical Screening Wales,Platinum,95.64,93.96,2.68
ea9fa5fb-928d-4736-8fbf-e3b58a49c6d6,ALLIANCE > SAIL,Children Receiving Care and Support Census,Platinum,95.3,93.96,3.36
38468759-3351-4722-9eeb-4c6dc9fa44ce,ALLIANCE > SAIL,Congenital Anomaly Register and Information Service,Platinum,95.97,94.63,2.68
c809126e-315b-4bcc-8fa3-741317bf9a4e,ALLIANCE > SAIL,COVID-19 Consolidated Deaths,Platinum,95.97,94.63,2.68
67ef8ade-51e6-4737-acee-be871751a698,ALLIANCE > SAIL,COVID-19 Shielded People list,Platinum,95.97,94.63,2.68
6325125b-6157-4c20-8bc0-54e2c45cf19b,ALLIANCE > SAIL,COVID-19 Symptom Tracker Dataset,Platinum,95.97,94.63,2.68
6f24a4b8-66ab-4ea7-aa8c-3be3d0b4abf1,ALLIANCE > SAIL,COVID-19 Test results,Platinum,95.97,94.63,2.68
67ae329c-f51e-4a28-9a1c-e35d2819a6c3,ALLIANCE > SAIL,Critical Care Dataset,Platinum,95.97,94.63,2.68
4b6d3344-e73a-4f46-8e9d-fabb85827772,ALLIANCE > SAIL,Daily Situation Report Data,Platinum,95.64,93.96,2.68
65c8a30c-de2c-47bf-87e4-18c86e75e54a,ALLIANCE > SAIL,Diagnostic and Therapy Services Waiting Times,Platinum,95.64,93.96,2.68
d2da2750-7482-4ce9-ae5c-2ab393408a67,ALLIANCE > SAIL,Education - Wales,Platinum,95.3,93.29,2.68
bd2d56db-f24b-4ac6-9201-3d68c65472b5,ALLIANCE > SAIL,Emergency Department Data Set,Platinum,95.64,93.96,2.68
5e2a7277-dc64-499a-b16d-51850d9ad00b,ALLIANCE > SAIL,Emergency Department Dataset Daily,Platinum,95.64,93.96,2.68
a79dbdef-eac1-49d7-9fdb-150ed5340481,ALLIANCE > SAIL,GP dataset - Welsh Primary Care,Platinum,95.64,93.96,2.68
e2f05904-723a-4d5c-8746-7ab3d1d94eef,ALLIANCE > SAIL,Healthcare Workers Risk Assessment,Platinum,95.64,93.96,2.68
64c6a583-f71b-478e-a26b-5e581226ec6d,ALLIANCE > SAIL,Higher Education Statistics Agency (HESA) Student Data,Platinum,95.64,93.96,2.68
6f348bdc-21e4-459b-b658-dc839a1e2133,ALLIANCE > SAIL,Intensive Care National Audit and Research Centre,Platinum,95.64,93.96,2.68
7639cdc3-f368-4a43-80bd-58a67e70d407,ALLIANCE > SAIL,Intensive Care National Audit and Research Centre - Covid19,Platinum,95.64,93.96,2.68
e7fc3bb6-446b-4267-b563-bf6f94e8dee2,ALLIANCE > SAIL,Lifelong Learning Wales Record (LLWR),Gold,90.0,86.98,6.98
da5098df-414f-48e0-aaa7-7e2277f80eb7,ALLIANCE > SAIL,Looked After Children Wales,Platinum,95.3,93.96,3.36
258c9577-76cd-45c7-a6b5-8e7eed07ce9e,ALLIANCE > SAIL,Maternity Indicators Dataset,Platinum,95.97,94.63,2.68
2b09ea87-5b22-4049-b7dd-de0889699115,ALLIANCE > SAIL,Millennium Cohort Study,Gold,83.22,75.17,8.72
553a0fcb-6bed-493c-a185-fa97dc5f370d,ALLIANCE > SAIL,National Community Child Health Database (NCCHD),Platinum,95.97,94.63,2.68
8270e26b-65ea-479c-8462-f5315b2657eb,ALLIANCE > SAIL,National Exercise Referral Scheme,Platinum,94.63,94.63,5.37
9360bc6c-2a7d-4415-869d-3e853c558f4d,ALLIANCE > SAIL,National Survey for Wales,Platinum,95.97,94.63,2.68
dbd69f22-2638-42a6-a936-069386e8eb7e,ALLIANCE > SAIL,ONS 2011 Census Wales (CENW),Platinum,92.95,91.28,5.37
8e6d7fcc-a4ad-4a32-bbc2-fe8631a38b43,ALLIANCE > SAIL,Outpatient Dataset,Platinum,95.64,93.96,2.68
c2ddca9f-f144-437b-ac7a-0a628a50ba1a,ALLIANCE > SAIL,Outpatient Referral,Platinum,95.64,93.96,2.68
26da4493-a78b-4090-ba18-e6c600d2c375,ALLIANCE > SAIL,Pathology Data from WRRS,Platinum,95.97,94.63,2.68
2057a9e3-b491-4d8f-874c-9857d00116b0,ALLIANCE > SAIL,Patient Episode Dataset for Wales,Platinum,95.97,94.63,2.68
ce192e2e-4f31-4bb0-9c1f-5c4173c03011,ALLIANCE > SAIL,Postponed Admitted Procedures,Platinum,95.64,93.96,2.68
cfdb9fbd-9f67-435c-b257-6b51430451bb,ALLIANCE > SAIL,Referral to Treatment Times,Platinum,95.64,93.96,2.68
df514642-bf9d-432f-bf15-4d870fe4ae08,ALLIANCE > SAIL,School Workforce Annual Census (SWAC),Platinum,94.97,93.29,3.36
f6aa8836-b437-40b6-bd1e-ae20010048dd,ALLIANCE > SAIL,Substance Misuse Dataset,Platinum,95.64,93.96,2.68
b43309eb-7860-49b7-9f11-1a7a0fd5532e,ALLIANCE > SAIL,UK Cystic Fibrosis Registry (CYFI),Platinum,92.95,91.28,5.37
b8e0b4a8-aab6-47fc-ac6f-76cd5cdc933d,ALLIANCE > SAIL,Welsh Ambulance Services NHS Trust,Platinum,95.64,93.96,2.68
24095736-dbea-4c37-86fe-ddf3a6933a6b,ALLIANCE > SAIL,Welsh Cancer Intelligence and Surveillance Unit (WCISU),Platinum,95.97,94.63,2.68
b724a905-e8ae-4ab5-b543-91435f8d3514,ALLIANCE > SAIL,Welsh Demographic Service (WDS),Platinum,95.64,93.96,2.68
6b7893b5-74bc-49e2-ab4d-50e7695f54a5,ALLIANCE > SAIL,Welsh Dispensing Dataset,Platinum,95.97,94.63,2.68
21cd4b8e-f4f5-44a6-83eb-b7799e98ba55,ALLIANCE > SLaM,South London and Maudsley NHS Foundation Trust (SLaM) Clinical Record Interactive Search (CRIS) platform,Bronze,68.46,64.43,27.52
c29c3fbe-700e-4f85-8943-5557c30c1dfa,ALLIANCE > TISSUE DIRECTORY,Arden Tissue Bank,Bronze,65.77,61.74,30.2
c6d6bbd3-74ed-46af-841d-ac5e05f4da41,ALLIANCE > TISSUE DIRECTORY,Barts CTU,Bronze,64.43,59.06,30.2
e678366e-bb53-4dbb-a228-05114e0b6eb3,ALLIANCE > TISSUE DIRECTORY,Biobank for patients with retinal degenerations & dystrophies,Bronze,64.43,59.06,30.2
2f57c592-c65c-4d1c-b92d-d19d2a11c02e,ALLIANCE > TISSUE DIRECTORY,BioDock,Bronze,64.43,59.06,30.2
406e7ae7-554b-4807-b3a5-a4d81316cf9c,ALLIANCE > TISSUE DIRECTORY,Bloodwise Childhood Leukaemia Cell Bank,Bronze,64.43,59.06,30.2
2bf53952-e77c-4746-b36f-5ccb1574f6a7,ALLIANCE > TISSUE DIRECTORY,BRAIN UK,Bronze,64.43,59.06,30.2
f42b9fa6-adad-4637-943e-6fa7508559a3,ALLIANCE > TISSUE DIRECTORY,Bristol Biobank,Bronze,64.43,56.38,27.52
7ca98657-037c-43a8-872a-65a0520695e5,ALLIANCE > TISSUE DIRECTORY,Bristol Dental School Saliva Bank,Bronze,64.43,56.38,27.52
a1f9315e-8561-4e7b-b1a7-1276bdeca14d,ALLIANCE > TISSUE DIRECTORY,Cam-UroOnc Biorepository,Bronze,64.43,59.06,30.2
ae4f0589-8679-48a1-ad04-2324a5001869,ALLIANCE > TISSUE DIRECTORY,Cambridge Blood and Stem Cell Biobank,Bronze,64.43,59.06,30.2
d272b783-8db3-4068-8d0f-05728f786d6d,ALLIANCE > TISSUE DIRECTORY,Cancer Group CTR Cardiff trials,Bronze,64.43,59.06,30.2
57f5eb44-bd9b-4ec5-b255-fe915ff74ab5,ALLIANCE > TISSUE DIRECTORY,Cardamon Clinical Trial Samples,Bronze,63.09,59.06,32.89
5758964b-1161-48ee-97b5-1e414f406978,ALLIANCE > TISSUE DIRECTORY,Cardiff School of Dentistry Tooth Bank,Bronze,64.43,59.06,30.2
ad5c7693-983e-4f32-a979-9ab550f2084a,ALLIANCE > TISSUE DIRECTORY,Cardiff University Biobank,Bronze,64.43,59.06,30.2
82ef7d1a-98d8-48b6-9acd-461bf2a399c3,ALLIANCE > TISSUE DIRECTORY,CASPS: A Phase II trial of Cediranib in ASPS patients,Bronze,61.74,59.06,35.57
a7209348-c011-44d0-9c4f-35a2014c2542,ALLIANCE > TISSUE DIRECTORY,Central England Haemato-oncology and oncology Research Biobank (CEHRB),Bronze,63.09,59.06,32.89
89ae7d31-d183-4f5e-b754-7ae14449da76,ALLIANCE > TISSUE DIRECTORY,Children's Cancer and Leukaemia Group (CCLG) Tissue Bank,Bronze,64.43,59.06,30.2
7a0d678a-a341-4643-af33-bfc22f2f4e9c,ALLIANCE > TISSUE DIRECTORY,Daisy Tumour Bank,Bronze,61.74,59.06,35.57
1bb2c353-8d91-4989-a21b-26182262b807,ALLIANCE > TISSUE DIRECTORY,DARWIN1 Trial,Bronze,61.74,59.06,35.57
fcee6c99-a4bd-44b8-a28e-dc63337ce216,ALLIANCE > TISSUE DIRECTORY,eLIXIR - Early Life Data Cross-Linkage in Research,Bronze,64.43,59.06,30.2
84616d8c-336a-485b-9148-af6788efb721,ALLIANCE > TISSUE DIRECTORY,Epilepsy Society Brain and Tissue Bank,Bronze,64.43,59.06,30.2
2aa58bb8-83d8-455a-87e6-d567ae4a379c,ALLIANCE > TISSUE DIRECTORY,ESPAC-TPlus,Bronze,61.74,59.06,35.57
6e535e7c-0ceb-4666-9361-e75e9c4a97ca,ALLIANCE > TISSUE DIRECTORY,Ethical Tissue - University of Bradford,Bronze,64.43,59.06,30.2
f72798fb-d168-4c3c-abce-f8300cbcb8b3,ALLIANCE > TISSUE DIRECTORY,Generation Scotland,Bronze,64.43,59.06,30.2
b3a10154-a409-491a-92fb-e7fac47ccd91,ALLIANCE > TISSUE DIRECTORY,HCV Research UK,Bronze,64.43,59.06,30.2
1cb31e11-505b-4ff6-ae20-5c468c9ad296,ALLIANCE > TISSUE DIRECTORY,HPB Biobank,Bronze,64.43,59.06,30.2
236108a2-5e2c-4acb-86e7-6ec793aef8ab,ALLIANCE > TISSUE DIRECTORY,Human Biomaterials Resource Centre,Bronze,64.43,59.06,30.2
355de4ca-1ce9-4ba4-8e07-2d51bb82bfbf,ALLIANCE > TISSUE DIRECTORY,Human Developmental Biology Resource (HDBR),Bronze,64.43,59.06,30.2
a2d94442-91c1-4626-b28f-700eb436a4c1,ALLIANCE > TISSUE DIRECTORY,ICON9 Trial,Bronze,64.43,59.06,30.2
179c21cd-41e0-489b-82c4-1bec011c562f,ALLIANCE > TISSUE DIRECTORY,IDRIS Trial,Bronze,63.09,59.06,32.89
0df3a0a9-d261-47ff-99e5-9c7e67410712,ALLIANCE > TISSUE DIRECTORY,IMPORT HIGH trial blood samples,Bronze,64.43,59.06,30.2
16341d43-0e79-4afa-a84f-67db018e449f,ALLIANCE > TISSUE DIRECTORY,INCA Trial,Bronze,63.09,59.06,32.89
0534b41b-9877-4e30-b3ce-e604b29d4990,ALLIANCE > TISSUE DIRECTORY,Infectious Diseases BioBank at King's College London,Bronze,64.43,59.06,30.2
dd7e56e7-2683-4b88-bed2-3a27ef3e4c9e,ALLIANCE > TISSUE DIRECTORY,interNational Anaplastic Thyroid Cancer Tissue Bank (iNATT),Bronze,64.43,59.06,30.2
2a5d2a42-803c-4c96-bcd6-a4289d2b664a,ALLIANCE > TISSUE DIRECTORY,IoN Trial,Bronze,61.74,59.06,35.57
593a5263-e2b5-4433-81c1-30b35a520488,ALLIANCE > TISSUE DIRECTORY,King's Health Partners Cancer Biobank,Bronze,64.43,59.06,30.2
32b5d90f-6bad-40f8-96d7-69b11df6d5ff,ALLIANCE > TISSUE DIRECTORY,LBIH Biobank,Bronze,64.43,59.06,30.2
6951e949-6aa3-4670-ad05-db8e954b3524,ALLIANCE > TISSUE DIRECTORY,Leeds Breast Research Tissue Bank,Bronze,64.43,59.06,30.2
37fe2488-f4c3-4471-a1e0-7d4a4204f063,ALLIANCE > TISSUE DIRECTORY,"Leeds Dental Institute/School of Dentistry Leeds, Skeletal Tissues Bank",Bronze,63.09,59.06,32.89
8342e05e-cb12-4d29-ae84-b9b8421cb4f8,ALLIANCE > TISSUE DIRECTORY,Leeds Multidisciplinary Research Tissue Bank,Bronze,63.09,59.06,32.89
f5b57b56-a4ed-46d4-825f-d181e8db809d,ALLIANCE > TISSUE DIRECTORY,Leeds NIHR Biomarker Research Tissue Bank,Bronze,64.43,59.06,30.2
eea147a4-4576-4f86-8ad1-c762137335fd,ALLIANCE > TISSUE DIRECTORY,Manchester Cancer Research Centre (MCRC) Biobank,Bronze,64.43,59.06,30.2
f1a93b8f-6332-43a2-b2da-c86f68f7d24a,ALLIANCE > TISSUE DIRECTORY,Manchester Eye Tissue Repository,Bronze,61.74,59.06,35.57
9f45db59-b3c9-4c33-85bf-25c1b5242903,ALLIANCE > TISSUE DIRECTORY,MDSBio,Bronze,64.43,59.06,30.2
5ad32bfa-8d4b-45cb-aa10-3b0a4bcfd258,ALLIANCE > TISSUE DIRECTORY,MesobanK,Bronze,64.43,59.06,30.2
d3a3935f-b28e-4e74-9b15-9432d611f26c,ALLIANCE > TISSUE DIRECTORY,MFT Biobank,Bronze,64.43,59.06,30.2
b717d41e-9202-40ed-be1a-882ec0c47761,ALLIANCE > TISSUE DIRECTORY,MRC Brain Banks Network,Bronze,64.43,59.06,30.2
f8f6e9ea-65c0-48a6-9beb-6de80bbbefda,ALLIANCE > TISSUE DIRECTORY,Multiple Sclerosis and Parkinson's Tissue Bank,Bronze,64.43,59.06,30.2
4d95d730-a53a-4856-a278-b2fba96657c4,ALLIANCE > TISSUE DIRECTORY,Myeloma XII clinical trial samples,Bronze,64.43,59.06,30.2
1d2a94c4-b18d-47c4-9b48-cfab8e67f126,ALLIANCE > TISSUE DIRECTORY,National Diet and Nutrition Survey (NDNS),Bronze,64.43,59.06,30.2
81a515f5-5f4d-480e-b5ce-24faa7026c00,ALLIANCE > TISSUE DIRECTORY,National Unified Renal Translational Research Enterprise (NURTuRE),Bronze,61.74,59.06,35.57
d5ab658e-b474-4e22-95f8-92607c40792d,ALLIANCE > TISSUE DIRECTORY,NHS Grampian Biorepository,Bronze,64.43,59.06,30.2
2e20b776-a0bc-44ed-9882-ad63855a0ec4,ALLIANCE > TISSUE DIRECTORY,NHS Greater Glasgow & Clyde Bio-Repository,Bronze,64.43,59.06,30.2
1c17f45b-ba0f-4e97-a0f0-34a600844d4f,ALLIANCE > TISSUE DIRECTORY,NICAM: Nilotinib treatment for c-KIT mutated advanced AMM,Bronze,61.74,59.06,35.57
f621fcc9-e9ab-4da4-bd34-e4530d11b59d,ALLIANCE > TISSUE DIRECTORY,NIHR Exeter Clinical Research Facility,Bronze,64.43,59.06,30.2
2b198886-ccab-4276-b6b9-22c344df8304,ALLIANCE > TISSUE DIRECTORY,NIHR Nottingham Digestive Diseases Collection,Bronze,64.43,59.06,30.2
3784d68e-d213-43a7-bf30-8f4d34de022c,ALLIANCE > TISSUE DIRECTORY,NIMRAD-TRANS,Bronze,64.43,59.06,30.2
6983134e-c920-47db-957b-47e873644eb0,ALLIANCE > TISSUE DIRECTORY,Northern Ireland Biobank (NIB),Bronze,64.43,59.06,30.2
13a931c1-18cf-4d60-be79-a527acb0a36d,ALLIANCE > TISSUE DIRECTORY,Obesity Research Biobank Syndicate (ORBiS),Bronze,63.09,59.06,32.89
952d4422-3f03-46e6-9dbd-1bf0f54b7e3a,ALLIANCE > TISSUE DIRECTORY,"Oncology Clinical Trials Office, University of Oxford",Bronze,64.43,59.06,30.2
f5ed34fa-154a-4613-a253-277547cfd8ca,ALLIANCE > TISSUE DIRECTORY,Oxford Musculoskeletal Biobank,Bronze,61.74,59.06,35.57
3a0599ed-5452-4299-956c-af5a30bbef23,ALLIANCE > TISSUE DIRECTORY,PHOENIX DDR-Anti-PD-L1 Trial,Bronze,61.74,59.06,35.57
319a2a77-3f4d-497e-bc3e-33002f316cae,ALLIANCE > TISSUE DIRECTORY,PHOTO Translational bladder cancer biorepository,Bronze,64.43,59.06,30.2
a617a37d-1813-49ad-8282-38169981a095,ALLIANCE > TISSUE DIRECTORY,plasmaMATCH,Bronze,61.74,59.06,35.57
9e8982cb-6e2b-4c6e-b9d5-80a3794eb1dc,ALLIANCE > TISSUE DIRECTORY,POUT-T,Bronze,64.43,59.06,30.2
7c1fa7b2-2b76-4952-884e-8ef6f845c488,ALLIANCE > TISSUE DIRECTORY,PTCL Biobank,Bronze,63.09,59.06,32.89
98a03f2b-1a67-4653-a4f5-f9db7262a94d,ALLIANCE > TISSUE DIRECTORY,Public Health England Seroepidemiology Unit,Bronze,64.43,59.06,30.2
ee5f4405-6930-4a7b-ba00-85a8e8c8a8b9,ALLIANCE > TISSUE DIRECTORY,QTL Programme at MRC HGU,Bronze,64.43,59.06,30.2
b0886a0c-7ddc-4c2b-a499-afd7262fbe56,ALLIANCE > TISSUE DIRECTORY,RAPPER,Bronze,64.43,59.06,30.2
c83d2206-3778-400b-9b26-27c7588af930,ALLIANCE > TISSUE DIRECTORY,RATHL Trial,Bronze,65.77,64.43,32.89
ace79a9e-1552-4287-9f6e-9d01f628252b,ALLIANCE > TISSUE DIRECTORY,REQUITE,Bronze,64.43,59.06,30.2
ea07f115-9f70-4c21-a373-247a1ca906f0,ALLIANCE > TISSUE DIRECTORY,Research Donors Ltd,Bronze,64.43,64.43,35.57
209f42a8-4581-49e1-a0c2-25069a37f230,ALLIANCE > TISSUE DIRECTORY,RIO,Bronze,64.43,64.43,35.57
85b25afd-73a6-4455-9098-1f906bc7738d,ALLIANCE > TISSUE DIRECTORY,SCOT translational sample collection,Bronze,64.43,64.43,35.57
342bef6e-8fa2-49f0-bdbb-c95d866aa145,ALLIANCE > TISSUE DIRECTORY,Scottish Human Papillomavirus Archive,Bronze,67.11,64.43,30.2
a49a1145-4334-4c2a-81cb-90155e8f05c6,ALLIANCE > TISSUE DIRECTORY,Sheffield Brain Tissue Bank (SBTB),Bronze,64.43,64.43,35.57
f9f3af0d-ca1c-4e8f-b5e8-20962e1e7b4e,ALLIANCE > TISSUE DIRECTORY,"St Thomas' Hospitals Plasma, serum & DNA Bio bank from patients with antiphospholipid antibodies",Bronze,60.4,59.06,38.26
c182a3b6-8eea-43ef-be18-6cd444f150dc,ALLIANCE > TISSUE DIRECTORY,STAMPEDE,Bronze,64.43,59.06,30.2
3a23e7dc-d814-4772-a6f8-a814c8e0128b,ALLIANCE > TISSUE DIRECTORY,SWIFT-RTB,Bronze,61.74,59.06,35.57
0a4f19cc-8565-410b-ac02-2751f5284a9b,ALLIANCE > TISSUE DIRECTORY,Tayside Biorepository,Bronze,64.43,59.06,30.2
3983f3ec-ce63-4142-b73e-93130654710b,ALLIANCE > TISSUE DIRECTORY,The Cleft Collective,Bronze,63.09,59.06,32.89
979d600f-f541-4028-8576-a6e4603fc244,ALLIANCE > TISSUE DIRECTORY,The PEACE Study,Bronze,64.43,59.06,30.2
9cb10184-7459-4ca5-ac30-d2364e70821d,ALLIANCE > TISSUE DIRECTORY,Tissue Access for Patient Benefit (TAPb),Bronze,64.43,59.06,30.2
b730442a-72f3-4b0d-8ad3-4bdba046df7a,ALLIANCE > TISSUE DIRECTORY,Tissue Solutions Ltd,Bronze,61.74,59.06,35.57
20c2a274-843c-43fa-9b76-38ef2f8a3d64,ALLIANCE > TISSUE DIRECTORY,TNT: Triple Negative breast cancer Trial,Bronze,61.74,59.06,35.57
eb19fcd9-2e9e-4e27-aa79-ad235952b1ac,ALLIANCE > TISSUE DIRECTORY,Tommy's National Reproductive Health Biobank,Bronze,64.43,59.06,30.2
b796b821-97cf-4aa1-bbc7-53e3c1fbc33f,ALLIANCE > TISSUE DIRECTORY,TRICON8,Bronze,61.74,59.06,35.57
824a2ef7-d282-495e-b0fc-e25b3a9613c3,ALLIANCE > TISSUE DIRECTORY,TRICON8B,Bronze,61.74,59.06,35.57
9419a99b-f1fb-4566-8480-eecd4e189086,ALLIANCE > TISSUE DIRECTORY,TwinsUK,Bronze,64.43,59.06,30.2
c10d6c3a-e405-4ee9-828f-02443c210879,ALLIANCE > TISSUE DIRECTORY,UCL Infection DNA Bank,Bronze,61.74,59.06,35.57
f9a712ae-9d41-41a6-b2ca-3127441b03ac,ALLIANCE > TISSUE DIRECTORY,UCL / UCLH Biobank for Studying Health and Disease,Bronze,64.43,59.06,30.2
5eecebc6-d896-46de-92df-d108bb193b17,ALLIANCE > TISSUE DIRECTORY,UK CLL Trials Biobank,Bronze,64.43,59.06,30.2
d51de39c-153a-462b-8de5-cd1424908e0c,ALLIANCE > TISSUE DIRECTORY,UK ME/CFS Biobank,Bronze,64.43,59.06,30.2
7f55c499-abd9-4f61-ac7e-93a4d15c79a2,ALLIANCE > TISSUE DIRECTORY,UK MND Collections,Bronze,64.43,59.06,30.2
a6fb087d-1a90-4db0-9fcf-323c5b3cce51,ALLIANCE > TISSUE DIRECTORY,UK primary Sjogren's syndrome Registry,Bronze,61.74,59.06,35.57
62b17ee5-97e3-468e-ba48-e8685ea28461,ALLIANCE > TISSUE DIRECTORY,UK real-world lymphoid tissue bank,Bronze,64.43,59.06,30.2
843062c0-fca0-464f-aa9c-0d4908f40513,ALLIANCE > TISSUE DIRECTORY,UKALL14 Trial,Bronze,64.43,59.06,30.2
62d11868-51d7-4b3a-99eb-da9f5d3797dc,ALLIANCE > TISSUE DIRECTORY,UKCTOCS Longitudinal Women's Cohort (UKLWC),Bronze,64.43,59.06,30.2
8c50b721-8bbe-4d9e-86d1-08a6271fe047,ALLIANCE > TISSUE DIRECTORY,UNIRAD UK Sample collection,Bronze,61.74,59.06,35.57
e8f23004-f1f7-4a36-859f-25af6ca6433b,ALLIANCE > TISSUE DIRECTORY,University of Liverpool - GCP Laboratory Facility,Bronze,64.43,59.06,30.2
201602df-7432-4710-98a7-18f59e4f211e,ALLIANCE > TISSUE DIRECTORY,University of Southampton Faculty of Medicine Tissue Bank,Bronze,64.43,59.06,30.2
4cfabd2a-e590-4f63-82f5-6d543b0075cf,ALLIANCE > TISSUE DIRECTORY,VinCaP,Bronze,64.43,59.06,30.2
bcfdc597-1bf0-41c2-8b68-779f9a115f83,ALLIANCE > TISSUE DIRECTORY,Wales Cancer Bank,Bronze,64.43,59.06,30.2
14855eb1-6563-4e56-89e5-aecd51f100ad,ALLIANCE > TISSUE DIRECTORY,Watch and Wait Trial,Bronze,63.09,59.06,32.89
b36202ad-7652-460c-8389-baa1a1c1ac46,ALLIANCE > TISSUE DIRECTORY,York Tissue Bank,Bronze,64.43,59.06,30.2
c324246a-22d9-45d8-9a7a-a513078be2d1,ALLIANCE > UNIVERSITY HOSPITALS OF LEICESTER NHS TRUST,Genvasc Primary Care Data,Not Rated,54.36,32.89,24.16
f3ade619-292e-4631-916a-9cd9d7938e48,ALLIANCE > UNIVERSITY HOSPITALS OF LEICESTER NHS TRUST,The Leicester City and County Chronic Kidney Disease Cohort,Not Rated,51.68,30.2,26.85
05ade19c-75f5-4623-ade6-99fb21c2d4e3,ALLIANCE > UNIVERSITY HOSPITALS OF LEICESTER NHS TRUST,The Primary-Secondary Care Partnership to Improve Outcomes in Chronic Kidney Disease,Not Rated,50.34,30.2,29.53
84b6d047-2a05-4fc0-8537-809dbb3d18ed,OTHER > The Univeristy of Cambridge,COMPARE,Bronze,66.78,57.72,24.16
d58d02f1-47c2-44fc-b16e-4f6cbbb46e62,OTHER > The University of Cambridge,INTERVAL,Bronze,68.12,60.4,24.16
0600a271-4a24-414f-a2d0-4b12e5c47d72,ALLIANCE > University of Nottingham,PANTHER study,Gold,86.58,73.15,0.0
