publisher,title,weighted_quality_rating,weighted_completeness_percent,id,weighted_error_percent,weighted_quality_score,completeness_percent,quality_score,error_percent,quality_rating
ALLIANCE > NIHR BIORESOURCE,Metabolite data,Not Rated,22.22,004d1932-f06e-49d2-b87a-e5e4140ffbb3,34.92,43.65,26.19,46.81,32.56,Not Rated
ALLIANCE > HQIP,National Joint Registry - Primary Elbow Replacement dataset,Not Rated,22.22,0092dc60-a0af-4d45-801c-b888210d6609,31.75,45.23,26.19,47.98,30.23,Not Rated
ALLIANCE > DUNDEE,Tayside Pathology,Not Rated,14.29,014bc853-1b27-4d97-9e5e-97fe28b84769,36.51,38.89,16.67,39.73,37.21,Not Rated
HUB > BREATHE,Estimating Chronic Respiratory Disease burden in adults in Asian LMICs,Not Rated,46.03,0150353c-d33d-4af0-b177-8ef0adf867f4,23.81,61.11,52.38,64.56,23.26,Not Rated
ALLIANCE > HQIP,Paediatric Intensive Care Audit Network - core dataset (admission),Not Rated,22.22,0217114b-6847-4aae-9d76-4d52acea2bcc,34.92,43.65,26.19,46.81,32.56,Not Rated
ALLIANCE > HSCNI,COVID antigen  testing - Pillar 2,Bronze,74.6,022cedb4-650d-4566-be41-8d7ed07a5112,39.68,67.46,66.67,64.73,37.21,Not Rated
ALLIANCE > CPRD,HES Diagnostic Imaging Dataset for CPRD Aurum,Bronze,77.78,0266f904-b168-488a-a9e7-d318443584ef,38.1,69.84,69.05,65.92,37.21,Not Rated
ALLIANCE > SAIL,Annual District Death Extract,Gold,100.0,03db4df3-f482-4bdd-a335-546ffffbeaab,25.4,87.3,95.24,87.16,20.93,Gold
ALLIANCE > OUH,SOLUS,Not Rated,14.29,0477b06f-cbed-4949-982e-ce248a47ed1a,39.68,37.3,16.67,38.57,39.53,Not Rated
ALLIANCE > HQIP,National Cardiac Audit Programme - Myocardial Ischaemia National Audit Project (MINAP),Not Rated,22.22,04b1648d-eeb7-4072-8dd2-806c3ae4e20d,36.51,42.86,26.19,45.66,34.88,Not Rated
ALLIANCE > BARTS,Sectra PACS,Not Rated,14.29,04f4604e-6d0b-4100-977b-59c3b69b0cfc,39.68,37.3,16.67,38.57,39.53,Not Rated
ALLIANCE > TISSUE DIRECTORY,Infectious Diseases BioBank at King's College London,Bronze,60.32,0534b41b-9877-4e30-b3ce-e604b29d4990,20.63,69.84,69.05,74.06,20.93,Bronze
ALLIANCE > SAIL,Bowel Screening Wales,Gold,100.0,05716e41-9842-4c07-8ddd-af9f9231e056,20.63,89.69,95.24,88.32,18.6,Gold
ALLIANCE > LEICESTER,The Primary-Secondary Care Partnership to Improve Outcomes in Chronic Kidney Disease,Not Rated,22.22,05ade19c-75f5-4623-ade6-99fb21c2d4e3,33.33,44.45,26.19,46.81,32.56,Not Rated
ALLIANCE > University of Nottingham,PANTHER study,Not Rated,66.67,0600a271-4a24-414f-a2d0-4b12e5c47d72,36.51,65.08,57.14,62.29,32.56,Not Rated
HUBS > BREATHE,CuT-AsthMa: Culturally tailored school-based intervention for asthma in Malaysia,Not Rated,47.62,0692d86c-1f24-43a4-9508-005d00bd7259,22.22,62.7,54.76,66.91,20.93,Bronze
ALLIANCE > OUH,Millennium Clinical Events,Not Rated,14.29,0711cc7e-80d5-4781-a1ab-2637ea176ceb,39.68,37.3,16.67,38.57,39.53,Not Rated
HUB > DISCOVER NOW,North West London Mental Health Data (NWL MH),Silver,96.83,07169a48-2e59-4ef6-ad77-f272d60b5a83,30.16,83.34,92.86,84.8,23.26,Silver
ALLIANCE > NHS DIGITAL,Pillar 1 - England (Second Generation Surveillance Systems),Not Rated,66.67,0756c167-e778-486f-9b96-94bd12af89cf,36.51,65.08,57.14,61.13,34.88,Not Rated
ALLIANCE > NIHR BIORESOURCE,Returned datasets,Not Rated,14.29,07abf678-a2c0-4d8b-8d25-8b9f180f9ff2,39.68,37.3,16.67,38.57,39.53,Not Rated
ALLIANCE > SAIL,Careers Wales dataset,Silver,88.89,08846261-45f0-4bcf-9801-fe785dcef1c9,26.98,80.95,80.95,77.69,25.58,Silver
OTHER > Office for National Statistics,Labour Force Survey (Household),Not Rated,23.81,08fd6103-be40-4380-9399-aecaeb216d33,36.51,43.65,28.57,46.84,34.88,Not Rated
ALLIANCE > HQIP,Paediatric Intensive Care Audit Network - customised data collection,Not Rated,22.22,09586db0-4da4-47f8-9434-13cbd2da2bb9,34.92,43.65,26.19,46.81,32.56,Not Rated
HUBS > BREATHE,Development of spirometry predictive values for Indian population,Bronze,57.14,0985f58b-87e0-42d2-9ee7-efd618abcd51,20.63,68.25,66.67,74.03,18.6,Bronze
HUBS > BREATHE,Reasons for delay in seeking care for pneumonia in children under five,Bronze,58.73,09e8e407-82b4-4ed4-b296-53810472cbe9,19.05,69.84,69.05,76.38,16.28,Silver
ALLIANCE > HQIP,Paediatric Intensive Care Audit Network - core dataset (transport),Not Rated,22.22,0a418d30-c13c-404a-9f4c-39334d889b9c,34.92,43.65,26.19,46.81,32.56,Not Rated
ALLIANCE > TISSUE DIRECTORY,Tayside Biorepository,Bronze,60.32,0a4f19cc-8565-410b-ac02-2751f5284a9b,20.63,69.84,69.05,74.06,20.93,Bronze
ALLIANCE > SCOTLAND,Prescribing Information System (PIS),Silver,92.06,0b794715-53f3-422f-817a-92be3392c735,28.57,81.75,85.71,78.9,27.91,Silver
ALLIANCE > HQIP,National Asthma and COPD Audit Programme (NACAP): Pulmonary rehabilitation - clinical audit,Not Rated,22.22,0bb202c7-80e8-4532-8042-1351576e6c94,36.51,42.86,26.19,45.66,34.88,Not Rated
NHS Digital,Mental Health Services Data Set - Community,Not Rated,46.03,0c98200b-48b5-418a-b8d0-a7708abc1f39,36.51,54.76,47.62,54.05,39.53,Not Rated
ALLIANCE > BARTS,ARIA Dataset,Not Rated,14.29,0cfe60cd-038d-4c03-9a95-894c52135922,39.68,37.3,16.67,38.57,39.53,Not Rated
HUBS > BREATHE,Research on use of an online learning platform on under-five pneumonia,Bronze,57.14,0d0ce21e-afc1-4d9f-bf54-e0545363a0cc,20.63,68.25,66.67,74.03,18.6,Bronze
ALLIANCE > HQIP,National Neonatal Audit Programme - clinical audit,Not Rated,22.22,0d89c503-1c79-4e2a-baf6-02f12e68805b,31.75,45.23,26.19,47.98,30.23,Not Rated
ALLIANCE > TISSUE DIRECTORY,IMPORT HIGH trial blood samples,Bronze,63.49,0df3a0a9-d261-47ff-99e5-9c7e67410712,20.63,71.43,71.43,75.25,20.93,Bronze
ALLIANCE > CPRD,HES Accident and Emergency data for CPRD Aurum,Bronze,79.37,0e59698c-1532-4155-ab0e-af11b3d9e7b1,39.68,69.84,71.43,65.95,39.53,Not Rated
NHS Digital,Mental Health Minimum Dataset v4 (Sensitive) Episodes,Not Rated,77.78,0e6e6ed5-ab81-4d7f-b06a-768bf33357ca,55.56,61.11,64.29,56.57,51.16,Not Rated
HUBS > BREATHE,Developing and Evaluating Interventions to Improve Asthma Care,Not Rated,47.62,0e8546e9-c841-4a99-a3f8-bb9020c6782c,22.22,62.7,54.76,66.91,20.93,Bronze
ALLIANCE > CPRD,National Radiotherapy Dataset (RTDS) for CPRD Aurum,Not Rated,60.32,0fbd11c2-c44b-430f-b527-63cb82fcee63,42.86,58.73,47.62,50.55,46.51,Not Rated
NHS Digital,Mental Health & Learning Disabilities Dataset v 1 (Non-Sensitive) Events,Not Rated,77.78,0fc61ace-397d-4489-9e62-77f88082e775,55.56,61.11,64.29,56.57,51.16,Not Rated
HUB > DISCOVER NOW,North West London Pathology (NWL PATH),Silver,96.83,0fde8427-1072-4b77-9997-635157ef370a,33.33,81.75,92.86,82.47,27.91,Silver
ALLIANCE > DUNDEE,Tayside & Fife Diabetes – Summary and a range of diabetes related datasets.,Not Rated,14.29,0ff88499-931b-4614-9f81-facf21f28174,36.51,38.89,16.67,39.73,37.21,Not Rated
ALLIANCE > CYSTIC FIBROSIS TRUST,Cystic Fibrosis Patient Liver Enzyme,Silver,100.0,1048c3d9-42f6-4950-89be-c51fe7421753,36.51,81.75,95.24,83.66,27.91,Silver
ALLIANCE > HQIP,National Audit of Dementia Round 4 - carer experience survey,Not Rated,22.22,11571357-b9fc-45ed-ab40-3bb3d7443245,31.75,45.23,26.19,47.98,30.23,Not Rated
ALLIANCE > SCOTLAND,Unscheduled Care Datamart,Silver,85.71,117aa9f5-db76-48f9-9dd2-19e2d00a1b45,25.4,80.16,78.57,76.5,25.58,Silver
ALLIANCE > HQIP,National Vascular Registry Audit Carotid Lower Limb Amputation clinical dataset,Not Rated,22.22,12690263-f5d3-435b-9582-de1a88064e1e,31.75,45.23,26.19,47.98,30.23,Not Rated
ALLIANCE > HQIP,National Joint Registry - Revision Hip Replacement dataset,Not Rated,22.22,12c5b83c-6e4a-442e-b6c2-2f6b7165fe6b,31.75,45.23,26.19,47.98,30.23,Not Rated
ALLIANCE > SCOTLAND,Child Health Systems Programme - First Visit,Silver,87.3,12d23c2c-5f35-4f59-80e3-584636c7cacb,23.81,81.75,80.95,78.84,23.26,Silver
HUB > DISCOVER NOW,North West London COVID-19 Patient Level Situation Report (NWL COVID19 PLD SITREP),Silver,96.83,135ba51b-8a01-4624-b3c4-1d6f5b22b357,30.16,83.34,92.86,82.47,27.91,Silver
ALLIANCE > TISSUE DIRECTORY,Obesity Research Biobank Syndicate (ORBiS),Bronze,60.32,13a931c1-18cf-4d60-be79-a527acb0a36d,20.63,69.84,69.05,74.06,20.93,Bronze
ALLIANCE > TISSUE DIRECTORY,Watch and Wait Trial,Bronze,60.32,14855eb1-6563-4e56-89e5-aecd51f100ad,20.63,69.84,69.05,74.06,20.93,Bronze
ALLIANCE > HQIP,Paediatric Intensive Care Audit Network - core dataset (referral),Not Rated,22.22,148a3896-e4ed-48ef-8643-48df726041e1,34.92,43.65,26.19,46.81,32.56,Not Rated
ALLIANCE > SAIL,Active Adult Survey,Gold,100.0,15805559-2115-4822-b91f-635de36fb289,25.4,87.3,95.24,87.16,20.93,Gold
ALLIANCE > GENOMICS ENGLAND,GENOMICS ENGLAND 100K NHSD LINKED DATA,Silver,100.0,15a7c12f-145c-46fc-acc9-c27e83ed2c4d,31.75,84.12,95.24,82.5,30.23,Silver
ALLIANCE > TISSUE DIRECTORY,INCA Trial,Bronze,60.32,16341d43-0e79-4afa-a84f-67db018e449f,20.63,69.84,69.05,74.06,20.93,Bronze
ALLIANCE > OUH,ARIA Medonc,Not Rated,14.29,172242ce-a1c5-4915-9c71-686f6e7d5789,39.68,37.3,16.67,38.57,39.53,Not Rated
ALLIANCE > TISSUE DIRECTORY,IDRIS Trial,Bronze,63.49,179c21cd-41e0-489b-82c4-1bec011c562f,20.63,71.43,71.43,75.25,20.93,Bronze
ALLIANCE > CPRD,Rural-Urban classification for CPRD GOLD,Not Rated,63.49,1841e7c9-39e1-4eff-9d2f-da3dede71f86,42.86,60.31,50.0,51.75,46.51,Not Rated
HUBS > BREATHE,Asthma and COPD: practices and perceptions of GPs in rural India,Bronze,57.14,184b973d-ac38-4fc5-8203-f2a244574b4f,19.05,69.05,66.67,75.19,16.28,Bronze
ALLIANCE > HQIP,National Audit of Psychosis - Audit on Early Intervention in Psychosis services - case note audit,Not Rated,22.22,18603ae7-a056-4fd6-a3e5-d32a2440dd26,33.33,44.45,26.19,46.81,32.56,Not Rated
ALLIANCE > GENOMICS ENGLAND,GENOMICS ENGLAND 100K BIOINFORMATICS DATA,Gold,100.0,1900af1a-bd21-4157-ac48-203eec682073,26.98,86.51,95.24,85.99,23.26,Silver
HUBS > BREATHE,Early Pandemic Evaluation and Enhanced Surveillance of COVID-19 (EAVE II),Bronze,58.73,191c1e3f-4eff-41b9-bff1-c6510f7c6c3d,20.63,69.05,71.43,76.42,18.6,Silver
ALLIANCE > HQIP,National Asthma and COPD Audit Programme (NACAP): COPD secondary care clinical dataset,Not Rated,22.22,1a0af437-ec80-4db7-9c76-a2418cc8c5c8,36.51,42.86,26.19,45.66,34.88,Not Rated
ALLIANCE > DUNDEE,NHS Tayside and Fife Accident & Emergency Dataset (ISD/National),Not Rated,14.29,1aa60c9f-a458-454d-802a-e4c4628f3870,36.51,38.89,16.67,39.73,37.21,Not Rated
HUBS > BREATHE,Air Quality Study: An ecological analysis of asthma health outcomes in Malaysia,Not Rated,46.03,1b80d25c-4f0f-497b-8614-4d1a8c4d1cd3,22.22,61.91,52.38,65.72,20.93,Not Rated
ALLIANCE > TISSUE DIRECTORY,DARWIN1 Trial,Bronze,63.49,1bb2c353-8d91-4989-a21b-26182262b807,25.4,69.05,71.43,72.93,25.58,Bronze
OTHER > Office for National Statistics,Linked Census and death occurrences,Bronze,84.13,1bfdab55-3e6a-4b26-bff1-0105ad416cea,38.1,73.02,76.19,70.66,34.88,Bronze
ALLIANCE > TISSUE DIRECTORY,NICAM: Nilotinib treatment for c-KIT mutated advanced AMM,Bronze,60.32,1c17f45b-ba0f-4e97-a0f0-34a600844d4f,22.22,69.05,69.05,72.89,23.26,Bronze
ALLIANCE > TISSUE DIRECTORY,HPB Biobank,Bronze,60.32,1cb31e11-505b-4ff6-ae20-5c468c9ad296,22.22,69.05,69.05,74.06,20.93,Bronze
ALLIANCE > TISSUE DIRECTORY,National Diet and Nutrition Survey (NDNS),Bronze,60.32,1d2a94c4-b18d-47c4-9b48-cfab8e67f126,20.63,69.84,69.05,74.06,20.93,Bronze
NHS Digital,Mental Health Services Data Set - Service Users,Not Rated,46.03,1d5e3b05-8ce3-4f80-ae3a-f6031ad8cf69,36.51,54.76,47.62,54.05,39.53,Not Rated
ALLIANCE > HQIP,National Cardiac Audit Programme - National Audit of Percutaneous Coronary Interventions (PCI),Not Rated,22.22,1da704e3-f5ee-4614-8880-10541637a0b7,36.51,42.86,26.19,45.66,34.88,Not Rated
ALLIANCE > CYSTIC FIBROSIS TRUST,Cystic Fibrosis Patient Demographics,Silver,100.0,1f55cfcc-1c5d-44e3-9d60-3bedeb033f0a,34.92,82.54,95.24,82.5,30.23,Silver
ALLIANCE > TISSUE DIRECTORY,University of Southampton Faculty of Medicine Tissue Bank,Bronze,60.32,201602df-7432-4710-98a7-18f59e4f211e,20.63,69.84,69.05,74.06,20.93,Bronze
ALLIANCE > SAIL,Patient Episode Dataset for Wales,Gold,100.0,2057a9e3-b491-4d8f-874c-9857d00116b0,22.22,88.89,95.24,87.16,20.93,Gold
ALLIANCE > TISSUE DIRECTORY,RIO,Bronze,63.49,209f42a8-4581-49e1-a0c2-25069a37f230,23.81,69.84,73.81,74.12,25.58,Bronze
ALLIANCE > TISSUE DIRECTORY,TNT: Triple Negative breast cancer Trial,Bronze,60.32,20c2a274-843c-43fa-9b76-38ef2f8a3d64,22.22,69.05,69.05,72.89,23.26,Bronze
ALLIANCE > SLaM,South London and Maudsley NHS Foundation Trust (SLaM) Clinical Record Interactive Search (CRIS) platform,Not Rated,71.43,21cd4b8e-f4f5-44a6-83eb-b7799e98ba55,41.27,65.08,80.95,69.55,41.86,Bronze
ALLIANCE > NHS DIGITAL,Secondary Uses Services Payment By Results,Bronze,80.95,2259bbdf-86e0-4107-801b-69dcb25b45b5,33.33,73.81,73.81,69.47,34.88,Bronze
ALLIANCE > BARTS,Emergency Care Dataset (ECDS),Not Rated,14.29,226fb3f1-4471-400a-8c39-2b66d46a39b6,39.68,37.3,16.67,38.57,39.53,Not Rated
HUB > PIONEER,The impact of ethnicity and multi-morbidity on C19 hospitalised outcomes,Silver,84.13,22e14c8d-9d92-4437-b39b-f69f7b033d13,31.75,76.19,76.19,72.98,30.23,Bronze
ALLIANCE > CYSTIC FIBROSIS TRUST,Cystic Fibrosis Patient Chronic Medication,Silver,100.0,22fe7168-89af-4d93-89c8-afa03cf2031a,36.51,81.75,95.24,83.66,27.91,Silver
ALLIANCE > HQIP,National Joint Registry - Revision Knee Replacement dataset,Not Rated,22.22,23330792-fe18-4331-a101-b246657a03ae,31.75,45.23,26.19,47.98,30.23,Not Rated
ALLIANCE > TISSUE DIRECTORY,Human Biomaterials Resource Centre,Bronze,60.32,236108a2-5e2c-4acb-86e7-6ec793aef8ab,20.63,69.84,69.05,74.06,20.93,Bronze
ALLIANCE > HQIP,Falls and Fragility Fracture Audit Programme Fracture Liaison Service Database clinical dataset,Not Rated,22.22,237e724d-03b2-478c-a92d-85a1baa6ae53,36.51,42.86,26.19,45.66,34.88,Not Rated
ALLIANCE > SAIL,Welsh Cancer Intelligence and Surveillance Unit (WCISU),Gold,100.0,24095736-dbea-4c37-86fe-ddf3a6933a6b,20.63,89.69,95.24,88.32,18.6,Gold
HUBS > BREATHE,Idiopathic Pulmonary Fibrosis (IPF) Genome-wide Association Study,Silver,71.43,24b82645-1854-438a-97b2-911bba469d3d,12.7,79.37,80.95,84.66,11.63,Silver
ALLIANCE > PUBLIC HEALTH SCOTLAND,General Acute Inpatient and Day Case - Scottish Morbidity Record (SMR01),Silver,90.48,2537007c-9e9e-4441-a0d1-59fa400566c5,25.4,82.54,83.33,78.88,25.58,Silver
HUBS > BREATHE,mHealth for pneumonia prevention,Bronze,57.14,2542abf8-e50b-4962-9fa1-6dba1b7e8439,19.05,69.05,66.67,75.19,16.28,Bronze
ALLIANCE > SAIL,Maternity Indicators Dataset,Gold,100.0,258c9577-76cd-45c7-a6b5-8e7eed07ce9e,20.63,89.69,95.24,88.32,18.6,Gold
NHS Digital,Mental Health Minimum Dataset v4 (Non-Sensitive) Episodes,Not Rated,77.78,263ad0a8-ae90-4c1d-85d6-c3d2470eb2b7,55.56,61.11,64.29,56.57,51.16,Not Rated
NHS Digital,Mental Health Minimum Dataset v2.6 (Sensitive),Not Rated,77.78,263f28a4-9835-4856-b1c3-0a0d4085f207,55.56,61.11,64.29,56.57,51.16,Not Rated
ALLIANCE > BARTS,CDE Patient Demographics,Not Rated,15.87,2684706f-1d43-4263-99b7-b54279614c76,38.1,38.88,19.05,40.92,37.21,Not Rated
ALLIANCE > SAIL,Pathology Data from WRRS,Gold,100.0,26da4493-a78b-4090-ba18-e6c600d2c375,25.4,87.3,95.24,87.16,20.93,Gold
HUB > DISCOVER NOW,North West London population data (NWL POP),Silver,100.0,278b91aa-7ad1-4b89-86aa-10e9e013f0cf,30.16,84.92,95.24,84.83,25.58,Silver
ALLIANCE > HQIP,National Asthma and COPD Audit Programme (NACAP): secondary care workstream – children and young people asthma (clinical),Not Rated,22.22,278c3fb2-6b1e-46db-a529-9fc7ddaf4461,36.51,42.86,26.19,45.66,34.88,Not Rated
ALLIANCE > CYSTIC FIBROSIS TRUST,Cystic Fibrosis Patient Annual Review Encounters,Silver,100.0,27910ce4-f74f-4fab-8649-19d5ec292ad8,28.57,85.72,95.24,85.99,23.26,Silver
ALLIANCE > TISSUE DIRECTORY,IoN Trial,Bronze,60.32,2a5d2a42-803c-4c96-bcd6-a4289d2b664a,22.22,69.05,69.05,72.89,23.26,Bronze
NHS Digital,Mental Health & Learning Disabilities Dataset v 1 (Sensitive) Records,Not Rated,77.78,2a725f9d-c4a9-4c89-aa37-b3c25cc83389,55.56,61.11,64.29,56.57,51.16,Not Rated
ALLIANCE > TISSUE DIRECTORY,ESPAC-TPlus,Bronze,60.32,2aa58bb8-83d8-455a-87e6-d567ae4a379c,22.22,69.05,69.05,72.89,23.26,Bronze
ALLIANCE > HSCNI,Admissions & Discharges,Bronze,80.95,2aabcea9-d0dd-4780-b162-3c7ed3ee9888,31.75,74.6,73.81,70.62,32.56,Bronze
ALLIANCE > SCOTLAND,Scottish Stillbirth and Infant Death Survey,Bronze,57.14,2b06afa3-dfc7-424b-8b9a-9325df6cfc19,19.05,69.05,64.29,72.84,18.6,Bronze
ALLIANCE > SAIL,Millennium Cohort Study,Silver,98.41,2b09ea87-5b22-4049-b7dd-de0889699115,26.98,85.72,92.86,84.8,23.26,Silver
ALLIANCE > TISSUE DIRECTORY,NIHR Nottingham Digestive Diseases Collection,Bronze,60.32,2b198886-ccab-4276-b6b9-22c344df8304,23.81,68.25,69.05,72.89,23.26,Bronze
ALLIANCE > TISSUE DIRECTORY,BRAIN UK,Bronze,63.49,2bf53952-e77c-4746-b36f-5ccb1574f6a7,20.63,71.43,71.43,75.25,20.93,Bronze
ALLIANCE > HQIP,National Joint Registry - Revision Ankle Replacement dataset,Not Rated,22.22,2c0e04bc-2f16-4903-90dc-c9d57ab40efb,31.75,45.23,26.19,47.98,30.23,Not Rated
ALLIANCE > HQIP,National Diabetes Inpatient Audit Hospital Characteristics Survey dataset,Not Rated,22.22,2c53d1f7-4540-4c57-8e93-8115b8abc6a9,31.75,45.23,26.19,47.98,30.23,Not Rated
ALLIANCE > CPRD,Rural-Urban classification for CPRD Aurum,Not Rated,63.49,2d23ad3c-0541-453c-8bf7-9dc42e1aba65,42.86,60.31,50.0,51.75,46.51,Not Rated
ALLIANCE > CPRD,Quality of Life of Cancer Survivors in England: Pilot Patient Reported Outcomes Measures Survey (2011) for CPRD Aurum,Not Rated,63.49,2d3302d1-b6fc-4883-8168-010da0d48638,44.44,59.53,50.0,50.58,48.84,Not Rated
ALLIANCE > HQIP,Falls and Fragility Fracture Audit Programme National Hip Database Facilities Survey 2019,Not Rated,22.22,2dbd2e38-a4bb-4f8c-b401-ebec10f0d89e,36.51,42.86,26.19,45.66,34.88,Not Rated
HUBS > BREATHE,"4 Country ChrOnic: estimating respiratory disease burden in adults, South India",Not Rated,52.38,2dc79612-0e0d-4336-aaa1-6abd90d28589,22.22,65.08,59.52,69.3,20.93,Bronze
ALLIANCE > TISSUE DIRECTORY,NHS Greater Glasgow & Clyde Bio-Repository,Bronze,63.49,2e20b776-a0bc-44ed-9882-ad63855a0ec4,20.63,71.43,71.43,75.25,20.93,Bronze
ALLIANCE > CPRD,Mental Health Dataset (MHDS) for CPRD Aurum,Not Rated,63.49,2e8cc70b-bd57-4b64-bd12-fbc07e0f240f,52.38,55.55,50.0,49.42,51.16,Not Rated
HUB > DISCOVER NOW,North West London Patient Index (NWL PI),Silver,96.83,2f19548c-99d7-4f48-a418-d7afb77aebec,26.98,84.92,92.86,84.8,23.26,Silver
ALLIANCE > TISSUE DIRECTORY,BioDock,Bronze,60.32,2f57c592-c65c-4d1c-b92d-d19d2a11c02e,20.63,69.84,69.05,74.06,20.93,Bronze
ALLIANCE > GENERATION SCOTLAND,Generation Scotland: Scottish Family Health Study,Not Rated,42.86,301233da-53f8-4cea-8f74-4d4aa8d8c42c,23.81,59.52,50.0,63.37,23.26,Not Rated
ALLIANCE > HQIP,National Audit of Dementia Round 4 - casenote audit,Not Rated,22.22,304430ff-0aff-4d36-91e5-94be251a409a,31.75,45.23,26.19,47.98,30.23,Not Rated
ALLIANCE > TISSUE DIRECTORY,PHOTO Translational bladder cancer biorepository,Bronze,63.49,319a2a77-3f4d-497e-bc3e-33002f316cae,20.63,71.43,71.43,75.25,20.93,Bronze
ALLIANCE > NHS DIGITAL,Covid-19 Second Generation Surveillance System,Silver,84.13,31fd27d5-c08d-49c3-b7f1-0af71ad219aa,31.75,76.19,76.19,72.98,30.23,Bronze
ALLIANCE > TISSUE DIRECTORY,LBIH Biobank,Bronze,60.32,32b5d90f-6bad-40f8-96d7-69b11df6d5ff,20.63,69.84,69.05,74.06,20.93,Bronze
ALLIANCE > TISSUE DIRECTORY,Scottish Human Papillomavirus Archive,Bronze,66.67,342bef6e-8fa2-49f0-bdbb-c95d866aa145,22.22,72.22,76.19,76.47,23.26,Silver
ALLIANCE > TISSUE DIRECTORY,Human Developmental Biology Resource (HDBR),Bronze,60.32,355de4ca-1ce9-4ba4-8e07-2d51bb82bfbf,20.63,69.84,69.05,74.06,20.93,Bronze
NHS Digital,Mental Health Minimum Dataset v3_3.5 (Sensitive),Not Rated,77.78,36047c5f-7d57-4d25-a114-2bcc6c11708f,55.56,61.11,64.29,56.57,51.16,Not Rated
ALLIANCE > TISSUE DIRECTORY,NIMRAD-TRANS,Bronze,60.32,3784d68e-d213-43a7-bf30-8f4d34de022c,20.63,69.84,69.05,74.06,20.93,Bronze
HUBS > BREATHE,Exploring psychological issues of primary care teams in Malaysia amidst COVID-19,Not Rated,46.03,37eb2884-d7df-489f-a3ad-f02f1e510475,20.63,62.7,52.38,66.89,18.6,Bronze
ALLIANCE > TISSUE DIRECTORY,"Leeds Dental Institute/School of Dentistry Leeds, Skeletal Tissues Bank",Bronze,60.32,37fe2488-f4c3-4471-a1e0-7d4a4204f063,20.63,69.84,69.05,74.06,20.93,Bronze
ALLIANCE > NHS SCOTLAND,RAPID (Hospital Stay Level Data),Bronze,80.95,380cbddb-e64e-42b9-a364-47c550262b6a,42.86,69.05,73.81,69.47,34.88,Bronze
ALLIANCE > SAIL,Congenital Anomaly Register and Information Service,Gold,100.0,38468759-3351-4722-9eeb-4c6dc9fa44ce,20.63,89.69,95.24,88.32,18.6,Gold
NHS Digital,Bridge file: Hospital Episode Statistics to Diagnostic Imaging Dataset,Not Rated,77.78,3935e2fd-0c30-4f56-8388-45a02e0499b4,49.21,64.28,64.29,58.89,46.51,Not Rated
ALLIANCE > CPRD,National Radiotherapy Dataset (RTDS) for CPRD GOLD,Not Rated,60.32,3943e6de-6c32-43dd-8090-16ec9ca0902f,42.86,58.73,47.62,50.55,46.51,Not Rated
ALLIANCE > HQIP,National Cardiac Audit Programme - Cardiac Rhythm Management (CRM),Not Rated,22.22,395262e7-9846-4d9d-a288-8b0ebea782b9,34.92,43.65,26.19,46.81,32.56,Not Rated
OTHER > Office for National Statistics,Business Impact of COVID-19 Survey (BICS),Not Rated,52.38,39537838-164a-4aee-8859-957f0a347390,23.81,64.28,59.52,66.97,25.58,Bronze
HUBS > DATA-CAN,Children’s Kidney Cancers - Great Ormond Street Hospital,Silver,96.83,395d4311-da00-49a4-b78e-5387c961d803,34.92,80.95,92.86,80.15,32.56,Silver
ALLIANCE > TISSUE DIRECTORY,The Cleft Collective,Bronze,63.49,3983f3ec-ce63-4142-b73e-93130654710b,22.22,70.64,71.43,74.09,23.26,Bronze
ALLIANCE > TISSUE DIRECTORY,PHOENIX DDR-Anti-PD-L1 Trial,Bronze,63.49,3a0599ed-5452-4299-956c-af5a30bbef23,22.22,70.64,71.43,74.09,23.26,Bronze
ALLIANCE > TISSUE DIRECTORY,SWIFT-RTB,Bronze,60.32,3a23e7dc-d814-4772-a6f8-a814c8e0128b,22.22,69.05,69.05,72.89,23.26,Bronze
ALLIANCE > HQIP,Epilepsy 12 - clinical audit,Not Rated,22.22,3a51b861-026d-45ed-abe6-30d9cc07b516,31.75,45.23,26.19,47.98,30.23,Not Rated
ALLIANCE > HQIP,National Paediatric Diabetes Audit - Spotlight survey of workforce in Paediatric Diabetes Units,Not Rated,22.22,3a9ab245-5fcc-49a0-ae58-12ebab9b0053,36.51,42.86,26.19,45.66,34.88,Not Rated
HUBS > BREATHE,COVID-19 Detection from Chest X-Rays using Deep Learning,Bronze,55.56,3aa01779-831e-478f-b4e3-7c111d642b18,19.05,68.25,64.29,74.0,16.28,Bronze
ALLIANCE > SAIL,Annual District Birth Extract,Gold,100.0,3ab70331-aa54-4f0d-aa95-ea2b95bed9d5,25.4,87.3,95.24,87.16,20.93,Gold
ALLIANCE > PUBLIC HEALTH SCOTLAND,SICSAG Episodes (Scottish Intensive Care Audit Group),Bronze,82.54,3c9e8226-f12c-4824-9996-29a667b9609c,36.51,73.02,73.81,71.79,30.23,Bronze
ALLIANCE > BARTS,"Problems, Diagnosis and Procedures",Not Rated,14.29,3cd53c68-7e56-4c3e-b7c2-bd7e18040ec5,39.68,37.3,16.67,38.57,39.53,Not Rated
ALLIANCE > DUNDEE,Renal Register – ISD National dataset,Not Rated,14.29,3d42b7e1-89b0-4bef-9e42-18edc328f28f,36.51,38.89,16.67,39.73,37.21,Not Rated
ALLIANCE > HQIP,National Clinical Audit of Anxiety and Depression - spotlight audit on psychological therapies (patient experience survey),Not Rated,22.22,3e89692b-7aa2-49d6-b802-82921bd7e006,33.33,44.45,26.19,46.81,32.56,Not Rated
HUBS > BREATHE,"Extended Cohort for E-health, Environment and DNA (EXCEED)",Silver,100.0,3ee52adc-b97e-4f7b-a251-a1c9841a380c,30.16,84.92,95.24,83.66,27.91,Silver
ALLIANCE > HQIP,National Emergency Laparotomy Audit - Patient Audit Dataset,Not Rated,22.22,3f299029-3126-4ce0-893c-4a759cbe90b1,34.92,43.65,26.19,46.81,32.56,Not Rated
ALLIANCE > SAIL,Cafcass Wales,Gold,100.0,3fceb952-0b21-40f4-bd69-fa5cd7ad7df9,20.63,89.69,95.24,88.32,18.6,Gold
ALLIANCE > DUNDEE,Walker Study Data,Not Rated,14.29,3fd5f728-fdb4-4ce2-86ec-f626787d455c,36.51,38.89,16.67,39.73,37.21,Not Rated
ALLIANCE > OUH,Endobase,Not Rated,14.29,40573895-497b-4d47-90e1-6aafe70b93f6,39.68,37.3,16.67,38.57,39.53,Not Rated
ALLIANCE > TISSUE DIRECTORY,Bloodwise Childhood Leukaemia Cell Bank,Bronze,63.49,406e7ae7-554b-4807-b3a5-a4d81316cf9c,20.63,71.43,71.43,75.25,20.93,Bronze
NHS Digital,Mental Health and Learning Disabilities Data Set,Not Rated,74.6,4262e057-6978-4e4c-a05d-c4f328422090,46.03,64.28,61.9,57.7,46.51,Not Rated
ALLIANCE > HQIP,National Neonatal Audit Programme - 2 year outcomes audit,Not Rated,22.22,4271bc64-b139-40b0-98de-5f2e94e2d026,31.75,45.23,26.19,47.98,30.23,Not Rated
ALLIANCE > CPRD,HES Patient Reported Outcomes Measures (PROMs) data for CPRD Aurum,Not Rated,71.43,42780b16-32e3-442e-92cd-1810bf30dab8,41.27,65.08,61.9,61.19,39.53,Not Rated
ALLIANCE > HQIP,Falls and Fragility Fracture Audit Programme National Audit of Inpatient Falls clinical dataset,Not Rated,22.22,430331ef-fa66-485b-b090-e4e83def9136,36.51,42.86,26.19,45.66,34.88,Not Rated
ALLIANCE > SCOTLAND,Scottish Cancer Registry (SMR06),Silver,90.48,4481aab8-9b4f-43dd-9cd4-1e427561a2a5,30.16,80.16,83.33,76.55,30.23,Silver
NHS Digital,Mental Health Minimum Dataset v4 (Sensitive) Events,Not Rated,77.78,46493a09-b3bb-4c0e-b944-82665ee21508,55.56,61.11,64.29,56.57,51.16,Not Rated
ALLIANCE > DUNDEE,Deaths General Registrar Office – National Records Scotland,Not Rated,14.29,464b06d6-239a-4c6d-a626-242ba7e79e05,36.51,38.89,16.67,39.73,37.21,Not Rated
ALLIANCE > SCOTLAND,Child Health Systems Programme - School,Bronze,57.14,4660884b-e40a-4251-ad19-40872641fa8c,20.63,68.25,64.29,71.68,20.93,Bronze
ALLIANCE > HQIP,National Vascular Registry - Organisational Audit dataset,Not Rated,22.22,4678a81d-dfb6-478a-a373-d5510866b3d0,31.75,45.23,26.19,47.98,30.23,Not Rated
ALLIANCE > HQIP,National Cardiac Audit Programme - National Congenital Heart Disease Audit (NCHDA),Not Rated,22.22,46e4c3ba-dae2-453d-832a-88ea603110f1,36.51,42.86,26.19,45.66,34.88,Not Rated
ALLIANCE > HQIP,National Vascular Registry Audit - Lower Limb Bypass clinical dataset,Not Rated,22.22,47bec08b-57b7-450e-9be7-af19bab99b58,31.75,45.23,26.19,47.98,30.23,Not Rated
HUBS > BREATHE,Theory of Planned Behaviour Intervention: respiratory disease in South India,Bronze,53.97,47e9fa0a-d74f-43bc-ae63-0eb33f354f01,20.63,66.67,61.9,71.65,18.6,Bronze
HUBS > DATA-CAN,Comprehensive Patient Records for Cancer Outcomes,Silver,100.0,49dc6bfb-37f7-4f18-92e7-1a06ab80633e,34.92,82.54,95.24,82.5,30.23,Silver
ALLIANCE > DUNDEE,Tayside Microbiology: Isolations,Not Rated,14.29,4a295c54-ccbb-4aef-9ea9-8fc46749b123,36.51,38.89,16.67,39.73,37.21,Not Rated
HUB > NHS DIGITRIALS,Hospital Episode Statistics Admitted Patient Care,Silver,85.71,4a813fda-a3c4-422e-9d11-c031ebc1f74f,33.33,76.19,78.57,73.0,32.56,Bronze
HUB > DISCOVER NOW,North West London Adult Social Care Data (NWL ASC),Silver,96.83,4b1202a7-aaf8-486d-86b0-d75a421a5e60,33.33,81.75,92.86,82.47,27.91,Silver
ALLIANCE > SAIL,Daily Situation Report Data,Gold,98.41,4b6d3344-e73a-4f46-8e9d-fabb85827772,20.63,88.89,92.86,87.13,18.6,Gold
ALLIANCE > HQIP,National Paediatric Diabetes Audit - Spotlight survey of diabetes-related technologies,Not Rated,22.22,4b71fca4-8b2c-4e37-8996-b64a9c1450f0,36.51,42.86,26.19,45.66,34.88,Not Rated
NHS Digital,Emergency Care Data Set (ECDS),Not Rated,74.6,4bb4bf38-870b-47e5-b5d1-dc75b3d4ea6a,49.21,62.69,61.9,56.53,48.84,Not Rated
ALLIANCE > SCOTLAND,Scottish Birth Record (SBR),Bronze,57.14,4c1f6594-9ade-4e24-8e44-af9ecb73e231,20.63,68.25,64.29,71.68,20.93,Bronze
ALLIANCE > TISSUE DIRECTORY,VinCaP,Bronze,60.32,4cfabd2a-e590-4f63-82f5-6d543b0075cf,19.05,70.64,69.05,75.22,18.6,Bronze
ALLIANCE > TISSUE DIRECTORY,Myeloma XII clinical trial samples,Bronze,60.32,4d95d730-a53a-4856-a278-b2fba96657c4,20.63,69.84,69.05,74.06,20.93,Bronze
ALLIANCE > SCOTLAND,Child Health Systems Programme - 27-30Months Review,Silver,82.54,4f721a52-b3cd-4594-9099-5185f80832c7,25.4,78.57,76.19,75.31,25.58,Bronze
HUBS > BREATHE,COPDMAP Consortium,Not Rated,50.79,505318b6-609c-4baf-9dea-2e3532f936f8,23.81,63.49,61.9,69.32,23.26,Bronze
ALLIANCE > HQIP,National Audit of Psychosis - Audit on Early Intervention in Psychosis services -  patient experience survey,Not Rated,22.22,50631db6-126e-4b3a-8035-444b66ba4afa,33.33,44.45,26.19,46.81,32.56,Not Rated
HUBS > BREATHE,Prospective Observation of Fibrosis in the Lung Clinical Endpoints,Bronze,71.43,50feb9f3-3be8-4690-913b-bd462d27d3db,22.22,74.61,80.95,78.84,23.26,Silver
ALLIANCE > OUH,Outpatient Appointment Dataset,Not Rated,14.29,510e1782-1650-4342-9c20-185ca47f7b11,39.68,37.3,16.67,38.57,39.53,Not Rated
ALLIANCE > NHS DIGITAL,COVID-19 SARI-Watch (formerly CHESS),Silver,84.13,511f73b6-5181-408d-ae40-69b0ef70e732,31.75,76.19,76.19,72.98,30.23,Bronze
HUB > NHS DIGITRIALS,Hospital Episode Statistics Accident and Emergency,Silver,85.71,512ab154-41e9-4231-9091-67814123e964,33.33,76.19,78.57,73.0,32.56,Bronze
HUBS > BREATHE,Leicester Respiratory Research Database,Bronze,53.97,5138fa73-6695-413d-9d03-a40ecad98fb5,20.63,66.67,61.9,70.48,20.93,Bronze
ALLIANCE > DUNDEE,Demography,Not Rated,14.29,514018c0-86e8-4998-8460-bb99912281ae,36.51,38.89,16.67,39.73,37.21,Not Rated
HUBS > BREATHE,International Severe Asthma Registry,Not Rated,23.81,52a4c514-0414-43c7-a400-1498a70ed85a,38.1,42.85,28.57,45.68,37.21,Not Rated
ALLIANCE > HQIP,National Audit of Care at the End of Life - organisational level audit,Not Rated,22.22,535fbfd4-34f0-436d-8de2-e708fd0fa103,31.75,45.23,26.19,47.98,30.23,Not Rated
HUB > NHS DIGITRIALS,MSDS (Maternity Services Data Set),Silver,87.3,54b52301-d0be-4441-8b84-8c521fe8946d,33.33,76.98,80.95,74.19,32.56,Bronze
ALLIANCE > HQIP,National Vascular Registry - Lower Limb Angioplasty clinical dataset,Not Rated,22.22,5536b00a-fb31-4e91-9bd8-e7f774974846,31.75,45.23,26.19,47.98,30.23,Not Rated
ALLIANCE > SAIL,National Community Child Health Database (NCCHD),Gold,100.0,553a0fcb-6bed-493c-a185-fa97dc5f370d,23.81,88.09,95.24,85.99,23.26,Silver
HUBS > BREATHE,Care-seeking practices for childhood pneumonia in non/tribal areas of Pune India,Bronze,53.97,561b8a79-6bac-4ffc-91f4-0bbec4e90968,19.05,67.46,61.9,72.81,16.28,Bronze
ALLIANCE > TISSUE DIRECTORY,Cardiff School of Dentistry Tooth Bank,Bronze,60.32,5758964b-1161-48ee-97b5-1e414f406978,19.05,70.64,69.05,75.22,18.6,Bronze
ALLIANCE > TISSUE DIRECTORY,Cardamon Clinical Trial Samples,Bronze,60.32,57f5eb44-bd9b-4ec5-b255-fe915ff74ab5,20.63,69.84,69.05,74.06,20.93,Bronze
ALLIANCE > TISSUE DIRECTORY,King's Health Partners Cancer Biobank,Bronze,60.32,593a5263-e2b5-4433-81c1-30b35a520488,20.63,69.84,69.05,74.06,20.93,Bronze
ALLIANCE > HQIP,National Clinical Audit of Anxiety and Depression - spotlight audit on psychological therapies (therapist survey),Not Rated,22.22,59bc96f9-69b7-4763-81a8-ec4695b6b55e,33.33,44.45,26.19,46.81,32.56,Not Rated
OTHER > Office for National Statistics,Coronavirus and the social impacts on Great Britain,Not Rated,53.97,5aa849d6-cff2-4515-8510-f5472b07955d,22.22,65.88,61.9,69.32,23.26,Bronze
ALLIANCE > TISSUE DIRECTORY,MesobanK,Bronze,60.32,5ad32bfa-8d4b-45cb-aa10-3b0a4bcfd258,20.63,69.84,69.05,74.06,20.93,Bronze
ALLIANCE > HSCNI,Enhanced Prescribing Database,Bronze,77.78,5ae869f8-b6af-41c0-bca0-1fffef112375,31.75,73.02,69.05,68.25,32.56,Bronze
ALLIANCE > DUNDEE,"Deaths – CHI, Community Health Index",Not Rated,14.29,5c01bfbe-5bda-4ff9-b565-d18e6e5d57d8,36.51,38.89,16.67,39.73,37.21,Not Rated
ALLIANCE > DUNDEE,NHS Tayside and Fife Haematology Biochemistry (Lab Data Restructured),Not Rated,14.29,5c56cfb6-46bb-4414-a963-24eafb0949f6,36.51,38.89,16.67,39.73,37.21,Not Rated
ALLIANCE > SCOTLAND,Scotland Accident and Emergency,Silver,88.89,5cffe432-21f9-44ba-b0fc-a6200115c21c,33.33,77.78,80.95,75.36,30.23,Bronze
HUBS > BREATHE,SpiroMeta Consortium Dataset,Silver,69.84,5d2758c6-b315-421f-9971-9df8ba83a2d4,11.11,79.37,78.57,84.63,9.3,Silver
ALLIANCE > OUH,ARIA Radonc,Not Rated,14.29,5e022f8f-4d07-44bb-a87c-43e31200fe1e,39.68,37.3,16.67,38.57,39.53,Not Rated
ALLIANCE > SAIL,Emergency Department Dataset Daily,Gold,100.0,5e2a7277-dc64-499a-b16d-51850d9ad00b,25.4,87.3,95.24,87.16,20.93,Gold
ALLIANCE > HQIP,National Paediatric Diabetes Audit - core clinical dataset (care processes and outcomes),Not Rated,22.22,5ea9c568-b850-4589-bcbb-6ee0cfd322cd,36.51,42.86,26.19,45.66,34.88,Not Rated
HUB > DISCOVER NOW,North West London Integrated Care Record (NWL ICR),Silver,96.83,5eaf28aa-dfd4-4bf6-b5e7-3d172a2c3cf7,30.16,83.34,92.86,82.47,27.91,Silver
ALLIANCE > TISSUE DIRECTORY,UK CLL Trials Biobank,Bronze,60.32,5eecebc6-d896-46de-92df-d108bb193b17,20.63,69.84,69.05,74.06,20.93,Bronze
HUB > NHS DIGITRIALS,Hospital Episode Statistics Outpatients,Bronze,85.71,5fffe53e-10bb-4d90-a5f6-fbac20c5ab9a,34.92,75.39,78.57,71.84,34.88,Bronze
ALLIANCE > HQIP,National Maternity and Perinatal Audit Organisational Survey 2019,Not Rated,22.22,600be397-211b-4f65-9f82-e85f4393fb8a,31.75,45.23,26.19,47.98,30.23,Not Rated
ALLIANCE > SCOTLAND,Child Health Systems Programme - 13-15 Month Review,Silver,85.71,60a303b6-1ebf-466e-ab5c-db92ca7a13c4,23.81,80.95,78.57,77.66,23.26,Silver
ALLIANCE > HQIP,National Clinical Audit of Anxiety and Depression - Core audit of practice,Not Rated,22.22,61cf3b8d-5a1b-4241-aaac-89599bf17ab6,31.75,45.23,26.19,47.98,30.23,Not Rated
OTHER > Office for National Statistics,Census 2011 E&W - Household structure for COVID-19 models,Bronze,84.13,62087504-c04e-4382-9c71-e1c9b83d2d5e,33.33,75.4,76.19,71.81,32.56,Bronze
HUBS > BREATHE,ICT-based intervention for adult asthma with limited health literacy,Bronze,60.32,62824365-480a-4d20-9ab2-7e7739e7e2ec,17.46,71.43,71.43,78.74,13.95,Silver
ALLIANCE > TISSUE DIRECTORY,UK real-world lymphoid tissue bank,Bronze,63.49,62b17ee5-97e3-468e-ba48-e8685ea28461,20.63,71.43,71.43,75.25,20.93,Bronze
ALLIANCE > TISSUE DIRECTORY,UKCTOCS Longitudinal Women's Cohort (UKLWC),Bronze,63.49,62d11868-51d7-4b3a-99eb-da9f5d3797dc,23.81,69.84,71.43,74.09,23.26,Bronze
ALLIANCE > NIHR BIORESOURCE,Contact detail,Silver,90.48,62fc43ed-1198-4769-ad39-a0bc2c05fd47,31.75,79.37,85.71,77.74,30.23,Silver
ALLIANCE > SAIL,COVID-19 Symptom Tracker Dataset,Gold,100.0,6325125b-6157-4c20-8bc0-54e2c45cf19b,17.46,91.27,95.24,89.48,16.28,Gold
ALLIANCE > DUNDEE,Fife Microbiology: Tests,Not Rated,14.29,63f6d960-da48-4de6-9183-5518f1ce7644,36.51,38.89,16.67,39.73,37.21,Not Rated
ALLIANCE > PUBLIC HEALTH SCOTLAND,SICSAG Daily (Scottish Intensive Care Audit Group),Bronze,82.54,63f9444f-d23b-425c-9ee5-aa09968afa08,36.51,73.02,73.81,71.79,30.23,Bronze
HUBS > BREATHE,Wales Asthma Observatory,Gold,98.41,6439bf82-d0b4-4d7f-b7d9-f1e716b12df5,23.81,87.3,92.86,85.97,20.93,Silver
ALLIANCE > DUNDEE,Prescribing,Not Rated,14.29,64640c6f-bc49-419f-bb2c-13c07d94adc9,36.51,38.89,16.67,39.73,37.21,Not Rated
ALLIANCE > HQIP,National Audit of Dementia Round 4 - organisational checklist,Not Rated,22.22,64a0ba4d-776c-4979-a4b0-1f1fb6b61c85,31.75,45.23,26.19,47.98,30.23,Not Rated
ALLIANCE > SAIL,Higher Education Statistics Agency (HESA) Student Data,Silver,96.83,64c6a583-f71b-478e-a26b-5e581226ec6d,26.98,84.92,90.48,83.61,23.26,Silver
ALLIANCE > SAIL,Diagnostic and Therapy Services Waiting Times,Gold,98.41,65c8a30c-de2c-47bf-87e4-18c86e75e54a,25.4,86.5,92.86,85.97,20.93,Silver
ALLIANCE > DUNDEE,NHS Tayside and Fife Immunology (Extractable),Not Rated,14.29,660ae034-5631-4fdb-8af5-cf39015c12f8,36.51,38.89,16.67,39.73,37.21,Not Rated
ALLIANCE > BARTS,Critical Care Minimum Dataset,Not Rated,14.29,673626f3-bdac-4d32-9bb8-c890b727c0d1,39.68,37.3,16.67,38.57,39.53,Not Rated
ALLIANCE > SAIL,Critical Care Dataset,Gold,100.0,67ae329c-f51e-4a28-9a1c-e35d2819a6c3,25.4,87.3,95.24,87.16,20.93,Gold
ALLIANCE > SAIL,COVID-19 Shielded People list,Gold,100.0,67ef8ade-51e6-4737-acee-be871751a698,25.4,87.3,95.24,87.16,20.93,Gold
HUBS > BREATHE,Exploring the provision of supportive care for patients with COPD in Malaysia,Not Rated,46.03,68eca6a2-7c32-4bea-bcd1-c07dc50ee018,22.22,61.91,52.38,65.72,20.93,Not Rated
ALLIANCE > TISSUE DIRECTORY,Leeds Breast Research Tissue Bank,Bronze,60.32,6951e949-6aa3-4670-ad05-db8e954b3524,20.63,69.84,69.05,74.06,20.93,Bronze
HUB > INSIGHT,Moorfields Eye Image Dataset Release 001,Silver,96.83,6959639d-5bd2-4b53-918e-8f56784b2870,31.75,82.54,92.86,80.15,32.56,Silver
OTHER > Office for National Statistics,Labour Force Survey (Longitudinal),Not Rated,25.4,697040c3-b26e-406d-b675-441b32cc1a53,34.92,45.24,30.95,49.2,32.56,Not Rated
ALLIANCE > TISSUE DIRECTORY,Northern Ireland Biobank (NIB),Bronze,63.49,6983134e-c920-47db-957b-47e873644eb0,20.63,71.43,71.43,75.25,20.93,Bronze
ALLIANCE > CPRD,Systemic Anti-Cancer Treatment (SACT) data for CPRD GOLD,Not Rated,60.32,6a8066c7-a8f4-44a6-9efd-871b19a3689f,47.62,56.35,47.62,49.39,48.84,Not Rated
ALLIANCE > RCGP,The Royal College of General Practitioners (RCGP) Research and Surveillance Centre (RSC) primary care sentinel network and database,Silver,96.83,6b41863d-690e-492e-8034-303d56f12f22,41.27,77.78,92.86,77.83,37.21,Silver
ALLIANCE > HQIP,National Diabetes Audit - National Diabetes Foot Care Audit clinical dataset,Not Rated,22.22,6b53f274-c927-4b8f-bcc3-1d85fabf16ee,31.75,45.23,26.19,47.98,30.23,Not Rated
ALLIANCE > SAIL,Welsh Dispensing Dataset,Gold,98.41,6b7893b5-74bc-49e2-ab4d-50e7695f54a5,22.22,88.09,92.86,85.97,20.93,Silver
ALLIANCE > DUNDEE,"NHS Tayside A&E, Diagnosis dataset during A&E visit",Not Rated,14.29,6cb4e624-a971-4d73-949e-bc57353e512b,36.51,38.89,16.67,39.73,37.21,Not Rated
ALLIANCE > HQIP,National Joint Registry - Revision Elbow Replacement dataset,Not Rated,22.22,6d1b9b23-1197-4857-9b17-9e26cb0633e8,33.33,44.45,26.19,46.81,32.56,Not Rated
ALLIANCE > CPRD,HES Outpatient data for CPRD Aurum,Bronze,79.37,6e1d8f50-f718-4964-9c88-2c80cbaa92b5,39.68,69.84,71.43,65.95,39.53,Not Rated
ALLIANCE > TISSUE DIRECTORY,Ethical Tissue - University of Bradford,Bronze,60.32,6e535e7c-0ceb-4666-9361-e75e9c4a97ca,20.63,69.84,69.05,74.06,20.93,Bronze
ALLIANCE > NIHR BIORESOURCE,Demographic,Silver,92.06,6ecc2cb0-3b9b-47fc-9c80-78da44f070ef,33.33,79.37,88.1,78.94,30.23,Silver
ALLIANCE > HQIP,Epilepsy 12 - Patient Reported Experience Measure,Not Rated,22.22,6efbc62f-6ebb-4f18-959b-1ec6fd0cc6fb,31.75,45.23,26.19,47.98,30.23,Not Rated
ALLIANCE > SAIL,COVID-19 Test results,Gold,100.0,6f24a4b8-66ab-4ea7-aa8c-3be3d0b4abf1,22.22,88.89,95.24,87.16,20.93,Gold
ALLIANCE > SAIL,Intensive Care National Audit and Research Centre,Silver,90.48,6f348bdc-21e4-459b-b658-dc839a1e2133,31.75,79.37,83.33,77.71,27.91,Silver
ALLIANCE > HQIP,National Joint Registry - Primary Hip Replacement dataset,Bronze,63.49,7038a67d-34ca-4754-a50f-41aa2849db69,25.4,69.05,71.43,72.93,25.58,Bronze
ALLIANCE > OUH,Infoflex Cancer Registry,Not Rated,14.29,72fe91de-b0c0-423a-ad68-bd7067b20ad8,39.68,37.3,16.67,38.57,39.53,Not Rated
HUBS > BREATHE,"Prevention, detection, treatment: adult lung disease/cancer in rural Tamil Nadu",Bronze,53.97,736a9d09-83c7-4cfa-ae82-a10b2a69efc8,20.63,66.67,61.9,71.65,18.6,Bronze
ALLIANCE > SAIL,Annual District Death Daily,Silver,100.0,73867034-fe12-4d23-8d11-66da716dcb3d,28.57,85.72,95.24,85.99,23.26,Silver
ALLIANCE > HSCNI,COVID antigen testing - Pillar 1,Bronze,77.78,7389dc03-1fc7-4af7-b12c-bbab448290f9,31.75,73.02,69.05,68.25,32.56,Bronze
OTHER > Office for National Statistics,Labour Force Survey (Person),Not Rated,25.4,73ba9de7-67fe-4728-b397-bc5fb1d67df1,34.92,45.24,30.95,49.2,32.56,Not Rated
NIHR Health Informatics Collaborative Viral Hepatitis Theme,HIC Hepatitis v2,Bronze,100.0,73f54071-62bf-48f5-8be1-569208b18ab8,52.38,73.81,95.24,74.36,46.51,Bronze
ALLIANCE > NHS DIGITAL,Covid-19 UK Non-hospital Antigen Testing Results,Bronze,84.13,744ab66e-8430-475a-a385-451347d9fc8a,34.92,74.6,76.19,70.66,34.88,Bronze
HUBS > BREATHE,Effects of second-hand smoke on pregnant women: a phenomenological study,Bronze,57.14,7480abe4-e073-40ef-882d-217542b5e08e,20.63,68.25,66.67,74.03,18.6,Bronze
ALLIANCE > CPRD,CPRD GOLD,Bronze,90.48,756daeaa-6e47-4269-9df5-477c01cdd271,39.68,75.4,83.33,71.9,39.53,Bronze
ALLIANCE > SAIL,Intensive Care National Audit and Research Centre - Covid19,Silver,90.48,7639cdc3-f368-4a43-80bd-58a67e70d407,31.75,79.37,83.33,77.71,27.91,Silver
ALLIANCE > HQIP,National Asthma and COPD Audit Programme (NACAP): secondary care workstream – children and young people asthma (organisational),Not Rated,22.22,76ec0282-02e0-4fff-b016-76bc6ffcb784,36.51,42.86,26.19,45.66,34.88,Not Rated
ALLIANCE > CPRD,HES Admitted Patient Care data for CPRD GOLD,Bronze,77.78,77b5cf84-d4f2-4418-bafa-73306cf2d2b2,38.1,69.84,69.05,65.92,37.21,Not Rated
ALLIANCE > HQIP,National Audit of Psychosis - Early Intervention Psychosis Audit patient experience survey,Not Rated,22.22,78d25670-9d20-4eb7-a79a-f29e53cc981f,33.33,44.45,26.19,46.81,32.56,Not Rated
NHS Digital,Mental Health Minimum Dataset v4.1 (Sensitive) Episodes,Not Rated,77.78,78fe2e13-7f40-406f-a584-04909d0ce060,55.56,61.11,64.29,56.57,51.16,Not Rated
HUBS > BREATHE,EMEP4UK Pollution,Not Rated,34.92,79116473-bda2-413c-82ad-ba2b86e5076f,28.57,53.18,40.48,57.45,25.58,Not Rated
PUBLIC HEALTH ENGLAND,National Cancer Registration and Analysis Service,Silver,92.06,79a7ad18-6941-4543-924a-787f2381f5e0,34.92,78.57,88.1,77.77,32.56,Silver
ALLIANCE > TISSUE DIRECTORY,Daisy Tumour Bank,Bronze,63.49,7a0d678a-a341-4643-af33-bfc22f2f4e9c,22.22,70.64,71.43,74.09,23.26,Bronze
NHS Digital,Mental Health & Learning Disabilities Dataset v 1 (Non-Sensitive) Records,Not Rated,77.78,7aa02796-787a-42c2-b97e-d008fa77e4b8,55.56,61.11,64.29,56.57,51.16,Not Rated
ALLIANCE > NHS DIGITAL,Medicines dispensed in Primary Care (NHSBSA data),Bronze,82.54,7b002523-ab79-42de-bc93-6c73e3cc2921,31.75,75.4,76.19,71.81,32.56,Bronze
ALLIANCE > TISSUE DIRECTORY,PTCL Biobank,Bronze,60.32,7c1fa7b2-2b76-4952-884e-8ef6f845c488,22.22,69.05,69.05,72.89,23.26,Bronze
HUB > PIONEER,Ventilatory strategies and outcomes for patients with COVID: a dataset in OMOP,Silver,80.95,7c738c20-953f-4003-b972-4abc6e163efb,26.98,76.98,71.43,71.76,27.91,Bronze
ALLIANCE > TISSUE DIRECTORY,Bristol Dental School Saliva Bank,Bronze,63.49,7ca98657-037c-43a8-872a-65a0520695e5,19.05,72.22,71.43,76.42,18.6,Silver
ALLIANCE > BARTS,Somerset Cancer Registry,Not Rated,14.29,7d501f79-5d1f-4104-a5b7-d46a97fcde5f,39.68,37.3,16.67,38.57,39.53,Not Rated
ALLIANCE > SCOTLAND,National Records of Scotland (NRS) - Births Data,Bronze,61.9,7db1c8bd-8d99-4189-8510-e6bdb0e19219,20.63,70.64,69.05,75.22,18.6,Bronze
ALLIANCE > HQIP,National Asthma and COPD Audit Programme (NACAP): Adult Asthma secondary care clinical dataset,Not Rated,22.22,7dc319da-a16f-4e63-a115-0cba3905a322,36.51,42.86,26.19,45.66,34.88,Not Rated
HUB > DISCOVER NOW,North West London Primary Care Events Data (NWL PCE),Silver,96.83,7e6c0a1f-c06f-4e5f-ae2f-93500569c4a5,31.75,82.54,92.86,82.47,27.91,Silver
ALLIANCE > HQIP,Epilepsy 12 - National organisational audit (service descriptor questionnaire) and Trust profile,Not Rated,22.22,7f125091-12ba-464d-af7d-9a88179b0b95,33.33,44.45,26.19,46.81,32.56,Not Rated
ALLIANCE > TISSUE DIRECTORY,UK MND Collections,Bronze,63.49,7f55c499-abd9-4f61-ac7e-93a4d15c79a2,20.63,71.43,71.43,75.25,20.93,Bronze
ALLIANCE > HQIP,"National Audit of Dementia - spotlight audit on the prescription of psychotropic medication, 2019",Not Rated,22.22,7fab080b-6e2a-4c82-a5e5-daf99c70662a,33.33,44.45,26.19,46.81,32.56,Not Rated
HUBS > BREATHE,Developing Patient and Public Involvement in Research in Malaysia,Not Rated,47.62,7fe20f78-758d-4449-beb4-ccf98e2d8247,20.63,63.5,54.76,68.08,18.6,Bronze
ALLIANCE > PUBLIC HEALTH SCOTLAND,NHS Scotland General Practice (GP) Contact Data - Subset,Bronze,80.95,80b54fc9-8dc0-4134-880d-ffa8d4473204,41.27,69.84,71.43,69.44,32.56,Bronze
ALLIANCE > SAIL,Cervical Screening Wales,Gold,100.0,80e9c439-4909-4534-8bfe-6f01fdec7de7,20.63,89.69,95.24,88.32,18.6,Gold
ALLIANCE > TISSUE DIRECTORY,National Unified Renal Translational Research Enterprise (NURTuRE),Bronze,60.32,81a515f5-5f4d-480e-b5ce-24faa7026c00,22.22,69.05,69.05,72.89,23.26,Bronze
NHS Digital,Mental Health & Learning Disabilities Dataset v 1 (Sensitive) Episodes,Not Rated,77.78,8226b6fa-d815-4f15-9064-b56beb0fddb1,55.56,61.11,64.29,56.57,51.16,Not Rated
ALLIANCE > TISSUE DIRECTORY,TRICON8B,Bronze,60.32,824a2ef7-d282-495e-b0fc-e25b3a9613c3,22.22,69.05,69.05,72.89,23.26,Bronze
ALLIANCE > SCOTLAND,Maternity Inpatient and Day Case - Scottish Morbidity Record (SMR02),Silver,90.48,824e20d9-217a-4028-bb49-91164edcca00,25.4,82.54,83.33,78.88,25.58,Silver
ALLIANCE > HQIP,National Audit of Dementia Round 4 - staff questionnaire,Not Rated,22.22,82665c1e-df7f-4136-a05f-0826533149e5,31.75,45.23,26.19,47.98,30.23,Not Rated
ALLIANCE > SAIL,National Exercise Referral Scheme,Gold,100.0,8270e26b-65ea-479c-8462-f5315b2657eb,20.63,89.69,95.24,88.32,18.6,Gold
ALLIANCE > TISSUE DIRECTORY,CASPS: A Phase II trial of Cediranib in ASPS patients,Bronze,60.32,82ef7d1a-98d8-48b6-9acd-461bf2a399c3,22.22,69.05,69.05,72.89,23.26,Bronze
ALLIANCE > TISSUE DIRECTORY,Leeds Multidisciplinary Research Tissue Bank,Bronze,63.49,8342e05e-cb12-4d29-ae84-b9b8421cb4f8,20.63,71.43,71.43,75.25,20.93,Bronze
ALLIANCE > TISSUE DIRECTORY,UKALL14 Trial,Bronze,60.32,843062c0-fca0-464f-aa9c-0d4908f40513,19.05,70.64,69.05,75.22,18.6,Bronze
NIHR Health Informatics Collaborative Cardiovascular Theme,HIC Acute Coronary Syndromes,Silver,100.0,844f3be0-f50d-4a88-9783-0928ad1c2aad,47.62,76.19,95.24,75.53,44.19,Bronze
ALLIANCE > TISSUE DIRECTORY,Epilepsy Society Brain and Tissue Bank,Bronze,60.32,84616d8c-336a-485b-9148-af6788efb721,20.63,69.84,69.05,74.06,20.93,Bronze
OTHER > The Univeristy of Cambridge,COMPARE,Not Rated,39.68,84b6d047-2a05-4fc0-8537-809dbb3d18ed,23.81,57.94,45.24,59.83,25.58,Not Rated
ALLIANCE > OUH,CRIS,Not Rated,14.29,84de0d13-f5bd-4c22-83d3-e1adb00d5a72,39.68,37.3,16.67,38.57,39.53,Not Rated
ALLIANCE > CPRD,Cancer registration data for CPRD Aurum,Not Rated,60.32,851bb11b-fa75-44ee-afe9-948dc7652555,47.62,56.35,47.62,49.39,48.84,Not Rated
ALLIANCE > HQIP,National Diabetes Audit - National Diabetes in Pregnancy clinical Audit dataset,Not Rated,22.22,858c517e-8ce3-4059-9326-d158489e48d1,31.75,45.23,26.19,47.98,30.23,Not Rated
ALLIANCE > TISSUE DIRECTORY,SCOT translational sample collection,Bronze,66.67,85b25afd-73a6-4455-9098-1f906bc7738d,23.81,71.43,76.19,75.31,25.58,Bronze
ALLIANCE > CPRD,HES Outpatient data for CPRD GOLD,Bronze,79.37,8625eb42-93df-4d33-875b-e6a93413d7ba,39.68,69.84,71.43,65.95,39.53,Not Rated
HUBS > BREATHE,Children's Health in London and Luton (CHILL),Silver,65.08,868613e0-23cc-4f8a-82da-18984589afd7,12.7,76.19,73.81,81.09,11.63,Silver
ALLIANCE > SCOTLAND,Child Health Systems Programme - 6-8week review,Silver,82.54,86b39921-f0d4-42be-8236-1808c215c06b,23.81,79.37,76.19,76.47,23.26,Silver
NHS Digital,HES:Civil Registration (Deaths) bridge,Not Rated,74.6,86d7088b-7a15-4e9a-b2b0-857a67e04650,49.21,62.69,61.9,57.7,46.51,Not Rated
ALLIANCE > CPRD,Death Registration data for CPRD GOLD,Bronze,77.78,87244819-4596-4e5d-baaa-f3fe4eb74b4b,42.86,67.46,69.05,63.59,41.86,Not Rated
ALLIANCE > HQIP,National Early Inflammatory Arthritis Audit - clinical dataset,Not Rated,22.22,875999d5-f5ed-4136-ac20-b20f1abe27dd,34.92,43.65,26.19,46.81,32.56,Not Rated
ALLIANCE > NIHR BIORESOURCE,NHS Trust data,Not Rated,22.22,8783d7d2-2b89-44cc-bbc6-645e5483e2fe,34.92,43.65,26.19,46.81,32.56,Not Rated
ALLIANCE > CYSTIC FIBROSIS TRUST,Cystic Fibrosis Patient CFQ-R,Silver,100.0,8881192f-ffdf-4917-be80-e7daab9a0ca2,36.51,81.75,95.24,82.5,30.23,Silver
NHS Digital,Mental Health Minimum Dataset v2.6 (Non-Sensitive),Not Rated,77.78,895e5c2f-e484-4d08-91c6-35ac2f85c231,55.56,61.11,64.29,56.57,51.16,Not Rated
ALLIANCE > TISSUE DIRECTORY,Children's Cancer and Leukaemia Group (CCLG) Tissue Bank,Bronze,60.32,89ae7d31-d183-4f5e-b754-7ae14449da76,20.63,69.84,69.05,74.06,20.93,Bronze
ALLIANCE > NIHR BIORESOURCE,Consent records,Silver,88.89,89e57932-ac48-48ac-a6e5-29795bc38b94,30.16,79.37,83.33,77.71,27.91,Silver
ALLIANCE > SAIL,Cafcass England,Gold,100.0,8a5047c0-bbe5-4b81-a56e-f6e7c1f3a5d9,20.63,89.69,95.24,88.32,18.6,Gold
ALLIANCE > CPRD,Patient postcode linked deprivation measures for CPRD Aurum,Not Rated,63.49,8ab1dc13-634e-46ae-9ba0-e094d446bd74,42.86,60.31,50.0,51.75,46.51,Not Rated
ALLIANCE > NHSX,The National COVID-19 Chest Imaging Database,Gold,100.0,8c13e03e-b9d2-4b04-8b98-097643a6beaf,26.98,86.51,95.24,85.99,23.26,Silver
ALLIANCE > TISSUE DIRECTORY,UNIRAD UK Sample collection,Bronze,60.32,8c50b721-8bbe-4d9e-86d1-08a6271fe047,22.22,69.05,69.05,72.89,23.26,Bronze
ALLIANCE > CYSTIC FIBROSIS TRUST,Cystic Fibrosis Patient Transplants,Silver,100.0,8c5be9df-c9b8-43ab-83ca-5d5dd61549da,36.51,81.75,95.24,82.5,30.23,Silver
HUB > DISCOVER NOW,North West London Outpatient Care Data (NWL OP),Silver,96.83,8cf1f0e9-10a6-4c59-824c-aca2f6dba670,28.57,84.13,92.86,83.64,25.58,Silver
NHS Digital,Bridge file: Hospital Episode Statistics to Mental Health Minimum Data Set,Not Rated,77.78,8d3f80d4-aeae-46f0-809b-cd6c51e24f75,49.21,64.28,64.29,58.89,46.51,Not Rated
ALLIANCE > NIHR BIORESOURCE,Whole Genome Sequencing,Not Rated,22.22,8e32341b-ebad-4e10-8f2b-60b0b5b0ef4c,36.51,42.86,26.19,45.66,34.88,Not Rated
ALLIANCE > NHS DIGITAL,Community Services Data Set,Not Rated,63.49,8e66e623-2859-4a65-93d7-abd41e139976,31.75,65.87,52.38,59.91,32.56,Not Rated
ALLIANCE > SAIL,Outpatient Dataset,Gold,100.0,8e6d7fcc-a4ad-4a32-bbc2-fe8631a38b43,22.22,88.89,95.24,87.16,20.93,Gold
NHS Digital,Mental Health Services Data Set - Inpatients,Not Rated,46.03,8eace3c2-1dc8-4708-9350-ad129b7d2bc9,36.51,54.76,47.62,54.05,39.53,Not Rated
HUBS > BREATHE,Pneumonia case management practices in selected communities in Pakistan,Bronze,58.73,8fc0a2cc-a8ce-4558-a98a-c514255833d8,17.46,70.63,69.05,77.55,13.95,Silver
OTHER > Office for National Statistics,Covid-19 Infection Survey,Bronze,80.95,90ad6023-6c7f-4605-9323-b478a27c3c9a,38.1,71.42,73.81,69.47,34.88,Bronze
HUB > DISCOVER NOW,North West London Admitted Patient Care Data (NWL APC),Silver,96.83,90baf782-0f16-4a48-8ff9-5a0b2aed7cd0,28.57,84.13,92.86,83.64,25.58,Silver
ALLIANCE > HQIP,National Asthma and COPD Audit Programme (NACAP): Pulmonary rehabilitation - organisational audit,Not Rated,22.22,91479cbf-664e-4782-8514-a3247bb5c4f4,36.51,42.86,26.19,45.66,34.88,Not Rated
ALLIANCE > HQIP,National Diabetes Audit - Core Clinical Audit Dataset,Not Rated,22.22,92d95f82-50a5-4df9-914a-ca26b14cf84c,31.75,45.23,26.19,47.98,30.23,Not Rated
ALLIANCE > OUH,Emergency Care Dataset (ECDS),Not Rated,14.29,93105053-ddf3-4339-9e4a-baf91c310370,39.68,37.3,16.67,38.57,39.53,Not Rated
ALLIANCE > SCOTLAND,National Records of Scotland (NRS) - Stillbirth Data,Silver,88.89,9328f206-db9a-4feb-9012-deab80cafd2e,36.51,76.19,80.95,75.36,30.23,Bronze
ALLIANCE > SAIL,National Survey for Wales,Gold,100.0,9360bc6c-2a7d-4415-869d-3e853c558f4d,26.98,86.51,95.24,85.99,23.26,Silver
ALLIANCE > GENOMICS ENGLAND,GENOMICS ENGLAND 100K CANCER & COMMON,Silver,100.0,93ffc937-dc5f-4fae-bb75-a8ad19ac3d3e,38.1,80.95,95.24,80.18,34.88,Silver
ALLIANCE > TISSUE DIRECTORY,TwinsUK,Bronze,63.49,9419a99b-f1fb-4566-8480-eecd4e189086,20.63,71.43,71.43,75.25,20.93,Bronze
HUB > INSIGHT,UHB Eye Image Dataset Release 001,Bronze,60.32,94351432-da7e-4d44-97eb-4359d45e0240,26.98,66.67,64.29,67.03,30.23,Bronze
ALLIANCE > HEALTH AND SOCIAL CARE NORTHERN IRELAND,Mortality (Death registration),Bronze,76.19,9450f059-807e-4cc3-9e2d-79a3589d9106,28.57,73.81,69.05,69.41,30.23,Bronze
HUBS > BREATHE,Genetics of Asthma Severity & Phenotypes,Bronze,71.43,94c082e5-b45f-43fe-9340-f4855f392fd4,22.22,74.61,80.95,78.84,23.26,Silver
ALLIANCE > TISSUE DIRECTORY,"Oncology Clinical Trials Office, University of Oxford",Bronze,60.32,952d4422-3f03-46e6-9dbd-1bf0f54b7e3a,20.63,69.84,69.05,74.06,20.93,Bronze
ALLIANCE > CPRD,Mental Health Dataset (MHDS) for CPRD GOLD,Not Rated,63.49,95475a1f-1623-4bfa-9821-1159d4dbcc8e,52.38,55.55,50.0,49.42,51.16,Not Rated
HUB > DATA-CAN,Real Time Data Network (RTDN),Bronze,77.78,960c4d6c-11dc-42c0-ab30-82606fd2974e,34.92,71.43,71.43,68.28,34.88,Bronze
ALLIANCE > CPRD,Pregnancy Register for CPRD GOLD,Not Rated,69.84,96d29a1d-9566-4793-8dbb-351fbe2eb790,47.62,61.11,54.76,52.96,48.84,Not Rated
ALLIANCE > TISSUE DIRECTORY,The PEACE Study,Bronze,60.32,979d600f-f541-4028-8576-a6e4603fc244,22.22,69.05,69.05,74.06,20.93,Bronze
HUBS > GUT REACTION,IBD Registry,Not Rated,20.63,97ddd990-f47a-40f5-9178-cbf742e4c613,38.1,41.27,23.81,43.3,37.21,Not Rated
NHS Digital,Mental Health Minimum Dataset v4 (Sensitive) Records,Not Rated,77.78,97fa09e6-5ea5-41cd-baf8-20366db13a3f,55.56,61.11,64.29,56.57,51.16,Not Rated
ALLIANCE > TISSUE DIRECTORY,Public Health England Seroepidemiology Unit,Bronze,60.32,98a03f2b-1a67-4653-a4f5-f9db7262a94d,20.63,69.84,69.05,74.06,20.93,Bronze
ALLIANCE > SCOTLAND,GP Out of Hours,Silver,88.89,98babf8f-a557-410a-9075-640db283c9a3,28.57,80.16,80.95,76.52,27.91,Silver
ALLIANCE > CPRD,Quality of Life of Cancer Survivors in England: Pilot Patient Reported Outcomes Measures Survey (2011) for CPRD GOLD,Not Rated,60.32,992c8fe6-f460-490c-b202-8d4d9c434425,44.44,57.94,47.62,49.39,48.84,Not Rated
ALLIANCE > DUNDEE,Tayside Microbiology: Tests,Not Rated,14.29,992d45d6-c80e-474d-87ff-4503ee1210a2,36.51,38.89,16.67,39.73,37.21,Not Rated
ALLIANCE > SCOTLAND,Child Health Systems Programme - 4-5 year review,Silver,82.54,995c0f8d-f5ef-470a-8ffe-6bdb956bdbc0,23.81,79.37,76.19,76.47,23.26,Silver
ALLIANCE > HQIP,National Bowel Cancer Audit - clinical dataset,Not Rated,22.22,9a4ef776-6b4b-40cd-9c88-cbf1128780e9,33.33,44.45,26.19,46.81,32.56,Not Rated
ALLIANCE > CPRD,Cancer Patient Experience Survey (CPES) for CPRD GOLD,Not Rated,60.32,9a58219f-8cea-479c-bb5f-c68cae23136b,42.86,58.73,47.62,50.55,46.51,Not Rated
ALLIANCE > ISARIC 4C,COVID-19 Clinical Information Network (CO-CIN),Silver,85.71,9a85b69e-fd3e-4522-bc68-48024df0ea3e,28.57,78.57,80.95,78.84,23.26,Silver
NHS Digital,Mental Health Services Data Set - Currencies,Not Rated,46.03,9b7f7994-0b9c-4809-b67d-45ae1f04ec5c,36.51,54.76,47.62,54.05,39.53,Not Rated
ALLIANCE > CPRD,HES Patient Reported Outcomes Measures (PROMs) data for CPRD GOLD,Not Rated,71.43,9bc66d1b-68a2-4d4e-a54a-cc3842ff95c7,41.27,65.08,61.9,61.19,39.53,Not Rated
ALLIANCE > HQIP,National Asthma and COPD Audit Programme (NACAP):COPD and adult asthma secondary care organisational dataset,Not Rated,20.63,9beca627-12cd-4231-8638-93cf0bdfa413,38.1,41.27,23.81,43.3,37.21,Not Rated
ALLIANCE > NIHR BIORESOURCE,Sample holding,Silver,92.06,9bfcf24b-5b13-4997-9062-6c58583e69cd,38.1,76.98,88.1,75.44,37.21,Bronze
ALLIANCE > ALSPAC,Avon Longitudinal Study of Parents and Children,Bronze,61.9,9c07be99-54a1-4a23-8de2-492e8dfea55a,28.57,66.67,71.43,70.6,30.23,Bronze
ALLIANCE > HQIP,Falls and Fragility Fracture Audit Programme National Hip Database clinical dataset,Not Rated,22.22,9c0f13ca-5831-4d9b-860a-7d856be7a9f1,36.51,42.86,26.19,45.66,34.88,Not Rated
ALLIANCE > TISSUE DIRECTORY,Tissue Access for Patient Benefit (TAPb),Bronze,60.32,9cb10184-7459-4ca5-ac30-d2364e70821d,23.81,68.25,69.05,72.89,23.26,Bronze
ALLIANCE > NIHR BIORESOURCE,Full Blood Counts,Not Rated,22.22,9ccfde56-dd13-4606-a6c1-1e797d3b8d82,34.92,43.65,26.19,46.81,32.56,Not Rated
ALLIANCE > TISSUE DIRECTORY,POUT-T,Bronze,60.32,9e8982cb-6e2b-4c6e-b9d5-80a3794eb1dc,20.63,69.84,69.05,74.06,20.93,Bronze
HUB > PIONEER,The impact of COVID on hospitalised patients with COPD; a dataset in OMOP,Silver,82.54,9e965a9f-4213-43f3-9033-c7df1610ceb5,26.98,77.78,73.81,72.95,27.91,Bronze
OTHER > Office for National Statistics,Death registration data - Provisional Monthly Extracts,Not Rated,52.38,9f34263d-ea74-4ddf-84df-b8dedd4baf6d,23.81,64.28,59.52,66.97,25.58,Bronze
ALLIANCE > TISSUE DIRECTORY,MDSBio,Bronze,60.32,9f45db59-b3c9-4c33-85bf-25c1b5242903,19.05,70.64,69.05,75.22,18.6,Bronze
ALLIANCE > HQIP,National Early Inflammatory Arthritis Audit - patient survey,Not Rated,22.22,a05443cd-e292-4b5f-b1f1-95718e300d46,34.92,43.65,26.19,46.81,32.56,Not Rated
ALLIANCE > CPRD,Cancer registration data for CPRD GOLD,Not Rated,61.9,a0dad23c-c02d-4347-92ef-0019fa59eb3e,49.21,56.34,50.0,49.42,51.16,Not Rated
NIHR Health Informatics Collaborative Renal Transplantation Theme,HIC Transplantation,Bronze,98.41,a0e0c0c2-072a-47ac-9252-e27b37ac024f,58.73,69.84,92.86,70.85,51.16,Bronze
NHS Digital,Mental Health Minimum Dataset v4.1 (Non-Sensitive) Events,Not Rated,77.78,a1a67182-e81b-4144-ac51-92a86f277eb2,55.56,61.11,64.29,56.57,51.16,Not Rated
ALLIANCE > SAIL,Brecon dataset,Gold,100.0,a1e1ec62-d78c-40ac-9f90-66ef1dd865b2,20.63,89.69,95.24,88.32,18.6,Gold
ALLIANCE > TISSUE DIRECTORY,Cam-UroOnc Biorepository,Bronze,60.32,a1f9315e-8561-4e7b-b1a7-1276bdeca14d,20.63,69.84,69.05,74.06,20.93,Bronze
HUB > DISCOVER NOW,North West London Community Data (NWL COM),Silver,96.83,a1ff2a5a-604a-45e8-98de-858afd9a8acb,33.33,81.75,92.86,82.47,27.91,Silver
ALLIANCE > TISSUE DIRECTORY,ICON9 Trial,Bronze,60.32,a2d94442-91c1-4626-b28f-700eb436a4c1,20.63,69.84,69.05,74.06,20.93,Bronze
ALLIANCE > SCOTLAND,ECOSS (-/+VE tested patients only),Bronze,84.13,a3b9cfd3-abd1-4d18-99cc-360cd9d543c2,41.27,71.43,76.19,71.81,32.56,Bronze
HUB > PIONEER - HDR-UK Health data Hub in Acute Care,"Deeply phenotyped sepsis patients within hospital: onset, treatments & outcomes",Bronze,79.37,a4109f11-4ece-4173-bd12-689616c24b88,30.16,74.61,71.43,70.6,30.23,Bronze
ALLIANCE > BARTS,Freetext Dataset,Not Rated,14.29,a429e699-4650-4feb-9392-f24aa3a3b7b6,39.68,37.3,16.67,38.57,39.53,Not Rated
ALLIANCE > SAIL,Care Home Dataset,Gold,100.0,a45acd02-82d7-4bfe-9845-6b4df683bba8,20.63,89.69,95.24,88.32,18.6,Gold
ALLIANCE > TISSUE DIRECTORY,Sheffield Brain Tissue Bank (SBTB),Bronze,66.67,a49a1145-4334-4c2a-81cb-90155e8f05c6,23.81,71.43,76.19,75.31,25.58,Bronze
ALLIANCE > TISSUE DIRECTORY,plasmaMATCH,Bronze,60.32,a617a37d-1813-49ad-8282-38169981a095,22.22,69.05,69.05,72.89,23.26,Bronze
ALLIANCE > BARTS,Community Services Dataset,Not Rated,14.29,a675ac5e-ecc2-4899-9c3c-65c2f36432c5,39.68,37.3,16.67,38.57,39.53,Not Rated
ALLIANCE > TISSUE DIRECTORY,UK primary Sjogren's syndrome Registry,Bronze,60.32,a6fb087d-1a90-4db0-9fcf-323c5b3cce51,22.22,69.05,69.05,72.89,23.26,Bronze
ALLIANCE > TISSUE DIRECTORY,Central England Haemato-oncology and oncology Research Biobank (CEHRB),Bronze,63.49,a7209348-c011-44d0-9c4f-35a2014c2542,22.22,70.64,71.43,74.09,23.26,Bronze
ALLIANCE > OUH,LIMS,Not Rated,14.29,a74f72ad-bf70-42e4-8933-069c7b53c7f9,39.68,37.3,16.67,38.57,39.53,Not Rated
ALLIANCE > CPRD,Quality of Life of Colorectal Cancer Survivors in England: Patient Reported Outcome Measures Survey for CPRD Aurum,Not Rated,63.49,a772b8dd-cb93-4f27-a349-329992e0b212,49.21,57.14,50.0,49.42,51.16,Not Rated
ALLIANCE > SAIL,GP dataset - Welsh Primary Care,Gold,100.0,a79dbdef-eac1-49d7-9fdb-150ed5340481,22.22,88.89,95.24,87.16,20.93,Gold
ALLIANCE > HQIP,National Asthma and COPD Audit Programme (NACAP): primary care workstream resources,Not Rated,22.22,a895be78-f41c-40b8-b2fa-678a071a6427,36.51,42.86,26.19,45.66,34.88,Not Rated
NHS Digital,Mental Health Minimum Dataset v3_3.5 (Non-Sensitive),Not Rated,77.78,aa019da2-0f2f-493c-95e8-7263ee735f46,55.56,61.11,64.29,56.57,51.16,Not Rated
ALLIANCE > CPRD,HES Diagnostic Imaging Dataset for CPRD GOLD,Bronze,77.78,aa8c53e8-f91f-41f7-9522-7e2462a9a84b,38.1,69.84,69.05,65.92,37.21,Not Rated
HUB > NHS DIGITRIALS,National Diabetes Audit,Silver,87.3,aafe3a2f-c0f3-44f2-b50e-d1120d5f2e93,31.75,77.78,80.95,75.36,30.23,Bronze
NHS Digital,Mental Health Minimum Data Set,Not Rated,74.6,acafb160-b18a-436e-90f1-dc4530a90267,46.03,64.28,61.9,57.7,46.51,Not Rated
ALLIANCE > TISSUE DIRECTORY,REQUITE,Bronze,60.32,ace79a9e-1552-4287-9f6e-9d01f628252b,20.63,69.84,69.05,74.06,20.93,Bronze
ALLIANCE > TISSUE DIRECTORY,Cardiff University Biobank,Bronze,63.49,ad5c7693-983e-4f32-a979-9ab550f2084a,20.63,71.43,71.43,75.25,20.93,Bronze
HUBS > BREATHE,Optimum Patient Care Research Database,Not Rated,41.27,ae4b8371-d037-46e8-bdcd-bf3de08ef38e,25.4,57.94,50.0,63.37,23.26,Not Rated
ALLIANCE > TISSUE DIRECTORY,Cambridge Blood and Stem Cell Biobank,Bronze,60.32,ae4f0589-8679-48a1-ad04-2324a5001869,20.63,69.84,69.05,74.06,20.93,Bronze
ALLIANCE > HQIP,National Audit of Care at the End of Life - Quality Survey,Not Rated,22.22,aeb2f1ea-c914-4b30-94c8-9fd3eb51b288,31.75,45.23,26.19,47.98,30.23,Not Rated
ALLIANCE > CYSTIC FIBROSIS TRUST,Cystic Fibrosis Patient NTM culture,Silver,100.0,af148400-1ec6-436d-910e-45350a54c390,36.51,81.75,95.24,83.66,27.91,Silver
HUBS > BREATHE,Community perception on public health measures for COVID-19 prevention/control,Bronze,55.56,af238430-c257-4d60-9ff0-1de6b825f09e,20.63,67.47,64.29,72.84,18.6,Bronze
ALLIANCE > TISSUE DIRECTORY,RAPPER,Bronze,63.49,b0886a0c-7ddc-4c2b-a499-afd7262fbe56,20.63,71.43,71.43,75.25,20.93,Bronze
HUB > PIONEER,"Deeply-phenotyped hospital COVID patients: severity, acuity, therapies, outcomes",Silver,80.95,b095d7ad-5fac-4279-94b0-3c0b0c260acf,28.57,76.19,73.81,72.95,27.91,Bronze
ALLIANCE > GENOMICS ENGLAND,GENOMICS ENGLAND 100K RARE DISEASE & COMMON,Silver,100.0,b0a8085e-8cf0-45ee-b4a6-12a4a545ca70,31.75,84.12,95.24,82.5,30.23,Silver
HUB > DISCOVER NOW,North West London High Cost Drugs Data (NWL HCD),Silver,96.83,b14a19db-f3fd-4298-93e9-9732d99d8ee9,31.75,82.54,92.86,83.64,25.58,Silver
ALLIANCE > DUNDEE,Patient SIMD Postcode,Not Rated,14.29,b2124786-9658-40cc-b5a3-6624885ce490,36.51,38.89,16.67,39.73,37.21,Not Rated
ALLIANCE > TISSUE DIRECTORY,York Tissue Bank,Bronze,63.49,b36202ad-7652-460c-8389-baa1a1c1ac46,19.05,72.22,71.43,76.42,18.6,Silver
ALLIANCE > TISSUE DIRECTORY,HCV Research UK,Bronze,60.32,b3a10154-a409-491a-92fb-e7fac47ccd91,22.22,69.05,69.05,72.89,23.26,Bronze
NIHR Health Informatics Collaborative Critical Care Theme,HIC ICU 8.3.2,Bronze,100.0,b40777a2-468b-4b45-8b7d-2f62f912e950,52.38,73.81,95.24,74.36,46.51,Bronze
ALLIANCE > BARTS,CDE Surginet Documentation,Not Rated,14.29,b41bb360-f2ed-49f0-a45b-b2fb05321975,39.68,37.3,16.67,38.57,39.53,Not Rated
ALLIANCE > SAIL,UK Cystic Fibrosis Registry (CYFI),Silver,88.89,b43309eb-7860-49b7-9f11-1a7a0fd5532e,36.51,76.19,80.95,75.36,30.23,Bronze
ALLIANCE > CPRD,Systemic Anti-Cancer Treatment (SACT) data for CPRD Aurum,Not Rated,60.32,b4f6a5c2-e652-4972-9d06-510e9a469dfe,47.62,56.35,47.62,49.39,48.84,Not Rated
HUB > DISCOVER NOW,North West London Primary Care Prescriptions Data (NWL PCP),Silver,96.83,b51be1a2-3d25-43ad-9acb-58d291332367,28.57,84.13,92.86,83.64,25.58,Silver
NHS Digital,Mental Health Minimum Dataset v4.1 (Non-Sensitive) Episodes,Not Rated,74.6,b53f716d-a5c3-4ad8-a2aa-cae09c12ac18,55.56,59.52,61.9,55.37,51.16,Not Rated
ALLIANCE > TISSUE DIRECTORY,MRC Brain Banks Network,Bronze,60.32,b717d41e-9202-40ed-be1a-882ec0c47761,20.63,69.84,69.05,74.06,20.93,Bronze
ALLIANCE > SAIL,Welsh Demographic Service (WDS),Gold,100.0,b724a905-e8ae-4ab5-b543-91435f8d3514,20.63,89.69,95.24,88.32,18.6,Gold
ALLIANCE > TISSUE DIRECTORY,Tissue Solutions Ltd,Bronze,61.9,b730442a-72f3-4b0d-8ad3-4bdba046df7a,26.98,67.46,69.05,70.57,27.91,Bronze
HUBS > DATA-CAN,Yorkshire Specialist Register of Cancer in Children and Young People,Silver,96.83,b765d514-1642-4762-a521-73463c977094,38.1,79.36,92.86,80.15,32.56,Silver
ALLIANCE > TISSUE DIRECTORY,TRICON8,Bronze,63.49,b796b821-97cf-4aa1-bbc7-53e3c1fbc33f,22.22,70.64,71.43,74.09,23.26,Bronze
HUB > PIONEER,PIONEER - COVID ACUITY,Not Rated,50.79,b7d5bae7-f047-454c-91c3-81fa5e5543eb,25.4,62.69,54.76,64.59,25.58,Not Rated
ALLIANCE > DUNDEE,Tayside Radiology,Not Rated,14.29,b8107ec3-ba35-45ee-8231-cb610fe2ce48,36.51,38.89,16.67,39.73,37.21,Not Rated
ALLIANCE > SAIL,Welsh Ambulance Services NHS Trust,Gold,98.41,b8e0b4a8-aab6-47fc-ac6f-76cd5cdc933d,20.63,88.89,92.86,87.13,18.6,Gold
HUB > DISCOVER NOW,North West London Accident and Emergency Data (NWL A&E),Silver,96.83,b9a2cd90-2724-4c7b-a26f-6f5b30a36a00,33.33,81.75,92.86,82.47,27.91,Silver
ALLIANCE > DUNDEE,NHS Tayside and Fife Haematology (Lab Data Restructured),Not Rated,14.29,b9a2fe09-60b3-48a4-b252-9ed04a7dcc66,36.51,38.89,16.67,39.73,37.21,Not Rated
NHS Digital,Mental Health Minimum Dataset v4 (Non-Sensitive) Events,Not Rated,77.78,ba071b0b-5ef4-457b-b194-3a69c2c71a06,55.56,61.11,64.29,56.57,51.16,Not Rated
HUBS > BREATHE,Assessment of ASHA’s workload and its determinants,Bronze,53.97,bab944af-e345-4893-8640-a88aaff97c72,20.63,66.67,61.9,71.65,18.6,Bronze
ALLIANCE > NHS DIGITAL,Cancer Registration Data,Not Rated,49.21,bc30732b-32cb-4f66-8794-e6e6691c79e7,44.44,52.39,35.71,46.92,41.86,Not Rated
ALLIANCE > CPRD,Patient postcode linked deprivation measures for CPRD GOLD,Not Rated,63.49,bc6ae5bc-7175-49e2-b093-337dde427736,42.86,60.31,50.0,51.75,46.51,Not Rated
ALLIANCE > TISSUE DIRECTORY,Wales Cancer Bank,Bronze,60.32,bcfdc597-1bf0-41c2-8b68-779f9a115f83,20.63,69.84,69.05,74.06,20.93,Bronze
ALLIANCE > SAIL,Emergency Department Data Set,Gold,100.0,bd2d56db-f24b-4ac6-9201-3d68c65472b5,25.4,87.3,95.24,87.16,20.93,Gold
NHS Digital,Mental Health & Learning Disabilities Dataset v 1 (Sensitive) Events,Not Rated,77.78,bdc17b2c-8b0f-4959-ab9b-e2de32d8a5f9,55.56,61.11,64.29,56.57,51.16,Not Rated
ALLIANCE > CPRD,Mother-Baby Link for CPRD GOLD,Not Rated,69.84,bdcbbb2b-df99-4ae7-b36e-f266cfe10ed3,47.62,61.11,54.76,52.96,48.84,Not Rated
ALLIANCE > HQIP,National Joint Registry - Revision Shoulder Replacement dataset,Not Rated,22.22,bddcc89d-028f-48a5-b568-7dccd574563b,31.75,45.23,26.19,47.98,30.23,Not Rated
HUBS > BREATHE,4 LMIC Asian Country ChrOnic: estimating respiratory disease burden in adults,Bronze,58.73,be9bf427-d96d-4b1a-b1d1-83bdc3e8790b,19.05,69.84,69.05,76.38,16.28,Silver
HUB > PIONEER,"OMOP dataset: Hospital COVID patients: severity, acuity, therapies, outcomes",Silver,96.83,bf607b38-bedf-4bda-a3ce-e6b1bb68d1df,26.98,84.92,90.48,82.45,25.58,Silver
ALLIANCE > OUH,TheatreEvents,Not Rated,14.29,bf83ada4-b72e-4789-b177-12a53aa763ea,41.27,36.51,16.67,37.41,41.86,Not Rated
ALLIANCE > SCOTLAND,Mental Health Inpatient and Day Case - Scottish Morbidity Record (SMR04),Silver,87.3,bfc6e7c5-a81b-4fe2-95b5-d108a48d7d67,30.16,78.57,80.95,75.36,30.23,Bronze
ALLIANCE > TISSUE DIRECTORY,UCL Infection DNA Bank,Bronze,63.49,c10d6c3a-e405-4ee9-828f-02443c210879,25.4,69.05,71.43,72.93,25.58,Bronze
HUBS > BREATHE,Vitamin D supplementation meta-analyses,Not Rated,23.81,c16605d7-6e6e-4461-bfab-107660e31427,33.33,45.24,28.57,49.17,30.23,Not Rated
ALLIANCE > TISSUE DIRECTORY,STAMPEDE,Bronze,60.32,c182a3b6-8eea-43ef-be18-6cd444f150dc,19.05,70.64,69.05,75.22,18.6,Bronze
ALLIANCE > DUNDEE,Fife Radiology,Not Rated,14.29,c22d8356-d51b-4d34-aadf-ed356d15fe46,36.51,38.89,16.67,39.73,37.21,Not Rated
HUBS > BREATHE,Assessing the eDPSEEA model in seasonal pollen induced asthma in Islamabad,Bronze,57.14,c2548017-7913-40e1-bf98-aaa2e907b0ea,20.63,68.25,66.67,74.03,18.6,Bronze
ALLIANCE > DUNDEE,Tayside Bowel Screening Dataset,Not Rated,14.29,c275f19e-2373-43dc-8e83-3318aaf8bfa4,36.51,38.89,16.67,39.73,37.21,Not Rated
ALLIANCE > TISSUE DIRECTORY,Arden Tissue Bank,Bronze,65.08,c29c3fbe-700e-4f85-8943-5557c30c1dfa,19.05,73.02,73.81,77.61,18.6,Silver
ALLIANCE > SAIL,Outpatient Referral,Gold,100.0,c2ddca9f-f144-437b-ac7a-0a628a50ba1a,25.4,87.3,95.24,87.16,20.93,Gold
HUB > NHS DIGITRIALS,Diagnostic Imaging Dataset,Bronze,85.71,c2f15f59-8e0d-4e90-9277-342497a6d961,38.1,73.8,78.57,71.84,34.88,Bronze
ALLIANCE > LEICESTER,Genvasc Primary Care Data,Not Rated,23.81,c324246a-22d9-45d8-9a7a-a513078be2d1,33.33,45.24,28.57,48.0,32.56,Not Rated
ALLIANCE > HQIP,Sentinel Stroke National Audit Programme Acute Organisational survey dataset,Not Rated,22.22,c3d84dfa-fe3a-4b86-a0f5-efbe45aa93ad,34.92,43.65,26.19,46.81,32.56,Not Rated
HUBS > BREATHE,UK BiLEVE Consortium Dataset,Silver,69.84,c43363e5-a2cd-4990-a425-733dfe559a4f,15.87,76.98,78.57,82.31,13.95,Silver
ALLIANCE > CPRD,HES Accident and Emergency data for CPRD GOLD,Bronze,77.78,c55b92d8-889d-435c-b0cb-2d9f7b432839,38.1,69.84,69.05,65.92,37.21,Not Rated
ALLIANCE > CPRD,Death Registration data for CPRD Aurum,Bronze,77.78,c577669a-a84f-493e-8164-3fe02f618561,39.68,69.05,69.05,64.76,39.53,Not Rated
ALLIANCE > HQIP,National Audit of Psychosis - Audit on Early Intervention in Psychosis services - contextual data,Not Rated,22.22,c5994fae-9c4a-47eb-ba42-85bd76e92879,33.33,44.45,26.19,46.81,32.56,Not Rated
ALLIANCE > CPRD,Practice postcode linked deprivation measures for CPRD GOLD,Not Rated,63.49,c6117afd-bc4d-404b-8d58-9d87db936b4c,42.86,60.31,50.0,51.75,46.51,Not Rated
ALLIANCE > TISSUE DIRECTORY,Barts CTU,Bronze,60.32,c6d6bbd3-74ed-46af-841d-ac5e05f4da41,23.81,68.25,69.05,72.89,23.26,Bronze
OTHER > COG-UK,COG-UK Viral Genome Sequences,Gold,100.0,c6dc78fa-1543-4fbf-87d8-a3f48e7de813,22.22,88.89,95.24,87.16,20.93,Gold
NHS Digital,Mental Health & Learning Disabilities Dataset v 1 (Non-Sensitive) Episodes,Not Rated,77.78,c713773c-e961-400e-b44a-947002deb073,55.56,61.11,64.29,56.57,51.16,Not Rated
ALLIANCE > SAIL,COVID-19 Consolidated Deaths,Gold,100.0,c809126e-315b-4bcc-8fa3-741317bf9a4e,25.4,87.3,95.24,87.16,20.93,Gold
ALLIANCE > TISSUE DIRECTORY,RATHL Trial,Bronze,63.49,c83d2206-3778-400b-9b26-27c7588af930,22.22,70.64,73.81,75.28,23.26,Bronze
ALLIANCE > DUNDEE,NHS Tayside and Fife Virology,Not Rated,14.29,c8ed8784-91ce-4823-8e80-fa3a4b732e11,36.51,38.89,16.67,39.73,37.21,Not Rated
NHS Digital,Mental Health Minimum Dataset v4.1 (Non-Sensitive) Records,Not Rated,77.78,c97b8058-a6a4-4c8d-92e1-6e9f4cddd301,55.56,61.11,64.29,56.57,51.16,Not Rated
ALLIANCE > HQIP,National Audit of Care at the End of Life - case note review,Not Rated,22.22,cabb1db1-ee3e-42ce-a40b-468282e2011d,31.75,45.23,26.19,47.98,30.23,Not Rated
HUB > NHS DIGITRIALS,Personal Demographic Service,Silver,85.71,caf619c9-3e9c-4873-a7ba-c0df8f4a62c2,25.4,80.16,78.57,76.5,25.58,Silver
ALLIANCE > HQIP,National Early Inflammatory Arthritis Audit - organisational survey dataset,Not Rated,22.22,cbda5643-96b7-4914-b990-a872e693ff29,34.92,43.65,26.19,46.81,32.56,Not Rated
NHS Digital,Mental Health Minimum Dataset v4.1 (Sensitive) Records,Not Rated,77.78,cc383a3f-1c47-4b7d-99cf-be8ee0afe401,55.56,61.11,64.29,56.57,51.16,Not Rated
ALLIANCE > CPRD,HES Admitted Patient Care data for CPRD Aurum,Bronze,79.37,cc3e20da-aca5-471d-a4bb-38e13f350f10,39.68,69.84,71.43,65.95,39.53,Not Rated
HUB > PIONEER - HDR-UK Health data Hub in Acute Care,Clinical response thresholds (acuity) in acutely unwell patients: onset-outcome,Bronze,79.37,cce4a8d0-4110-4490-8ffa-485d059b7dcf,30.16,74.61,71.43,70.6,30.23,Bronze
ALLIANCE > SAIL,Postponed Admitted Procedures,Gold,98.41,ce192e2e-4f31-4bb0-9c1f-5c4173c03011,25.4,86.5,92.86,85.97,20.93,Silver
ALLIANCE > NHS DIGITAL,Improving Access to Psychological Therapies Data Set,Not Rated,38.1,cef00323-8756-4ea5-99e4-f12dcb2c6297,26.98,55.56,42.86,57.48,27.91,Not Rated
ALLIANCE > HQIP,National Clinical Audit of Anxiety and Depression - spotlight audit on psychological therapies (clinical),Not Rated,22.22,cf3f4336-e52d-4b82-8cc5-647dedaaee57,33.33,44.45,26.19,46.81,32.56,Not Rated
ALLIANCE > CPRD,Quality of Life of Colorectal Cancer Survivors in England: Patient Reported Outcome Measures Survey for CPRD GOLD,Not Rated,63.49,cf81a42f-2611-4410-89e9-7e3770d03a15,49.21,57.14,50.0,49.42,51.16,Not Rated
ALLIANCE > SAIL,Referral to Treatment Times,Gold,98.41,cfdb9fbd-9f67-435c-b257-6b51430451bb,25.4,86.5,92.86,85.97,20.93,Silver
ALLIANCE > CYSTIC FIBROSIS TRUST,Cystic Fibrosis Patient Microbiology Cultures,Silver,100.0,d0468470-a88f-4692-a19d-c9ac0b9868f3,36.51,81.75,95.24,83.66,27.91,Silver
ALLIANCE > TISSUE DIRECTORY,Cancer Group CTR Cardiff trials,Bronze,60.32,d272b783-8db3-4068-8d0f-05728f786d6d,20.63,69.84,69.05,74.06,20.93,Bronze
NHS Digital,Patient Reported Outcome Measures,Not Rated,46.03,d2af6a29-291b-4444-a17c-40f4208f1e1b,58.73,43.65,33.33,38.76,55.81,Not Rated
ALLIANCE > SAIL,Education - Wales,Silver,100.0,d2da2750-7482-4ce9-ae5c-2ab393408a67,31.75,84.12,95.24,84.83,25.58,Silver
HUB > DISCOVER NOW,North West London Coordinate My Care (NWL CMC),Silver,96.83,d30304ab-9f5d-478a-8bac-afcda09ef2e8,28.57,84.13,92.86,83.64,25.58,Silver
ALLIANCE > HQIP,Sentinel Stroke National Audit Programme Clinical Dataset,Not Rated,22.22,d3673b75-ec8f-4c2e-8c9b-6ef1d951f978,34.92,43.65,26.19,46.81,32.56,Not Rated
ALLIANCE > TISSUE DIRECTORY,MFT Biobank,Bronze,63.49,d3a3935f-b28e-4e74-9b15-9432d611f26c,20.63,71.43,71.43,75.25,20.93,Bronze
HUB > PIONEER,PIONEER - COVID,Bronze,68.25,d3d1cdf1-3a36-49d1-ba73-b02ebeceab9b,25.4,71.42,76.19,75.31,25.58,Bronze
HUBS > BREATHE,Strategy introducing Pulmonary Rehabilitation for COPD management in rural India,Not Rated,52.38,d3e859ba-cfb0-4eda-a14c-34b08d113cd9,22.22,65.08,59.52,69.3,20.93,Bronze
ALLIANCE > OUH,JANUS,Not Rated,14.29,d3fd4dac-2d15-401c-8185-905ee108d9ce,39.68,37.3,16.67,38.57,39.53,Not Rated
ALLIANCE > TISSUE DIRECTORY,UK ME/CFS Biobank,Bronze,63.49,d51de39c-153a-462b-8de5-cd1424908e0c,20.63,71.43,71.43,75.25,20.93,Bronze
HUBS > BREATHE,Exploration of Pneumonia Related Policy Formation and Implementation in Pakistan,Bronze,57.14,d5446d68-2fb9-4f0f-962e-7b7ed484d534,20.63,68.25,66.67,74.03,18.6,Bronze
ALLIANCE > OUH,OUH Patient Master Index,Not Rated,14.29,d57a096a-4fa3-4529-b508-0b9df0f1893c,39.68,37.3,16.67,38.57,39.53,Not Rated
OTHER > The University of Cambridge,INTERVAL,Not Rated,42.86,d58d02f1-47c2-44fc-b16e-4f6cbbb46e62,23.81,59.52,47.62,61.02,25.58,Not Rated
ALLIANCE > TISSUE DIRECTORY,NHS Grampian Biorepository,Bronze,63.49,d5ab658e-b474-4e22-95f8-92607c40792d,20.63,71.43,71.43,75.25,20.93,Bronze
OTHER > HEALTH DATA RESEARCH UK,HDR UK Papers & Preprints,Gold,100.0,d5faf9c6-6c34-46d7-93c4-7706a5436ed9,19.05,90.47,95.24,91.81,11.63,Gold
HUB > NHS DIGITRIALS,Mental Health Services Data Set,Bronze,80.95,d612e29a-c26a-4512-99d4-548514b60c76,42.86,69.05,73.81,67.14,39.53,Bronze
ALLIANCE > NIHR BIORESOURCE,Health and Lifestyle Questionnaire,Silver,92.06,d7ec9584-cba3-46f9-9ef4-b1cb9eef2e7c,33.33,79.37,88.1,76.61,34.88,Silver
ALLIANCE > SCOTLAND,Outpatient Appointments and Attendances - Scottish Morbidity Record (SMR00),Silver,90.48,d8043751-28d6-4cfe-b860-757e592ab3cb,25.4,82.54,83.33,78.88,25.58,Silver
ALLIANCE > CPRD,Cancer Patient Experience Survey (CPES) for CPRD Aurum,Not Rated,31.75,d90830f4-5aaa-4075-8c8d-839627224d16,38.1,46.83,33.33,45.73,41.86,Not Rated
ALLIANCE > HQIP,National Vascular Registry -  Abdominal Aortic Aneurysm Repair clinical dataset,Not Rated,22.22,da4d3e21-3d81-49e9-ada0-6175e2341190,31.75,45.23,26.19,47.98,30.23,Not Rated
ALLIANCE > SAIL,Looked After Children Wales,Gold,100.0,da5098df-414f-48e0-aaa7-7e2277f80eb7,20.63,89.69,95.24,88.32,18.6,Gold
NHS Digital,Mental Health Minimum Dataset v4.1 (Sensitive) Events,Not Rated,77.78,db113fcd-69a0-4357-9c6d-250085deb3f5,55.56,61.11,64.29,56.57,51.16,Not Rated
ALLIANCE > SAIL,ONS 2011 Census Wales (CENW),Silver,88.89,dbd69f22-2638-42a6-a936-069386e8eb7e,36.51,76.19,80.95,75.36,30.23,Bronze
ALLIANCE > TISSUE DIRECTORY,interNational Anaplastic Thyroid Cancer Tissue Bank (iNATT),Bronze,60.32,dd7e56e7-2683-4b88-bed2-3a27ef3e4c9e,19.05,70.64,69.05,75.22,18.6,Bronze
ALLIANCE > HQIP,National Vascular Registry Audit Carotid Endarterectomy Clinical Dataset,Not Rated,22.22,ddc965e7-6f52-4eed-bed5-657e3e7bbeac,31.75,45.23,26.19,47.98,30.23,Not Rated
ALLIANCE > NIHR BIORESOURCE,NHS Digital data,Not Rated,17.46,de1179eb-89fe-45a3-9e3c-e54a2a36ebf0,36.51,40.48,21.43,43.28,34.88,Not Rated
ALLIANCE > HQIP,National Bowel Cancer Audit -  Organisational Survey dataset,Not Rated,22.22,de19b3ea-2600-4472-85e8-628e7beff76e,33.33,44.45,26.19,46.81,32.56,Not Rated
HUBS > BREATHE,UK Lung Volume Reduction Surgery,Silver,71.43,def6669b-0fac-485c-84b2-2ea83ec31123,9.52,80.96,80.95,85.83,9.3,Silver
ALLIANCE > SAIL,School Workforce Annual Census (SWAC),Silver,88.89,df514642-bf9d-432f-bf15-4d870fe4ae08,31.75,78.57,80.95,76.52,27.91,Silver
HUBS > BREATHE,Klang Asthma Cohort,Not Rated,55.56,df63e893-f688-4bb4-956c-cc4354bb4001,23.81,65.88,64.29,71.68,20.93,Bronze
ALLIANCE > OUH,Admitted Patient Care Dataset,Not Rated,14.29,dfb21b3b-7fd9-40c4-892e-810edd6dfc25,39.68,37.3,16.67,38.57,39.53,Not Rated
ALLIANCE > NHS DIGITAL,Civil Registration - Deaths,Bronze,85.71,e09ddabc-b0b9-4f9d-af32-97293e0e6cb7,44.44,70.63,78.57,69.52,39.53,Bronze
ALLIANCE > GENOMICS ENGLAND,GENOMICS ENGLAND 100K PHE LINKED DATA,Silver,100.0,e0c871f9-b63c-43a5-9fd6-e5731dae2343,31.75,84.12,95.24,82.5,30.23,Silver
ALLIANCE > HQIP,National Oesophago-Gastric Cancer Audit - clinical dataset,Not Rated,22.22,e10660af-b420-4e25-8fc9-ea451da1dcfb,31.75,45.23,26.19,47.98,30.23,Not Rated
ALLIANCE > SAIL,Healthcare Workers Risk Assessment,Gold,98.41,e2f05904-723a-4d5c-8746-7ab3d1d94eef,22.22,88.09,92.86,85.97,20.93,Silver
ALLIANCE > HQIP,National Joint Registry - Primary Ankle Replacement dataset,Not Rated,22.22,e38c8d6c-8655-4432-b654-23f89c0bb495,31.75,45.23,26.19,47.98,30.23,Not Rated
ALLIANCE > CYSTIC FIBROSIS TRUST,Cystic Fibrosis Patient Tendon Rupture,Silver,100.0,e432737f-43c0-43c1-aef5-71cb204d770c,36.51,81.75,95.24,83.66,27.91,Silver
HUBS > BREATHE,Unified Cohorts Research Network,Not Rated,23.81,e516a359-74a8-4932-b4df-f2cf75eef89d,33.33,45.24,28.57,49.17,30.23,Not Rated
ALLIANCE > PUBLIC HEALTH SCOTLAND,National Records of Scotland (NRS) - Deaths Data,Silver,92.06,e61fce14-617d-4f7b-80aa-468d94c6d897,36.51,77.78,85.71,78.9,27.91,Silver
ALLIANCE > CYSTIC FIBROSIS TRUST,Cystic Fibrosis Patient Sweat Tests,Silver,100.0,e66b726f-8e58-4411-be32-1d00ba1df13f,36.51,81.75,95.24,82.5,30.23,Silver
ALLIANCE > TISSUE DIRECTORY,Biobank for patients with retinal degenerations & dystrophies,Bronze,60.32,e678366e-bb53-4dbb-a228-05114e0b6eb3,20.63,69.84,69.05,74.06,20.93,Bronze
ALLIANCE > SAIL,Lifelong Learning Wales Record (LLWR),Bronze,85.71,e7fc3bb6-446b-4267-b563-bf6f94e8dee2,34.92,75.39,76.19,71.81,32.56,Bronze
ALLIANCE > TISSUE DIRECTORY,University of Liverpool - GCP Laboratory Facility,Bronze,60.32,e8f23004-f1f7-4a36-859f-25af6ca6433b,20.63,69.84,69.05,74.06,20.93,Bronze
ALLIANCE > DUNDEE,"NHS Tayside, A&E Drugs given during an A&E visit",Not Rated,14.29,e8f5b1b5-2c08-439a-b337-70b454aa40f3,36.51,38.89,16.67,39.73,37.21,Not Rated
ALLIANCE > SCOTLAND,Scottish Immunisation Recall System (SIRS),Bronze,53.97,e9d504fc-4b61-4419-a400-ffda998fc377,19.05,67.46,61.9,71.65,18.6,Bronze
ALLIANCE > TISSUE DIRECTORY,Research Donors Ltd,Bronze,66.67,ea07f115-9f70-4c21-a373-247a1ca906f0,23.81,71.43,76.19,75.31,25.58,Bronze
ALLIANCE > SAIL,Children Receiving Care and Support Census,Gold,100.0,ea9fa5fb-928d-4736-8fbf-e3b58a49c6d6,25.4,87.3,95.24,87.16,20.93,Gold
ALLIANCE > OUH,Sunquest,Not Rated,14.29,eaca9ed1-30b6-4157-8894-8e53efc84849,39.68,37.3,16.67,38.57,39.53,Not Rated
ALLIANCE > TISSUE DIRECTORY,Tommy's National Reproductive Health Biobank,Bronze,63.49,eb19fcd9-2e9e-4e27-aa79-ad235952b1ac,19.05,72.22,71.43,76.42,18.6,Silver
ALLIANCE > GENOMICS ENGLAND,GENOMICS ENGLAND 100K QUICK VIEW,Gold,100.0,ecbe7275-82b5-43cd-9401-fd7ef4b55341,26.98,86.51,95.24,83.66,27.91,Silver
HUBS > BREATHE,"Introducing pulse oximetry in IMNCI, primary health facilities in Pune India",Not Rated,52.38,ecc4daf2-e58a-4ebc-9608-4bc741231fb9,22.22,65.08,59.52,69.3,20.93,Bronze
ALLIANCE > DUNDEE,Fife Microbiology: Isolations,Not Rated,14.29,edaf29f4-9857-4bb0-97b9-ae88b70a2a3c,36.51,38.89,16.67,39.73,37.21,Not Rated
HUBS > BREATHE,Its Not JUST Idiopathic pulmonary fibrosis Study (INJUSTIS),Bronze,68.25,edc8f0c6-64f8-4f6d-a1dd-41e05033d54e,20.63,73.81,78.57,78.82,20.93,Silver
ALLIANCE > TISSUE DIRECTORY,QTL Programme at MRC HGU,Bronze,63.49,ee5f4405-6930-4a7b-ba00-85a8e8c8a8b9,20.63,71.43,71.43,75.25,20.93,Bronze
ALLIANCE > TISSUE DIRECTORY,Manchester Cancer Research Centre (MCRC) Biobank,Bronze,63.49,eea147a4-4576-4f86-8ad1-c762137335fd,20.63,71.43,71.43,75.25,20.93,Bronze
ALLIANCE > CPRD,CPRD Aurum,Silver,90.48,ef42201e-deb1-4675-896a-8a0162fe52a8,31.75,79.37,83.33,75.38,32.56,Bronze
ALLIANCE > HQIP,National Cardiac Audit Programme - National Heart Failure Audit,Not Rated,22.22,efbb3bf4-834b-417e-b002-03fc41715e58,34.92,43.65,26.19,46.81,32.56,Not Rated
HUBS > BREATHE,The Malaysian Asthma Hajj Study,Not Rated,49.21,eff41dbc-0ce4-4bfe-b51f-7b2753750332,20.63,64.29,57.14,69.27,18.6,Bronze
HUB > NHS DIGITRIALS,Hospital Episode Statistics Critical Care,Silver,85.71,f0392b68-5075-4557-adaa-2fb24b5dec4d,33.33,76.19,78.57,73.0,32.56,Bronze
ALLIANCE > NIHR BIORESOURCE,SNP imputation data,Not Rated,20.63,f1a85970-bddc-499b-92e9-783706c60995,36.51,42.06,23.81,44.47,34.88,Not Rated
ALLIANCE > TISSUE DIRECTORY,Manchester Eye Tissue Repository,Bronze,60.32,f1a93b8f-6332-43a2-b2da-c86f68f7d24a,22.22,69.05,69.05,72.89,23.26,Bronze
ALLIANCE > NIHR BIORESOURCE,Case report form,Bronze,92.06,f1d3b068-7dd0-4a28-bd64-3519dd104eb6,42.86,74.6,88.1,74.28,39.53,Bronze
ALLIANCE > CPRD,Practice postcode linked deprivation measures for CPRD Aurum,Not Rated,63.49,f3a53f7a-ea93-4b9e-bccd-afe762259044,42.86,60.31,50.0,51.75,46.51,Not Rated
ALLIANCE > LEICESTER,The Leicester City and County Chronic Kidney Disease Cohort,Not Rated,22.22,f3ade619-292e-4631-916a-9cd9d7938e48,31.75,45.23,26.19,47.98,30.23,Not Rated
ALLIANCE > NHS DIGITAL,Pillar 2 - Covid-19 UK Non-hospital Antigen Testing Results,Bronze,76.19,f3b4817a-7924-460c-a1c5-0b24acd81a7d,30.16,73.02,69.05,70.57,27.91,Bronze
ALLIANCE > TISSUE DIRECTORY,Bristol Biobank,Bronze,60.32,f42b9fa6-adad-4637-943e-6fa7508559a3,22.22,69.05,69.05,72.89,23.26,Bronze
ALLIANCE > HQIP,National Joint Registry - Primary Knee Replacement dataset,Bronze,63.49,f4915e4b-639c-45ae-9b0f-afab547e1104,25.4,69.05,71.43,72.93,25.58,Bronze
ALLIANCE > NHS DIGITAL,GPES Data for Pandemic Planning and Research (COVID-19),Silver,90.48,f56d5407-4a7e-420e-8479-87b075da2b39,31.75,79.37,83.33,75.38,32.56,Bronze
ALLIANCE > TISSUE DIRECTORY,Leeds NIHR Biomarker Research Tissue Bank,Bronze,60.32,f5b57b56-a4ed-46d4-825f-d181e8db809d,20.63,69.84,69.05,74.06,20.93,Bronze
ALLIANCE > TISSUE DIRECTORY,Oxford Musculoskeletal Biobank,Bronze,60.32,f5ed34fa-154a-4613-a253-277547cfd8ca,22.22,69.05,69.05,72.89,23.26,Bronze
ALLIANCE > TISSUE DIRECTORY,NIHR Exeter Clinical Research Facility,Bronze,60.32,f621fcc9-e9ab-4da4-bd34-e4530d11b59d,22.22,69.05,69.05,72.89,23.26,Bronze
ALLIANCE > HQIP,National Diabetes Inpatient Audit - Harms clinical dataset,Not Rated,22.22,f69d1b15-a0b4-461a-8aff-dba56da0791f,31.75,45.23,26.19,47.98,30.23,Not Rated
ALLIANCE > SAIL,Substance Misuse Dataset,Gold,100.0,f6aa8836-b437-40b6-bd1e-ae20010048dd,25.4,87.3,95.24,87.16,20.93,Gold
HUB > BREATHE,Developing and evaluating interventions to improve asthma care: HEAL ASTHMA,Not Rated,57.14,f73627e3-bd7c-4be2-81b4-3baf846ab787,26.98,65.08,66.67,70.55,25.58,Bronze
ALLIANCE > NIHR BIORESOURCE,SNP chip data,Bronze,88.89,f7c563c0-9625-47be-a070-c121fe734f3c,41.27,73.81,83.33,73.06,37.21,Bronze
ALLIANCE > HQIP,National Maternity and Perinatal Audit clinical audit,Not Rated,22.22,f806fe65-79aa-4843-bc56-a08bf14ffcec,31.75,45.23,26.19,47.98,30.23,Not Rated
ALLIANCE > HQIP,"Maternal, Newborn and Infant Clinical Outcome Review Programme - perinatal surveillance dataset",Not Rated,22.22,f82b8ca5-5a52-4502-bf78-cfbb718cbe2f,33.33,44.45,26.19,46.81,32.56,Not Rated
ALLIANCE > IMPERIAL COLLEGE LONDON,National Neonatal Research Database,Gold,95.24,f89af2f4-e3cd-4eaa-835d-94aa347d8a92,22.22,86.51,90.48,85.94,18.6,Silver
ALLIANCE > BARTS,Maternity Services Dataset,Not Rated,14.29,f8bab14a-bc9b-4dd1-a6c6-c57588605849,39.68,37.3,16.67,38.57,39.53,Not Rated
ALLIANCE > TISSUE DIRECTORY,Multiple Sclerosis and Parkinson's Tissue Bank,Bronze,60.32,f8f6e9ea-65c0-48a6-9beb-6de80bbbefda,20.63,69.84,69.05,74.06,20.93,Bronze
ALLIANCE > TISSUE DIRECTORY,UCL / UCLH Biobank for Studying Health and Disease,Bronze,63.49,f9a712ae-9d41-41a6-b2ca-3127441b03ac,19.05,72.22,71.43,76.42,18.6,Silver
ALLIANCE > TISSUE DIRECTORY,"St Thomas' Hospitals Plasma, serum & DNA Bio bank from patients with antiphospholipid antibodies",Bronze,63.49,f9f3af0d-ca1c-4e8f-b5e8-20962e1e7b4e,23.81,69.84,71.43,72.93,25.58,Bronze
ALLIANCE > HQIP,National Cardiac Audit Programme - National Adult Cardiac Surgery Audit (NACSA),Not Rated,22.22,faf7ec31-999a-4d87-9d6d-8837ff2fa486,34.92,43.65,26.19,46.81,32.56,Not Rated
ALLIANCE > SAIL,Breast Test Wales,Gold,100.0,fb4a069b-fd74-47b2-bbb1-9cde6b590d66,20.63,89.69,95.24,88.32,18.6,Gold
ALLIANCE > OUH,CellPath,Not Rated,14.29,fc7b44f0-eb69-4257-8c07-7516c1210c46,39.68,37.3,16.67,38.57,39.53,Not Rated
ALLIANCE > TISSUE DIRECTORY,eLIXIR - Early Life Data Cross-Linkage in Research,Bronze,63.49,fcee6c99-a4bd-44b8-a28e-dc63337ce216,20.63,71.43,71.43,75.25,20.93,Bronze
ALLIANCE > HQIP,National Joint Registry - Primary Shoulder Replacement dataset,Not Rated,22.22,fe4662ad-9080-4bd8-8de4-51195d275d5b,31.75,45.23,26.19,47.98,30.23,Not Rated
ALLIANCE > HQIP,National Paediatric Diabetes Audit - Parent and Patient Recorded Experience measures,Not Rated,22.22,fe872375-2401-4de1-9650-d4139cf5793a,36.51,42.86,26.19,45.66,34.88,Not Rated
NHS Digital,Mental Health Minimum Dataset v4 (Non-Sensitive) Records,Not Rated,77.78,ff2c6982-00f3-4483-9fc2-19b3a7211d8d,55.56,61.11,64.29,56.57,51.16,Not Rated
HUBS > BREATHE,Teleconsultation in remote rural India: management of COPD and Asthma,Bronze,55.56,ffc34689-1a81-4f56-9c3f-e62b76d8445b,20.63,67.47,64.29,72.84,18.6,Bronze
