D: Format & Structure Missing Count,pid,B: Business Missing Count,E: Attribution Missing Count,F: Technical Metadata Missing Count,A: Summary Total Attributes,B: Business Total Attributes,id,E: Attribution Total Attributes,missing_attributes,total_attributes,D: Format & Structure Total Attributes,C: Coverage & Detail Total Attributes,C: Coverage & Detail Missing Count,A: Summary Missing Count,publisher,title,F: Technical Metadata Total Attributes
4,92c80a25-fd93-40a6-b98f-4112ed0c233b,8,3,7,7,9,004d1932-f06e-49d2-b87a-e5e4140ffbb3,3,29,42,5,10,8,0,ALLIANCE > NIHR BIORESOURCE,Metabolite data,7
4,b06415af-9151-4ccc-83a1-ab859943fb2b,8,3,7,7,9,0092dc60-a0af-4d45-801c-b888210d6609,3,29,42,5,10,8,0,ALLIANCE > HQIP,National Joint Registry - Primary Elbow Replacement dataset,7
2,56130df6-1880-4600-a7a4-afa9a4bcc895,5,2,7,7,9,0150353c-d33d-4af0-b177-8ef0adf867f4,3,18,42,5,10,3,0,HUB > BREATHE,Estimating Chronic Respiratory Disease burden in adults in Asian LMICs,7
4,4ca76471-6970-4ad4-87c7-fae77a98cbf5,8,3,7,7,9,0217114b-6847-4aae-9d76-4d52acea2bcc,3,29,42,5,10,8,0,ALLIANCE > HQIP,Paediatric Intensive Care Audit Network - core dataset (admission),7
3,c8f2ee14-2831-445d-a207-2f7f932f4735,2,2,6,7,9,022cedb4-650d-4566-be41-8d7ed07a5112,3,18,42,5,10,4,1,ALLIANCE > HEALTH AND SOCIAL CARE NORTHERN IRELAND,COVID antigen  testing - Pillar 2,7
3,617f9f54-3fb6-40c3-b391-fe51d1fc7c49,3,2,6,7,9,0266f904-b168-488a-a9e7-d318443584ef,3,17,42,5,10,3,0,ALLIANCE > CPRD,HES Diagnostic Imaging Dataset for CPRD Aurum,7
1,a265af2e-40fc-4759-af61-eab293cdad5a,2,2,6,7,9,02dceba1-65c7-49e8-a3e2-05e71c1a3033,3,12,42,5,10,1,0,ALLIANCE > PUBLIC HEALTH SCOTLAND,Unscheduled Care Datamart,7
0,15cf4241-abad-4dcc-95b0-8cd7c02be999,0,0,6,7,9,03db4df3-f482-4bdd-a335-546ffffbeaab,3,6,42,5,10,0,0,ALLIANCE > SAIL,Annual District Death Extract,7
5,e653b264-3e44-4ed1-a376-86df45db7f72,9,3,7,7,9,0477b06f-cbed-4949-982e-ce248a47ed1a,3,33,42,5,10,10,0,ALLIANCE > OXFORD UNIVERSITY HOSPITALS NHS TRUST,SOLUS,7
4,3558f8a1-6d52-4b59-b513-51c068095bc2,8,3,7,7,9,04b1648d-eeb7-4072-8dd2-806c3ae4e20d,3,29,42,5,10,8,0,ALLIANCE > HQIP,National Cardiac Audit Programme - Myocardial Ischaemia National Audit Project (MINAP),7
5,10bf4c08-6702-44fe-8faa-1280dea6b0c9,9,3,7,7,9,04f4604e-6d0b-4100-977b-59c3b69b0cfc,3,33,42,5,10,10,0,ALLIANCE > BARTS HEALTH NHS TRUST,Sectra PACS,7
2,47b544f4-301c-43e0-b347-fc623ea1a8b3,1,0,7,7,9,0534b41b-9877-4e30-b3ce-e604b29d4990,3,11,42,5,10,2,0,ALLIANCE > TISSUE DIRECTORY,Infectious Diseases BioBank at King's College London,7
0,9f29d47e-4e9a-41b8-b7bc-5ef3570294ef,0,0,6,7,9,05716e41-9842-4c07-8ddd-af9f9231e056,3,6,42,5,10,0,0,ALLIANCE > SAIL,Bowel Screening Wales,7
4,d472a895-8587-4503-956e-3bd66d990979,8,3,7,7,9,05ade19c-75f5-4623-ade6-99fb21c2d4e3,3,29,42,5,10,8,0,ALLIANCE > UNIVERSITY HOSPITALS OF LEICESTER NHS TRUST,The Primary-Secondary Care Partnership to Improve Outcomes in Chronic Kidney Disease,7
1,596077a9-298b-44cc-aa7a-81f04cf5dcb3,7,3,6,7,9,0600a271-4a24-414f-a2d0-4b12e5c47d72,3,22,42,5,10,3,2,ALLIANCE > University of Nottingham,PANTHER study,7
2,009bcb87-05f3-46e6-8866-7e4df698cb19,5,2,7,7,9,0692d86c-1f24-43a4-9508-005d00bd7259,3,17,42,5,10,2,0,HUB > BREATHE,CuT-AsthMa: Culturally tailored school-based intervention for asthma in Malaysia,7
5,5f45bcd1-970b-44ba-8ae2-0fb49b85ffa9,9,3,7,7,9,0711cc7e-80d5-4781-a1ab-2637ea176ceb,3,33,42,5,10,10,0,ALLIANCE > OXFORD UNIVERSITY HOSPITALS NHS TRUST,Millennium Clinical Events,7
0,2d3ec99a-a087-4355-8539-5a22cef58910,0,0,6,7,9,07169a48-2e59-4ef6-ad77-f272d60b5a83,3,7,42,5,10,1,0,HUB > DISCOVER NOW,North West London Mental Health Data (NWL MH),7
5,145f008a-e4ff-4b87-bd16-98016b928f46,9,3,7,7,9,07abf678-a2c0-4d8b-8d25-8b9f180f9ff2,3,33,42,5,10,10,0,ALLIANCE > NIHR BIORESOURCE,Returned datasets,7
4,2ddf0659-f05a-4f1c-b558-63a96e5b49f7,5,3,7,7,9,07b82dd5-adc3-42c5-8a60-914042b5bc40,3,26,42,5,10,6,2,UK Biobank,Exome sequencing,7
1,e4004e0e-6adb-4b11-82c2-af0caf61d751,1,1,6,7,9,08846261-45f0-4bcf-9801-fe785dcef1c9,3,12,42,5,10,2,1,ALLIANCE > SAIL,Careers Wales dataset,7
5,245bffa9-07c3-40b6-916b-161062cdf674,8,3,7,7,9,08a29778-afac-4ae0-86fc-5ca544d53874,3,31,42,5,10,9,0,HEALTH INFORMATICS CENTRE - UNIVERSITY OF DUNDEE,Walker Study Data,7
2,0b630200-1e7c-4b19-ad53-bcc8863f7ade,8,3,7,7,9,08fd6103-be40-4380-9399-aecaeb216d33,3,28,42,5,10,7,2,NCS > OFFICE FOR NATIONAL STATISTICS,Labour Force Survey (Household),7
4,6c78af2c-3898-435e-b1f4-e6a44682dc71,8,3,7,7,9,09586db0-4da4-47f8-9434-13cbd2da2bb9,3,29,42,5,10,8,0,ALLIANCE > HQIP,Paediatric Intensive Care Audit Network - customised data collection,7
0,59521b01-6adb-4dd3-8b40-dbeb51171e4f,3,1,7,7,9,0985f58b-87e0-42d2-9ee7-efd618abcd51,3,12,42,5,10,2,0,HUB > BREATHE,Development of spirometry predictive values for Indian population,7
0,46f50b9b-b8e2-4ff1-a1b3-779174c3d032,3,0,7,7,9,09e8e407-82b4-4ed4-b296-53810472cbe9,3,11,42,5,10,2,0,HUB > BREATHE,Reasons for delay in seeking care for pneumonia in children under five,7
4,45310176-6331-4bdd-bc53-d9194e212a35,8,3,7,7,9,0a418d30-c13c-404a-9f4c-39334d889b9c,3,29,42,5,10,8,0,ALLIANCE > HQIP,Paediatric Intensive Care Audit Network - core dataset (transport),7
2,6ac9b356-00f1-49da-825a-6eb04d18e49d,1,0,7,7,9,0a4f19cc-8565-410b-ac02-2751f5284a9b,3,11,42,5,10,2,0,ALLIANCE > TISSUE DIRECTORY,Tayside Biorepository,7
4,3afbb83d-d47b-43b3-a202-0d3081e5d294,8,3,7,7,9,0bb202c7-80e8-4532-8042-1351576e6c94,3,29,42,5,10,8,0,ALLIANCE > HQIP,National Asthma and COPD Audit Programme (NACAP): Pulmonary rehabilitation - clinical audit,7
5,79086e92-cbbf-4615-b642-bc65d8a3bc6d,8,3,7,7,9,0c74238f-58b4-42d4-a97a-94737d75a897,3,31,42,5,10,9,0,HEALTH INFORMATICS CENTRE - UNIVERSITY OF DUNDEE,Fife Microbiology: Isolations,7
5,f3bb6a68-2c32-40a7-9a79-61a718068893,1,3,7,7,9,0c98200b-48b5-418a-b8d0-a7708abc1f39,3,20,42,5,10,5,0,ALLIANCE > NHS DIGITAL,Mental Health Services Data Set - Community,7
1,22e3943e-edb5-44a1-9e4e-22b0f7a31767,1,0,6,7,9,0cb92a4a-cc82-4c33-98f7-06ba93818c50,3,9,42,5,10,1,0,ALLIANCE > PUBLIC HEALTH SCOTLAND,Prescribing Information System (PIS),7
5,621dd611-adcf-4434-b538-eecdbe5f72cf,9,3,7,7,9,0cfe60cd-038d-4c03-9a95-894c52135922,3,33,42,5,10,10,0,ALLIANCE > BARTS HEALTH NHS TRUST,ARIA Dataset,7
1,a3d85fd2-9df3-4f6e-9035-0830a3488ddb,3,0,7,7,9,0d0ce21e-afc1-4d9f-bf54-e0545363a0cc,3,12,42,5,10,2,0,HUB > BREATHE,Research on use of an online learning platform on under-five pneumonia,7
1,fa2ec63d-f76d-4555-8fc1-f4bd66e3c60d,2,2,6,7,9,0d5bb5b4-ad38-4313-8b19-cd37491c0b41,3,15,42,5,10,3,1,ALLIANCE > NHS DIGITAL,Mental Health Services Data Set,7
4,382e897a-77cf-46ca-8d44-d79449ab61df,8,3,7,7,9,0d89c503-1c79-4e2a-baf6-02f12e68805b,3,29,42,5,10,8,0,ALLIANCE > HQIP,National Neonatal Audit Programme - clinical audit,7
2,edafebac-9479-4d2c-b44e-349091d5b35b,0,0,7,7,9,0df3a0a9-d261-47ff-99e5-9c7e67410712,3,10,42,5,10,2,0,ALLIANCE > TISSUE DIRECTORY,IMPORT HIGH trial blood samples,7
2,c43501ec-08b4-4d33-a7dd-d19fca821925,3,2,6,7,9,0e59698c-1532-4155-ab0e-af11b3d9e7b1,3,16,42,5,10,3,0,ALLIANCE > CPRD,HES Accident and Emergency data for CPRD Aurum,7
5,29c61f09-c4a1-425f-9bbc-888c23d99516,1,3,6,7,9,0e6e6ed5-ab81-4d7f-b06a-768bf33357ca,3,19,42,5,10,4,0,ALLIANCE > NHS DIGITAL,Mental Health Minimum Dataset v4 (Sensitive) Episodes,7
5,00201dde-1faf-41d3-b282-5c24c0ca3697,8,3,7,7,9,0e80170d-de4f-4349-a879-c54a70262736,3,31,42,5,10,9,0,HEALTH INFORMATICS CENTRE - UNIVERSITY OF DUNDEE,Tayside Bowel Screening Dataset,7
2,d57d7956-d13e-49c4-bb31-889b8e560596,5,2,7,7,9,0e8546e9-c841-4a99-a3f8-bb9020c6782c,3,17,42,5,10,2,0,HUB > BREATHE,Developing and Evaluating Interventions to Improve Asthma Care,7
5,9c535c8d-ebac-4212-b602-fc2489df2c92,4,3,6,7,9,0fbd11c2-c44b-430f-b527-63cb82fcee63,3,26,42,5,10,8,0,ALLIANCE > CPRD,National Radiotherapy Dataset (RTDS) for CPRD Aurum,7
5,9c8bd383-b117-4167-a25c-9e15fa5ec1c6,1,3,6,7,9,0fc61ace-397d-4489-9e62-77f88082e775,3,19,42,5,10,4,0,ALLIANCE > NHS DIGITAL,Mental Health & Learning Disabilities Dataset v 1 (Non-Sensitive) Events,7
0,2c5f3ef6-53f8-42e6-a077-8718261df026,0,0,6,7,9,0fde8427-1072-4b77-9997-635157ef370a,3,7,42,5,10,1,0,HUB > DISCOVER NOW,North West London Pathology (NWL PATH),7
0,f72e80fc-dcd3-4457-ae91-dd14449002dd,0,0,6,7,9,1048c3d9-42f6-4950-89be-c51fe7421753,3,6,42,5,10,0,0,ALLIANCE > CYSTIC FIBROSIS TRUST,Cystic Fibrosis Patient Liver Enzyme,7
4,3b5907da-256d-49a3-b24b-00893afe8bdd,8,3,7,7,9,11571357-b9fc-45ed-ab40-3bb3d7443245,3,29,42,5,10,8,0,ALLIANCE > HQIP,National Audit of Dementia Round 4 - carer experience survey,7
4,03e77b9d-57b8-44d5-8d64-9b1325958b22,8,3,7,7,9,12690263-f5d3-435b-9582-de1a88064e1e,3,29,42,5,10,8,0,ALLIANCE > HQIP,National Vascular Registry Audit Carotid Lower Limb Amputation clinical dataset,7
4,4b8286e2-c4e4-4db4-8fd9-5f1c8b4e56de,8,3,7,7,9,12c5b83c-6e4a-442e-b6c2-2f6b7165fe6b,3,29,42,5,10,8,0,ALLIANCE > HQIP,National Joint Registry - Revision Hip Replacement dataset,7
2,dec04153-f595-41ce-9d7e-5ef0c3fe8289,2,1,6,7,9,12d23c2c-5f35-4f59-80e3-584636c7cacb,3,12,42,5,10,1,0,ALLIANCE > PUBLIC HEALTH SCOTLAND,Child Health Systems Programme - First Visit,7
0,1d7a0222-d5ae-41f7-afe9-8d3bd564b00e,0,0,6,7,9,135ba51b-8a01-4624-b3c4-1d6f5b22b357,3,7,42,5,10,1,0,HUB > DISCOVER NOW,North West London COVID-19 Patient Level Situation Report (NWL COVID19 PLD SITREP),7
2,264a1987-a8cb-4a83-81e0-70b4c3893b7d,1,0,7,7,9,13a931c1-18cf-4d60-be79-a527acb0a36d,3,11,42,5,10,2,0,ALLIANCE > TISSUE DIRECTORY,Obesity Research Biobank Syndicate (ORBiS),7
2,e46dccbf-484d-45d2-a42a-4d308b87c113,1,0,7,7,9,14855eb1-6563-4e56-89e5-aecd51f100ad,3,11,42,5,10,2,0,ALLIANCE > TISSUE DIRECTORY,Watch and Wait Trial,7
4,79ae4881-6223-471a-a278-6b2d3b84f971,8,3,7,7,9,148a3896-e4ed-48ef-8643-48df726041e1,3,29,42,5,10,8,0,ALLIANCE > HQIP,Paediatric Intensive Care Audit Network - core dataset (referral),7
1,11d3cf0f-ae5d-42f4-a756-b98c3eff46bc,1,1,6,7,9,15123705-7d80-4803-a3b4-d145bf2902c5,3,12,42,5,10,3,0,ALLIANCE > NHS DIGITAL,MSDS (Maternity Services Data Set),7
0,1eb67fd5-33f6-49dd-a43d-854fff9f25f5,0,0,6,7,9,15805559-2115-4822-b91f-635de36fb289,3,6,42,5,10,0,0,ALLIANCE > SAIL,Active Adult Survey,7
0,4cc5ed33-3190-4f80-953b-cabd5a2b1c7c,0,0,6,7,9,15efea36-d022-495c-a5b6-90f51631a643,3,6,42,5,10,0,0,GENOMICS ENGLAND,GENOMICS ENGLAND 100K QUICK VIEW,7
2,edd55990-a616-4a9c-a4a2-38af136a349b,1,0,7,7,9,16341d43-0e79-4afa-a84f-67db018e449f,3,11,42,5,10,2,0,ALLIANCE > TISSUE DIRECTORY,INCA Trial,7
1,3d6b69dc-cb3c-4b9a-bdea-a798e7d5b5cf,1,1,6,7,9,16e343ce-61f5-4f04-9fae-4fa6c9babf61,3,13,42,5,10,3,1,ALLIANCE > SAIL,NHS 111 Dataset,7
5,88eb839c-bc51-45f0-b15e-ea89bba9ffca,9,3,7,7,9,172242ce-a1c5-4915-9c71-686f6e7d5789,3,33,42,5,10,10,0,ALLIANCE > OXFORD UNIVERSITY HOSPITALS NHS TRUST,ARIA Medonc,7
2,8437b207-c925-4dd1-9478-5af329cd736e,0,0,7,7,9,179c21cd-41e0-489b-82c4-1bec011c562f,3,10,42,5,10,2,0,ALLIANCE > TISSUE DIRECTORY,IDRIS Trial,7
1,f8be6d46-61de-4ed3-b127-76cdf92209d0,1,2,6,7,9,18028eac-b157-4264-9b86-9928c8e1709a,3,13,42,5,10,3,0,ALLIANCE > NHS DIGITAL,Personal Demographic Service,7
5,a7d8c6a8-0825-4e73-8f29-3d76194d7114,3,3,6,7,9,1841e7c9-39e1-4eff-9d2f-da3dede71f86,3,25,42,5,10,8,0,ALLIANCE > CPRD,Rural-Urban classification for CPRD GOLD,7
0,c15bc3ad-c053-496b-863f-1d54075d5bd4,3,2,7,7,9,184b973d-ac38-4fc5-8203-f2a244574b4f,3,12,42,5,10,1,0,HUB > BREATHE,Asthma and COPD: practices and perceptions of GPs in rural India,7
4,24b88d1a-4363-4619-870e-9ba9fc5d09e1,8,3,7,7,9,18603ae7-a056-4fd6-a3e5-d32a2440dd26,3,29,42,5,10,8,0,ALLIANCE > HQIP,National Audit of Psychosis - Audit on Early Intervention in Psychosis services - case note audit,7
0,98999c67-0133-4f11-be95-b84ee5727c84,0,0,6,7,9,1900af1a-bd21-4157-ac48-203eec682073,3,6,42,5,10,0,0,ALLIANCE > GENOMICS ENGLAND,GENOMICS ENGLAND 100K BIOINFORMATICS DATA,7
0,25bc9862-5b6c-4dda-80b2-46642d9e518a,2,0,7,7,9,191c1e3f-4eff-41b9-bff1-c6510f7c6c3d,3,10,42,5,10,2,0,HUB > BREATHE,Early Pandemic Evaluation and Enhanced Surveillance of COVID-19 (EAVE II),7
4,85b4dc84-88f4-4740-80fa-fa1eb04a0ae6,8,3,7,7,9,1a0af437-ec80-4db7-9c76-a2418cc8c5c8,3,29,42,5,10,8,0,ALLIANCE > HQIP,National Asthma and COPD Audit Programme (NACAP): COPD secondary care clinical dataset,7
2,95f385b1-4f5c-4a88-8e79-9613acc66938,5,2,7,7,9,1b80d25c-4f0f-497b-8614-4d1a8c4d1cd3,3,18,42,5,10,3,0,HUB > BREATHE,Air Quality Study: An ecological analysis of asthma health outcomes in Malaysia,7
2,7f9672fa-dad5-479d-a929-52719e8cc2fa,0,0,7,7,9,1bb2c353-8d91-4989-a21b-26182262b807,3,10,42,5,10,2,0,ALLIANCE > TISSUE DIRECTORY,DARWIN1 Trial,7
1,54095c0e-6faa-4de4-ac26-e2c7ef3cba5c,2,3,6,7,9,1bfdab55-3e6a-4b26-bff1-0105ad416cea,3,14,42,5,10,2,0,NCS > OFFICE FOR NATIONAL STATISTICS,Linked Census and death occurrences,7
2,ba0edcaf-854d-4907-851a-280b56128b3b,1,0,7,7,9,1c17f45b-ba0f-4e97-a0f0-34a600844d4f,3,11,42,5,10,2,0,ALLIANCE > TISSUE DIRECTORY,NICAM: Nilotinib treatment for c-KIT mutated advanced AMM,7
2,ebe6c9dd-fb95-4301-a929-c21b8077753a,1,0,7,7,9,1cb31e11-505b-4ff6-ae20-5c468c9ad296,3,11,42,5,10,2,0,ALLIANCE > TISSUE DIRECTORY,HPB Biobank,7
2,f86400cb-7cab-4e34-aab6-57138b6a96c2,1,0,7,7,9,1d2a94c4-b18d-47c4-9b48-cfab8e67f126,3,11,42,5,10,2,0,ALLIANCE > TISSUE DIRECTORY,National Diet and Nutrition Survey (NDNS),7
5,f48ad0a1-f90c-4a81-8c04-b23f2d8baf7a,1,3,7,7,9,1d5e3b05-8ce3-4f80-ae3a-f6031ad8cf69,3,20,42,5,10,5,0,ALLIANCE > NHS DIGITAL,Mental Health Services Data Set - Service Users,7
4,ac7016ce-f7a9-4c71-bebb-6af6efa27844,8,3,7,7,9,1da704e3-f5ee-4614-8880-10541637a0b7,3,29,42,5,10,8,0,ALLIANCE > HQIP,National Cardiac Audit Programme - National Audit of Percutaneous Coronary Interventions (PCI),7
5,798567eb-d790-466e-880b-75a1e94ffdf2,8,3,7,7,9,1db7ce43-0dc3-4fa9-8bc8-14db16aba508,3,31,42,5,10,9,0,HEALTH INFORMATICS CENTRE - UNIVERSITY OF DUNDEE,Patient SIMD Postcode,7
0,19bc55c2-13d7-4488-a52c-35287483ea4e,0,0,6,7,9,1f55cfcc-1c5d-44e3-9d60-3bedeb033f0a,3,6,42,5,10,0,0,ALLIANCE > CYSTIC FIBROSIS TRUST,Cystic Fibrosis Patient Demographics,7
2,786563e9-5377-4d18-8d32-65ff14d53987,1,0,7,7,9,201602df-7432-4710-98a7-18f59e4f211e,3,11,42,5,10,2,0,ALLIANCE > TISSUE DIRECTORY,University of Southampton Faculty of Medicine Tissue Bank,7
0,4c33a5d2-164c-41d7-9797-dc2b008cc852,0,0,6,7,9,2057a9e3-b491-4d8f-874c-9857d00116b0,3,6,42,5,10,0,0,ALLIANCE > SAIL,Patient Episode Dataset for Wales,7
0,18bc81e3-7d99-4152-bd7a-3c90ee7e489d,1,0,7,7,9,209f42a8-4581-49e1-a0c2-25069a37f230,3,9,42,5,10,2,0,ALLIANCE > TISSUE DIRECTORY,RIO,7
2,5f4c825d-d6c3-453e-9667-8cdf2329b6e1,1,0,7,7,9,20c2a274-843c-43fa-9b76-38ef2f8a3d64,3,11,42,5,10,2,0,ALLIANCE > TISSUE DIRECTORY,TNT: Triple Negative breast cancer Trial,7
0,a25a9892-9141-4e78-8415-945ba73da11e,0,0,7,7,9,21cd4b8e-f4f5-44a6-83eb-b7799e98ba55,3,6,42,5,10,0,0,ALLIANCE > SLaM,South London and Maudsley NHS Foundation Trust (SLaM) Clinical Record Interactive Search (CRIS) platform,7
1,05e6752e-3a0b-4809-aa14-207b4761ef60,1,2,6,7,9,22173c55-25db-4616-97d8-04fdb6899387,3,11,42,5,10,1,0,ALLIANCE > PUBLIC HEALTH SCOTLAND,Scotland Accident and Emergency,7
5,1559ab92-30bb-4cc2-821b-5e1bc521e5a4,9,3,7,7,9,226fb3f1-4471-400a-8c39-2b66d46a39b6,3,33,42,5,10,10,0,ALLIANCE > BARTS HEALTH NHS TRUST,Emergency Care Dataset (ECDS),7
1,cfa1ef13-8ae0-4827-8a0f-9d2df5244725,3,1,6,7,9,22e14c8d-9d92-4437-b39b-f69f7b033d13,3,14,42,5,10,2,1,HUB > PIONEER,The impact of ethnicity and multi-morbidity on C19 hospitalised outcomes,7
0,0ad31772-0893-4cf7-bab0-683e80302201,0,0,6,7,9,22fe7168-89af-4d93-89c8-afa03cf2031a,3,6,42,5,10,0,0,ALLIANCE > CYSTIC FIBROSIS TRUST,Cystic Fibrosis Patient Chronic Medication,7
4,6664317b-39b9-4133-b6c7-ec4bddf78c76,8,3,7,7,9,23330792-fe18-4331-a101-b246657a03ae,3,29,42,5,10,8,0,ALLIANCE > HQIP,National Joint Registry - Revision Knee Replacement dataset,7
2,2f085ac6-d33d-4b9b-8a99-624cc51c3f17,1,0,7,7,9,236108a2-5e2c-4acb-86e7-6ec793aef8ab,3,11,42,5,10,2,0,ALLIANCE > TISSUE DIRECTORY,Human Biomaterials Resource Centre,7
4,d94a604c-5733-4f07-93bb-e77b6ea2313f,8,3,7,7,9,237e724d-03b2-478c-a92d-85a1baa6ae53,3,29,42,5,10,8,0,ALLIANCE > HQIP,Falls and Fragility Fracture Audit Programme Fracture Liaison Service Database clinical dataset,7
0,3f2b37f1-e8f7-42e5-83c4-fc9e1c58725d,0,0,6,7,9,239e8253-a997-4676-8940-16b74a004365,3,6,42,5,10,0,0,GENOMICS ENGLAND,GENOMICS ENGLAND 100K RARE DISEASE & COMMON,7
0,368ad790-3ad8-4f93-9a7c-0bfb64dc6015,0,0,6,7,9,24095736-dbea-4c37-86fe-ddf3a6933a6b,3,6,42,5,10,0,0,ALLIANCE > SAIL,Welsh Cancer Intelligence and Surveillance Unit (WCISU),7
0,b850e56c-5c5b-413e-b829-743772053978,0,0,7,7,9,24b82645-1854-438a-97b2-911bba469d3d,3,6,42,5,10,0,0,HUB > BREATHE,Idiopathic Pulmonary Fibrosis (IPF) Genome-wide Association Study,7
1,98cda353-0011-45b2-80ca-4ed24cd084bf,1,2,6,7,9,2537007c-9e9e-4441-a0d1-59fa400566c5,3,11,42,5,10,1,0,ALLIANCE > PUBLIC HEALTH SCOTLAND,General Acute Inpatient and Day Case - Scottish Morbidity Record (SMR01),7
1,fc66381e-cc46-4bca-85fc-fc2ee09cc5dd,3,0,7,7,9,2542abf8-e50b-4962-9fa1-6dba1b7e8439,3,12,42,5,10,2,0,HUB > BREATHE,mHealth for pneumonia prevention,7
0,a0c27454-8cbe-418f-bdae-a85d5e92e9d4,0,0,6,7,9,258c9577-76cd-45c7-a6b5-8e7eed07ce9e,3,6,42,5,10,0,0,ALLIANCE > SAIL,Maternity Indicators Dataset,7
5,2964d1b0-2630-468a-82c1-00f5ac901b3d,1,3,6,7,9,263ad0a8-ae90-4c1d-85d6-c3d2470eb2b7,3,19,42,5,10,4,0,ALLIANCE > NHS DIGITAL,Mental Health Minimum Dataset v4 (Non-Sensitive) Episodes,7
5,dc37fcd6-1e68-46e5-b73d-4896e069746a,1,3,6,7,9,263f28a4-9835-4856-b1c3-0a0d4085f207,3,19,42,5,10,4,0,ALLIANCE > NHS DIGITAL,Mental Health Minimum Dataset v2.6 (Sensitive),7
5,209d7fae-0521-4d07-8a4d-e0843a46a107,9,3,7,7,9,2684706f-1d43-4263-99b7-b54279614c76,3,32,42,5,10,9,0,ALLIANCE > BARTS HEALTH NHS TRUST,CDE Patient Demographics,7
1,80564a6b-1458-41de-a131-772eb93c0509,1,2,6,7,9,26c561da-15eb-4fdd-8dde-c16d0114f297,3,13,42,5,10,3,0,ALLIANCE > NHS DIGITAL,Hospital Episode Statistics Critical Care,7
0,48ef8f54-9606-4e6f-9256-3cc07ffd10b8,0,0,6,7,9,26da4493-a78b-4090-ba18-e6c600d2c375,3,6,42,5,10,0,0,ALLIANCE > SAIL,Pathology Data from WRRS,7
0,1032850f-7631-4d9e-a760-b0532bffd21a,0,0,6,7,9,278b91aa-7ad1-4b89-86aa-10e9e013f0cf,3,6,42,5,10,0,0,HUB > DISCOVER NOW,North West London population data (NWL POP),7
4,33b36393-3760-40d8-bb98-61806fea5398,8,3,7,7,9,278c3fb2-6b1e-46db-a529-9fc7ddaf4461,3,29,42,5,10,8,0,ALLIANCE > HQIP,National Asthma and COPD Audit Programme (NACAP): secondary care workstream – children and young people asthma (clinical),7
0,11360490-8da3-4a25-bb87-4fcc249b9af5,0,0,6,7,9,27910ce4-f74f-4fab-8649-19d5ec292ad8,3,6,42,5,10,0,0,ALLIANCE > CYSTIC FIBROSIS TRUST,Cystic Fibrosis Patient Annual Review Encounters,7
1,c0fc84af-aeab-4c7e-aa0b-8264baff55d9,2,0,6,7,9,28868e22-c162-4374-a408-690933dc318d,3,15,42,5,10,5,1,ALLIANCE > SAIL,COVID-19 Test Trace and Protect [CTTP],7
2,e10a660d-b84c-475f-abd4-024dd1af7a5d,1,0,7,7,9,2a5d2a42-803c-4c96-bcd6-a4289d2b664a,3,11,42,5,10,2,0,ALLIANCE > TISSUE DIRECTORY,IoN Trial,7
5,7c2b435c-5442-4a05-9b8d-08024ec57c30,1,3,6,7,9,2a725f9d-c4a9-4c89-aa37-b3c25cc83389,3,19,42,5,10,4,0,ALLIANCE > NHS DIGITAL,Mental Health & Learning Disabilities Dataset v 1 (Sensitive) Records,7
2,47f979bc-da9d-4e9e-9f2b-15e09366db04,1,0,7,7,9,2aa58bb8-83d8-455a-87e6-d567ae4a379c,3,11,42,5,10,2,0,ALLIANCE > TISSUE DIRECTORY,ESPAC-TPlus,7
2,1d5b9205-dae4-4b0e-a3d3-04707875edf8,2,2,6,7,9,2aabcea9-d0dd-4780-b162-3c7ed3ee9888,3,15,42,5,10,3,0,ALLIANCE > HEALTH AND SOCIAL CARE NORTHERN IRELAND,Admissions & Discharges,7
5,32edd77d-533c-423f-b045-937507f8505d,8,3,7,7,9,2ab363bf-3013-475b-8254-bd7740f70edb,3,31,42,5,10,9,0,HEALTH INFORMATICS CENTRE - UNIVERSITY OF DUNDEE,Renal Register – ISD National dataset,7
2,e54d35a6-2e7c-422d-a4a5-a7da930b08f2,2,2,7,7,9,2b06afa3-dfc7-424b-8b9a-9325df6cfc19,3,13,42,5,10,1,0,ALLIANCE > PUBLIC HEALTH SCOTLAND,Scottish Stillbirth and Infant Death Survey,7
0,a380bd6b-009f-4b78-b638-ba9ee62be2eb,0,1,6,7,9,2b09ea87-5b22-4049-b7dd-de0889699115,3,7,42,5,10,0,0,ALLIANCE > SAIL,Millennium Cohort Study,7
2,f20bf814-ee80-4e67-ab00-afff884ddbb4,1,0,7,7,9,2b198886-ccab-4276-b6b9-22c344df8304,3,11,42,5,10,2,0,ALLIANCE > TISSUE DIRECTORY,NIHR Nottingham Digestive Diseases Collection,7
2,1c455ad3-af51-4b93-aff4-c5d3dacfa9f4,0,0,7,7,9,2bf53952-e77c-4746-b36f-5ccb1574f6a7,3,10,42,5,10,2,0,ALLIANCE > TISSUE DIRECTORY,BRAIN UK,7
4,b4f076d2-c9a3-49ba-84f4-94148dc8511a,8,3,7,7,9,2c0e04bc-2f16-4903-90dc-c9d57ab40efb,3,29,42,5,10,8,0,ALLIANCE > HQIP,National Joint Registry - Revision Ankle Replacement dataset,7
4,a9098b51-f8ec-432e-a52f-f4c1f2c1e4f6,8,3,7,7,9,2c53d1f7-4540-4c57-8e93-8115b8abc6a9,3,29,42,5,10,8,0,ALLIANCE > HQIP,National Diabetes Inpatient Audit Hospital Characteristics Survey dataset,7
5,b7d24b82-f8a4-4838-844c-ecd86ddf5db2,3,3,6,7,9,2d23ad3c-0541-453c-8bf7-9dc42e1aba65,3,25,42,5,10,8,0,ALLIANCE > CPRD,Rural-Urban classification for CPRD Aurum,7
5,3a387099-e69e-479d-a937-2cc3795d7170,3,3,6,7,9,2d3302d1-b6fc-4883-8168-010da0d48638,3,25,42,5,10,8,0,ALLIANCE > CPRD,Quality of Life of Cancer Survivors in England: Pilot Patient Reported Outcomes Measures Survey (2011) for CPRD Aurum,7
0,14c31b39-f189-4417-bd38-635268495593,0,0,6,7,9,2d4b933d-1c8b-4fde-860e-c324454d28f9,3,6,42,5,10,0,0,GENOMICS ENGLAND,GENOMICS ENGLAND 100K NHSD LINKED DATA,7
4,025c9e8a-938b-4886-9e03-fcad90fe7157,8,3,7,7,9,2dbd2e38-a4bb-4f8c-b401-ebec10f0d89e,3,29,42,5,10,8,0,ALLIANCE > HQIP,Falls and Fragility Fracture Audit Programme National Hip Database Facilities Survey 2019,7
2,2f1244b8-7cbf-4fa3-8534-433efd769d48,3,2,7,7,9,2dc79612-0e0d-4336-aaa1-6abd90d28589,3,15,42,5,10,2,0,HUB > BREATHE,"4 Country ChrOnic: estimating respiratory disease burden in adults, South India",7
2,762976cc-83d0-4b31-a879-37f87f947406,0,0,7,7,9,2e20b776-a0bc-44ed-9882-ad63855a0ec4,3,10,42,5,10,2,0,ALLIANCE > TISSUE DIRECTORY,NHS Greater Glasgow & Clyde Bio-Repository,7
5,48627b2d-f247-4921-9ee1-6c37adfff10d,3,3,6,7,9,2e8cc70b-bd57-4b64-bd12-fbc07e0f240f,3,25,42,5,10,8,0,ALLIANCE > CPRD,Mental Health Dataset (MHDS) for CPRD Aurum,7
0,1fe1e7bb-ef6e-4d89-9824-bb560afc81f0,0,0,6,7,9,2f19548c-99d7-4f48-a418-d7afb77aebec,3,7,42,5,10,1,0,HUB > DISCOVER NOW,North West London Patient Index (NWL PI),7
2,ecb82441-286f-408d-880c-9239a25fb5cd,1,0,7,7,9,2f57c592-c65c-4d1c-b92d-d19d2a11c02e,3,11,42,5,10,2,0,ALLIANCE > TISSUE DIRECTORY,BioDock,7
1,dd4629c0-14b6-4cba-8dcf-31ec5fea68bb,3,1,6,7,9,2f8f1d52-3999-40af-9dc8-9fefa0ab348f,3,14,42,5,10,2,1,HUB > PIONEER,Coagulopathies & arterial/venous thrombosis in COVID patients: an OMOP dataset,7
4,f4f0ef1a-46cf-4734-8516-3adb0b62ae6d,4,2,7,7,9,301233da-53f8-4cea-8f74-4d4aa8d8c42c,3,19,42,5,10,3,0,ALLIANCE > GENERATION SCOTLAND,Generation Scotland: Scottish Family Health Study,7
4,587a94e6-48a4-4e5e-8230-4018897bc7c7,8,3,7,7,9,304430ff-0aff-4d36-91e5-94be251a409a,3,29,42,5,10,8,0,ALLIANCE > HQIP,National Audit of Dementia Round 4 - casenote audit,7
1,6c4ed998-0f05-415c-a3e4-42430bb62d24,1,1,6,7,9,3141f405-9653-4189-9a1f-443a463d4b1b,3,13,42,5,10,3,1,ALLIANCE > SAIL,Systemic Anti-Cancer Therapy Dataset [SACT],7
2,07d1b768-78f6-41e8-995a-66afd2549b34,0,0,7,7,9,319a2a77-3f4d-497e-bc3e-33002f316cae,3,10,42,5,10,2,0,ALLIANCE > TISSUE DIRECTORY,PHOTO Translational bladder cancer biorepository,7
1,fede31c6-a9c5-4cfb-9866-9b58b2199cff,2,2,6,7,9,31fd27d5-c08d-49c3-b7f1-0af71ad219aa,3,14,42,5,10,2,1,ALLIANCE > NHS DIGITAL,Covid-19 Second Generation Surveillance System,7
2,c0318a31-a32c-4d3a-9591-dfe9352bf2b9,1,0,7,7,9,32b5d90f-6bad-40f8-96d7-69b11df6d5ff,3,11,42,5,10,2,0,ALLIANCE > TISSUE DIRECTORY,LBIH Biobank,7
5,faf2fc49-d09f-4ea2-a2cb-b1d30fffa406,8,3,7,7,9,33e96a6f-8791-48c7-a440-889dba594c36,3,31,42,5,10,9,0,HEALTH INFORMATICS CENTRE - UNIVERSITY OF DUNDEE,"Deaths – CHI, Community Health Index",7
0,4883530f-1c8d-49aa-886e-ea3b958772ea,0,0,7,7,9,342bef6e-8fa2-49f0-bdbb-c95d866aa145,3,8,42,5,10,2,0,ALLIANCE > TISSUE DIRECTORY,Scottish Human Papillomavirus Archive,7
2,399a6d67-7577-4476-a3b6-4bbceb5a8ff7,1,0,7,7,9,355de4ca-1ce9-4ba4-8e07-2d51bb82bfbf,3,11,42,5,10,2,0,ALLIANCE > TISSUE DIRECTORY,Human Developmental Biology Resource (HDBR),7
5,c123f74c-0731-428e-b31b-eee2723df54d,1,3,6,7,9,36047c5f-7d57-4d25-a114-2bcc6c11708f,3,19,42,5,10,4,0,ALLIANCE > NHS DIGITAL,Mental Health Minimum Dataset v3_3.5 (Sensitive),7
5,750063ea-6bfd-4492-9748-2a18080cf6ea,8,3,7,7,9,3728b674-68a2-4710-9f8e-b0fc3f2add10,3,31,42,5,10,9,0,HEALTH INFORMATICS CENTRE - UNIVERSITY OF DUNDEE,NHS Tayside and Fife Accident & Emergency Dataset (ISD/National),7
2,039b55f7-d416-49ab-9bdb-4ff7dbc733df,1,0,7,7,9,3784d68e-d213-43a7-bf30-8f4d34de022c,3,11,42,5,10,2,0,ALLIANCE > TISSUE DIRECTORY,NIMRAD-TRANS,7
2,64f78a5f-268f-4951-9c91-f7e7130baffa,5,2,7,7,9,37eb2884-d7df-489f-a3ad-f02f1e510475,3,18,42,5,10,3,0,HUB > BREATHE,Exploring psychological issues of primary care teams in Malaysia amidst COVID-19,7
2,f94168a1-cab8-4211-90e0-38a241609697,1,0,7,7,9,37fe2488-f4c3-4471-a1e0-7d4a4204f063,3,11,42,5,10,2,0,ALLIANCE > TISSUE DIRECTORY,"Leeds Dental Institute/School of Dentistry Leeds, Skeletal Tissues Bank",7
1,050163dc-1728-4ac5-a7d9-4dd3ca0ca12a,1,2,6,7,9,384176d1-8c17-46e5-8771-7e27fe3b184e,3,13,42,5,10,3,0,ALLIANCE > NHS DIGITAL,Civil Registration - Deaths,7
0,6fe7e004-eb51-4c7b-9905-1ec9a4827dca,0,0,6,7,9,38468759-3351-4722-9eeb-4c6dc9fa44ce,3,6,42,5,10,0,0,ALLIANCE > SAIL,Congenital Anomaly Register and Information Service,7
5,2f73575d-23c8-4bb8-87db-115cde076127,1,3,6,7,9,3935e2fd-0c30-4f56-8388-45a02e0499b4,3,19,42,5,10,4,0,ALLIANCE > NHS DIGITAL,Bridge file: Hospital Episode Statistics to Diagnostic Imaging Dataset,7
5,56a66de8-3470-4a36-ac71-4d5471e72654,4,3,6,7,9,3943e6de-6c32-43dd-8090-16ec9ca0902f,3,26,42,5,10,8,0,ALLIANCE > CPRD,National Radiotherapy Dataset (RTDS) for CPRD GOLD,7
4,3cc81e6c-0c17-4ccd-8202-a9aceb82c989,8,3,7,7,9,395262e7-9846-4d9d-a288-8b0ebea782b9,3,29,42,5,10,8,0,ALLIANCE > HQIP,National Cardiac Audit Programme - Cardiac Rhythm Management (CRM),7
1,8e739a01-bcfa-4b75-b7f8-e694ee185f8d,2,3,7,7,9,39537838-164a-4aee-8859-957f0a347390,3,15,42,5,10,3,0,NCS > OFFICE FOR NATIONAL STATISTICS,Business Impact of COVID-19 Survey (BICS),7
0,3f71bef5-c5a2-400c-a482-2ad30b29a240,0,0,6,7,9,395d4311-da00-49a4-b78e-5387c961d803,3,7,42,5,10,1,0,HUB > DATA-CAN,Children’s Kidney Cancers - Great Ormond Street Hospital,7
2,12288034-00a4-47a8-a779-1cf7a55270e4,0,0,7,7,9,3983f3ec-ce63-4142-b73e-93130654710b,3,10,42,5,10,2,0,ALLIANCE > TISSUE DIRECTORY,The Cleft Collective,7
2,df94730b-374b-4d91-8116-1c10a7c77c4e,0,0,7,7,9,3a0599ed-5452-4299-956c-af5a30bbef23,3,10,42,5,10,2,0,ALLIANCE > TISSUE DIRECTORY,PHOENIX DDR-Anti-PD-L1 Trial,7
2,d387ed7c-14fa-49e2-8ced-df0f9372eb88,1,0,7,7,9,3a23e7dc-d814-4772-a6f8-a814c8e0128b,3,11,42,5,10,2,0,ALLIANCE > TISSUE DIRECTORY,SWIFT-RTB,7
4,1fcaf429-8762-454c-b999-c5fdd757b880,8,3,7,7,9,3a51b861-026d-45ed-abe6-30d9cc07b516,3,29,42,5,10,8,0,ALLIANCE > HQIP,Epilepsy 12 - clinical audit,7
2,722056a5-5fc6-4ad2-8efe-62a80dd6389b,5,2,7,7,9,3a56c317-bf1b-448d-89ab-3421eae3aa18,3,22,42,5,10,5,2,UK Biobank,Death register,7
4,fe8f8e2c-2f77-464d-9d45-a601cb2f8bf9,8,3,7,7,9,3a9ab245-5fcc-49a0-ae58-12ebab9b0053,3,29,42,5,10,8,0,ALLIANCE > HQIP,National Paediatric Diabetes Audit - Spotlight survey of workforce in Paediatric Diabetes Units,7
2,57526718-0a9a-42ad-8b7a-582d9ef96d13,3,0,7,7,9,3aa01779-831e-478f-b4e3-7c111d642b18,3,13,42,5,10,2,0,HUB > BREATHE,COVID-19 Detection from Chest X-Rays using Deep Learning,7
0,12a77014-4a77-4eb1-8b26-f49689352d1b,0,0,6,7,9,3ab70331-aa54-4f0d-aa95-ea2b95bed9d5,3,6,42,5,10,0,0,ALLIANCE > SAIL,Annual District Birth Extract,7
1,6f8182d2-2993-400d-829d-b52cdb324bf3,2,2,6,7,9,3c9e8226-f12c-4824-9996-29a667b9609c,3,15,42,5,10,3,1,ALLIANCE > PUBLIC HEALTH SCOTLAND,SICSAG Episodes (Scottish Intensive Care Audit Group),7
5,51b41359-1558-48df-9950-88f75ca6ac4c,9,3,7,7,9,3cd53c68-7e56-4c3e-b7c2-bd7e18040ec5,3,33,42,5,10,10,0,ALLIANCE > BARTS HEALTH NHS TRUST,"Problems, Diagnosis and Procedures",7
1,3ddfccc3-ba32-4653-a999-966b8d6c412f,1,2,6,7,9,3ce8ddf2-c69b-4143-9e39-86c0ac2d8482,3,13,42,5,10,3,0,ALLIANCE > NHS DIGITAL,Hospital Episode Statistics Accident and Emergency,7
5,6d044471-62d2-4190-b315-503f77d33ef2,8,3,6,7,9,3e13c6f0-2760-4ece-b047-77d750d9cdbd,3,31,42,5,10,9,0,HEALTH INFORMATICS CENTRE - UNIVERSITY OF DUNDEE,Prescribing,7
4,d94eb31c-04c4-41b6-ad38-45f6aef30132,8,3,7,7,9,3e89692b-7aa2-49d6-b802-82921bd7e006,3,29,42,5,10,8,0,ALLIANCE > HQIP,National Clinical Audit of Anxiety and Depression - spotlight audit on psychological therapies (patient experience survey),7
0,e22ddf52-7f9e-4072-ae61-cb722461b37d,0,0,6,7,9,3ee52adc-b97e-4f7b-a251-a1c9841a380c,3,6,42,5,10,0,0,HUB > BREATHE,"Extended Cohort for E-health, Environment and DNA (EXCEED)",7
4,25b93812-191f-49bb-bbd0-782fb85b2bd2,8,3,7,7,9,3f299029-3126-4ce0-893c-4a759cbe90b1,3,29,42,5,10,8,0,ALLIANCE > HQIP,National Emergency Laparotomy Audit - Patient Audit Dataset,7
0,29a714e1-5289-4362-be24-2848c954344e,0,0,6,7,9,3fceb952-0b21-40f4-bd69-fa5cd7ad7df9,3,6,42,5,10,0,0,ALLIANCE > SAIL,Cafcass Wales,7
5,e830b2a5-14d6-4643-a206-619bf5372dc8,9,3,7,7,9,40573895-497b-4d47-90e1-6aafe70b93f6,3,33,42,5,10,10,0,ALLIANCE > OXFORD UNIVERSITY HOSPITALS NHS TRUST,Endobase,7
2,93baeb13-cc4b-47fd-9dae-5ae5277cba54,0,0,7,7,9,406e7ae7-554b-4807-b3a5-a4d81316cf9c,3,10,42,5,10,2,0,ALLIANCE > TISSUE DIRECTORY,Bloodwise Childhood Leukaemia Cell Bank,7
1,2004c512-f7c9-4995-b820-55f36aa3fad2,2,2,6,7,9,41369771-7b1d-478f-a96c-96c25b637cb2,3,15,42,5,10,3,1,ALLIANCE > NHS DIGITAL,Secondary Uses Services Payment By Results,7
1,0e38bbf4-c788-4a1a-9af8-a24821250154,2,1,6,7,9,41a667eb-1c84-4665-b0d4-d26405d277c5,3,16,42,5,10,5,1,ALLIANCE > SAIL,Domiciliary Social Care Worker [DSCW],7
5,e9b43936-e700-40c9-8b32-57ed44583f3d,1,3,6,7,9,4262e057-6978-4e4c-a05d-c4f328422090,3,20,42,5,10,5,0,ALLIANCE > NHS DIGITAL,Mental Health and Learning Disabilities Data Set,7
4,3bb02d77-9678-4e6e-832d-c2ed3ede412c,8,3,7,7,9,4271bc64-b139-40b0-98de-5f2e94e2d026,3,29,42,5,10,8,0,ALLIANCE > HQIP,National Neonatal Audit Programme - 2 year outcomes audit,7
3,7958450d-bd25-42c4-b79e-0e3d0806ac21,3,3,6,7,9,42780b16-32e3-442e-92cd-1810bf30dab8,3,20,42,5,10,5,0,ALLIANCE > CPRD,HES Patient Reported Outcomes Measures (PROMs) data for CPRD Aurum,7
4,3c19e2c9-96d5-45f3-9c55-fc3cec762cd7,8,3,7,7,9,430331ef-fa66-485b-b090-e4e83def9136,3,29,42,5,10,8,0,ALLIANCE > HQIP,Falls and Fragility Fracture Audit Programme National Audit of Inpatient Falls clinical dataset,7
1,ad36dc03-1856-44de-99b0-1af6f312d86b,1,2,6,7,9,4481aab8-9b4f-43dd-9cd4-1e427561a2a5,3,11,42,5,10,1,0,ALLIANCE > PUBLIC HEALTH SCOTLAND,Scottish Cancer Registry (SMR06),7
5,9c31a2bd-ff3a-4379-a4b8-0b90527a4c38,1,3,6,7,9,46493a09-b3bb-4c0e-b944-82665ee21508,3,19,42,5,10,4,0,ALLIANCE > NHS DIGITAL,Mental Health Minimum Dataset v4 (Sensitive) Events,7
2,2c31cb1c-2b3d-40c5-b8d4-bf0b81f089b4,2,2,7,7,9,4660884b-e40a-4251-ad19-40872641fa8c,3,13,42,5,10,1,0,ALLIANCE > PUBLIC HEALTH SCOTLAND,Child Health Systems Programme - School,7
4,3c661240-e4d2-456c-a809-133c23f9c469,8,3,7,7,9,4678a81d-dfb6-478a-a373-d5510866b3d0,3,29,42,5,10,8,0,ALLIANCE > HQIP,National Vascular Registry - Organisational Audit dataset,7
4,2b640175-725a-465f-9aec-6794e6d27791,8,3,7,7,9,46e4c3ba-dae2-453d-832a-88ea603110f1,3,29,42,5,10,8,0,ALLIANCE > HQIP,National Cardiac Audit Programme - National Congenital Heart Disease Audit (NCHDA),7
4,d357be1e-27fe-4b2f-9174-3a2a03ecc12b,8,3,7,7,9,47bec08b-57b7-450e-9be7-af19bab99b58,3,29,42,5,10,8,0,ALLIANCE > HQIP,National Vascular Registry Audit - Lower Limb Bypass clinical dataset,7
2,7d23e729-72b0-4dd1-820d-07697b49acd0,3,2,7,7,9,47e9fa0a-d74f-43bc-ae63-0eb33f354f01,3,14,42,5,10,1,0,HUB > BREATHE,Theory of Planned Behaviour Intervention: respiratory disease in South India,7
4,93a7352f-fce4-42c9-9a8c-efc7fe23eda0,4,2,7,7,9,480ccd8a-309e-417a-ac23-5b2d9cd281b1,3,24,42,5,10,6,2,UK Biobank,Genotype,7
0,6c5cdd2b-cedd-4349-9141-74b501bd7e09,0,0,6,7,9,49dc6bfb-37f7-4f18-92e7-1a06ab80633e,3,6,42,5,10,0,0,HUB > DATA-CAN,Comprehensive Patient Records for Cancer Outcomes,7
0,de9cf0f5-b26a-4363-9df8-3628a4aa6b6e,0,0,6,7,9,4b1202a7-aaf8-486d-86b0-d75a421a5e60,3,7,42,5,10,1,0,HUB > DISCOVER NOW,North West London Adult Social Care Data (NWL ASC),7
0,c74a9b9e-1fea-4aac-99fd-54e30668e085,0,1,6,7,9,4b6d3344-e73a-4f46-8e9d-fabb85827772,3,7,42,5,10,0,0,ALLIANCE > SAIL,Daily Situation Report Data,7
4,eecbdd8d-92a0-4dfd-a216-1cf7f1f8c98f,8,3,7,7,9,4b71fca4-8b2c-4e37-8996-b64a9c1450f0,3,29,42,5,10,8,0,ALLIANCE > HQIP,National Paediatric Diabetes Audit - Spotlight survey of diabetes-related technologies,7
2,e57dd7a2-3c5c-4285-8001-8e2589c395e9,1,0,7,7,9,4cfabd2a-e590-4f63-82f5-6d543b0075cf,3,11,42,5,10,2,0,ALLIANCE > TISSUE DIRECTORY,VinCaP,7
2,576fbcf8-ff25-4230-ae69-e72ca02b95f1,1,0,7,7,9,4d95d730-a53a-4856-a278-b2fba96657c4,3,11,42,5,10,2,0,ALLIANCE > TISSUE DIRECTORY,Myeloma XII clinical trial samples,7
2,d2d57b7f-95d8-425f-b2fd-cc9aff05e659,3,2,6,7,9,4f721a52-b3cd-4594-9099-5185f80832c7,3,14,42,5,10,1,0,ALLIANCE > PUBLIC HEALTH SCOTLAND,Child Health Systems Programme - 27-30Months Review,7
1,bcbc41cb-99f7-482e-ba3d-561164abbd4e,2,0,7,7,9,505318b6-609c-4baf-9dea-2e3532f936f8,3,14,42,5,10,5,0,HUB > BREATHE,COPDMAP Consortium,7
4,c3e63860-bd61-4154-ab5f-ca927fb029c4,8,3,7,7,9,50631db6-126e-4b3a-8035-444b66ba4afa,3,29,42,5,10,8,0,ALLIANCE > HQIP,National Audit of Psychosis - Audit on Early Intervention in Psychosis services -  patient experience survey,7
1,1fc57971-5af5-499e-a500-4ffbb087f0c4,3,2,6,7,9,50e341b3-11cb-4ea3-afd0-be193c0df91f,3,15,42,5,10,3,0,ALLIANCE > PUBLIC HEALTH SCOTLAND,RAPID (Hospital Stay Level Data),7
0,bb8de9d2-cc38-4c40-b104-ffd167f64f76,0,0,7,7,9,50feb9f3-3be8-4690-913b-bd462d27d3db,3,6,42,5,10,0,0,HUB > BREATHE,Prospective Observation of Fibrosis in the Lung Clinical Endpoints,7
5,1c27bfbf-c659-42ff-8afe-d58250b49c07,9,3,7,7,9,510e1782-1650-4342-9c20-185ca47f7b11,3,33,42,5,10,10,0,ALLIANCE > OXFORD UNIVERSITY HOSPITALS NHS TRUST,Outpatient Appointment Dataset,7
1,f61f116d-f732-450e-9d34-c6ae00e3fd1e,2,2,6,7,9,511f73b6-5181-408d-ae40-69b0ef70e732,3,14,42,5,10,2,1,ALLIANCE > NHS DIGITAL,COVID-19 SARI-Watch (formerly CHESS),7
2,01c3d08c-6948-4059-a027-3437e4f5d53b,0,1,7,7,9,5138fa73-6695-413d-9d03-a40ecad98fb5,3,14,42,5,10,5,0,HUB > BREATHE,Leicester Respiratory Research Database,7
5,9711e6cc-426c-4cef-afb3-64382f8d7ed4,8,2,7,7,9,52a4c514-0414-43c7-a400-1498a70ed85a,3,28,42,5,10,7,0,HUB > BREATHE,International Severe Asthma Registry,7
4,a290592c-a6f5-4874-b283-1d33e923c487,8,3,7,7,9,535fbfd4-34f0-436d-8de2-e708fd0fa103,3,29,42,5,10,8,0,ALLIANCE > HQIP,National Audit of Care at the End of Life - organisational level audit,7
4,c8b6c319-239b-4792-9898-644a63d07ab5,8,3,7,7,9,5536b00a-fb31-4e91-9bd8-e7f774974846,3,29,42,5,10,8,0,ALLIANCE > HQIP,National Vascular Registry - Lower Limb Angioplasty clinical dataset,7
0,20fe153c-a5e5-4991-900e-8fa9988e771a,0,0,6,7,9,553a0fcb-6bed-493c-a185-fa97dc5f370d,3,6,42,5,10,0,0,ALLIANCE > SAIL,National Community Child Health Database (NCCHD),7
2,4346676d-6108-47de-b579-6cef74c6acef,3,2,7,7,9,561b8a79-6bac-4ffc-91f4-0bbec4e90968,3,14,42,5,10,1,0,HUB > BREATHE,Care-seeking practices for childhood pneumonia in non/tribal areas of Pune India,7
2,0d4f0103-82d8-43f4-8058-4aec80ea562f,1,0,7,7,9,5758964b-1161-48ee-97b5-1e414f406978,3,11,42,5,10,2,0,ALLIANCE > TISSUE DIRECTORY,Cardiff School of Dentistry Tooth Bank,7
2,c0dcceca-c8cf-4269-a0e0-0c18b6ba2de1,1,0,7,7,9,57f5eb44-bd9b-4ec5-b255-fe915ff74ab5,3,11,42,5,10,2,0,ALLIANCE > TISSUE DIRECTORY,Cardamon Clinical Trial Samples,7
5,49e63323-e564-48ac-9f11-cf77bf0fe20b,8,3,7,7,9,5852d8bc-d721-4daf-a63b-21aebcc6f5a9,3,31,42,5,10,9,0,HEALTH INFORMATICS CENTRE - UNIVERSITY OF DUNDEE,Tayside & Fife Diabetes – Summary and a range of diabetes related datasets.,7
2,a218d0b4-0273-4a04-ba17-c01dae6dcf33,1,0,7,7,9,593a5263-e2b5-4433-81c1-30b35a520488,3,11,42,5,10,2,0,ALLIANCE > TISSUE DIRECTORY,King's Health Partners Cancer Biobank,7
1,a77e52cc-d404-45d6-835f-32e2dc46778a,2,2,6,7,9,5976dcec-607f-4a42-b7dd-3cfb3904c2af,3,14,42,5,10,2,1,ALLIANCE > NHS DIGITAL,Covid-19 UK Non-hospital Antibody Testing Results,7
1,4ac15572-fe9a-46d3-860d-a46b616181f7,3,2,7,7,9,598989e4-17b7-4730-87af-b7e6b1519301,3,16,42,5,10,3,1,NCS > OFFICE FOR NATIONAL STATISTICS,Labour Force Survey (Longitudinal),7
4,bf2d780d-936b-4f4c-88f9-a280b849b652,8,3,7,7,9,59bc96f9-69b7-4763-81a8-ec4695b6b55e,3,29,42,5,10,8,0,ALLIANCE > HQIP,National Clinical Audit of Anxiety and Depression - spotlight audit on psychological therapies (therapist survey),7
1,e253257c-48c2-491b-b3b9-205161a16a7e,2,3,7,7,9,5aa849d6-cff2-4515-8510-f5472b07955d,3,14,42,5,10,2,0,NCS > OFFICE FOR NATIONAL STATISTICS,Coronavirus and the social impacts on Great Britain,7
2,b03835b7-7408-49a0-a9aa-ea405f9855c9,1,0,7,7,9,5ad32bfa-8d4b-45cb-aa10-3b0a4bcfd258,3,11,42,5,10,2,0,ALLIANCE > TISSUE DIRECTORY,MesobanK,7
2,2843087f-23a4-4cfe-8e72-53f2b9562cc3,2,2,6,7,9,5ae869f8-b6af-41c0-bca0-1fffef112375,3,17,42,5,10,3,2,ALLIANCE > HEALTH AND SOCIAL CARE NORTHERN IRELAND,Enhanced Prescribing Database,7
1,fb6d98c5-e41d-4804-bb28-839556e0f657,0,0,7,7,9,5d2758c6-b315-421f-9971-9df8ba83a2d4,3,7,42,5,10,0,0,HUB > BREATHE,SpiroMeta Consortium Dataset,7
1,86f46be3-bc29-4820-8363-de6530a94c6f,1,2,6,7,9,5d76d094-446d-4dcc-baa1-076095f30c23,3,13,42,5,10,3,0,ALLIANCE > NHS DIGITAL,Diagnostic Imaging Dataset,7
5,59d72237-6969-4f59-9e87-48138978abe8,9,3,7,7,9,5e022f8f-4d07-44bb-a87c-43e31200fe1e,3,33,42,5,10,10,0,ALLIANCE > OXFORD UNIVERSITY HOSPITALS NHS TRUST,ARIA Radonc,7
0,fa257aa8-51fc-4eb7-a448-e473fa54686d,0,0,6,7,9,5e2a7277-dc64-499a-b16d-51850d9ad00b,3,6,42,5,10,0,0,ALLIANCE > SAIL,Emergency Department Dataset Daily,7
4,e355c9b9-44f0-4ba3-a872-645aa88f4f2b,8,3,7,7,9,5ea9c568-b850-4589-bcbb-6ee0cfd322cd,3,29,42,5,10,8,0,ALLIANCE > HQIP,National Paediatric Diabetes Audit - core clinical dataset (care processes and outcomes),7
0,602d8093-6a1e-42cf-a89c-8bf0d47ecc8c,0,0,6,7,9,5eaf28aa-dfd4-4bf6-b5e7-3d172a2c3cf7,3,7,42,5,10,1,0,HUB > DISCOVER NOW,North West London Integrated Care Record (NWL ICR),7
2,636e216a-072b-4c8b-b867-23b7666d2cb2,1,0,7,7,9,5eecebc6-d896-46de-92df-d108bb193b17,3,11,42,5,10,2,0,ALLIANCE > TISSUE DIRECTORY,UK CLL Trials Biobank,7
4,01ad25ed-8cde-43d7-bc77-d8cc3d165df4,8,3,7,7,9,600be397-211b-4f65-9f82-e85f4393fb8a,3,29,42,5,10,8,0,ALLIANCE > HQIP,National Maternity and Perinatal Audit Organisational Survey 2019,7
2,e77af7a3-32fa-4a08-8455-4fb489e5b64a,2,2,6,7,9,60a303b6-1ebf-466e-ab5c-db92ca7a13c4,3,13,42,5,10,1,0,ALLIANCE > PUBLIC HEALTH SCOTLAND,Child Health Systems Programme - 13-15 Month Review,7
4,4a96b9bf-beb0-41b1-9211-e6ce39a21c1a,8,3,7,7,9,61cf3b8d-5a1b-4241-aaac-89599bf17ab6,3,29,42,5,10,8,0,ALLIANCE > HQIP,National Clinical Audit of Anxiety and Depression - Core audit of practice,7
1,2f66bcf9-e626-4e8d-bc6e-2d3958e709d8,2,3,6,7,9,62087504-c04e-4382-9c71-e1c9b83d2d5e,3,14,42,5,10,2,0,NCS > OFFICE FOR NATIONAL STATISTICS,Census 2011 E&W - Household structure for COVID-19 models,7
1,7749d90e-dd7a-4697-8a9c-666491c64a0c,2,2,6,7,9,621008c7-67ac-4e3d-9c54-af87cc2f9579,3,15,42,5,10,3,1,ALLIANCE > NHS DIGITAL,Emergency Care Data Set (ECDS),7
1,81c53293-ef64-4507-8fcf-2a254dc19936,2,2,6,7,9,621576c2-a995-424b-a506-2276f9b03f37,3,12,42,5,10,1,0,ALLIANCE > PUBLIC HEALTH SCOTLAND,Scottish Birth Record (SBR),7
0,1d6b02f1-47b8-42ad-919d-f738b545cff7,3,0,7,7,9,62824365-480a-4d20-9ab2-7e7739e7e2ec,3,10,42,5,10,1,0,HUBS > BREATHE,ICT-based intervention for adult asthma with limited health literacy,7
2,c9f82f86-79e1-4067-932f-5e6dc939006d,0,0,7,7,9,62b17ee5-97e3-468e-ba48-e8685ea28461,3,10,42,5,10,2,0,ALLIANCE > TISSUE DIRECTORY,UK real-world lymphoid tissue bank,7
0,ea748742-568a-46e2-b603-2fada49024e1,0,0,6,7,9,62c01293-83a5-4d4d-9d36-9d7aa2bf120f,3,6,42,5,10,0,0,GENOMICS ENGLAND,GENOMICS ENGLAND 100K PHE LINKED DATA,7
2,e0b951ba-0f7d-4743-9374-b965042accdd,0,0,7,7,9,62d11868-51d7-4b3a-99eb-da9f5d3797dc,3,10,42,5,10,2,0,ALLIANCE > TISSUE DIRECTORY,UKCTOCS Longitudinal Women's Cohort (UKLWC),7
1,c12c53cc-d1f5-4b01-b86d-5e04c67ee70a,1,0,6,7,9,62fc43ed-1198-4769-ad39-a0bc2c05fd47,3,10,42,5,10,2,0,ALLIANCE > NIHR BIORESOURCE,Contact detail,7
0,594cfe55-96e3-45ff-874c-2c0006eeb881,0,0,6,7,9,6325125b-6157-4c20-8bc0-54e2c45cf19b,3,6,42,5,10,0,0,ALLIANCE > SAIL,COVID-19 Symptom Tracker Dataset,7
1,811a54fb-8b79-442f-8e28-a725a0561a15,2,2,6,7,9,63f9444f-d23b-425c-9ee5-aa09968afa08,3,15,42,5,10,3,1,ALLIANCE > PUBLIC HEALTH SCOTLAND,SICSAG Daily (Scottish Intensive Care Audit Group),7
1,86838cad-d5d3-4b65-9c37-29b0c8c36309,3,0,7,7,9,6413c50a-21a4-49ac-8865-b4e59cf42cd6,3,15,42,5,10,3,2,HUB > BREATHE,Salford Lung Study,7
0,8604bcdc-235a-4c70-b29b-1617396815e6,0,1,6,7,9,6439bf82-d0b4-4d7f-b7d9-f1e716b12df5,3,7,42,5,10,0,0,HUB > BREATHE,Wales Asthma Observatory,7
4,0a305b29-cf23-4261-9299-5251e41ee9f0,8,3,7,7,9,64a0ba4d-776c-4979-a4b0-1f1fb6b61c85,3,29,42,5,10,8,0,ALLIANCE > HQIP,National Audit of Dementia Round 4 - organisational checklist,7
0,68b04d3b-17b4-4a04-a8a3-e2a93ed231df,0,1,6,7,9,64c6a583-f71b-478e-a26b-5e581226ec6d,3,8,42,5,10,1,0,ALLIANCE > SAIL,Higher Education Statistics Agency (HESA) Student Data,7
0,97896866-ab5e-408a-ac5a-072802db9faf,0,1,6,7,9,65c8a30c-de2c-47bf-87e4-18c86e75e54a,3,7,42,5,10,0,0,ALLIANCE > SAIL,Diagnostic and Therapy Services Waiting Times,7
5,c71fbdc3-0311-4b3f-a9ff-7d2f2c0ba993,9,3,7,7,9,673626f3-bdac-4d32-9bb8-c890b727c0d1,3,33,42,5,10,10,0,ALLIANCE > BARTS HEALTH NHS TRUST,Critical Care Minimum Dataset,7
0,1789286a-deaf-49df-88cd-660e92934af6,0,0,6,7,9,67ae329c-f51e-4a28-9a1c-e35d2819a6c3,3,6,42,5,10,0,0,ALLIANCE > SAIL,Critical Care Dataset,7
0,dc22db56-8791-4e96-9ce6-6b6a58b1241f,0,0,6,7,9,67ef8ade-51e6-4737-acee-be871751a698,3,6,42,5,10,0,0,ALLIANCE > SAIL,COVID-19 Shielded People list,7
2,af8cdc87-789e-4bea-9d8b-927aa689d211,5,2,7,7,9,68eca6a2-7c32-4bea-bcd1-c07dc50ee018,3,18,42,5,10,3,0,HUB > BREATHE,Exploring the provision of supportive care for patients with COPD in Malaysia,7
2,2dc1218d-df5f-4025-826c-cf5ca7d67882,1,0,7,7,9,6951e949-6aa3-4670-ad05-db8e954b3524,3,11,42,5,10,2,0,ALLIANCE > TISSUE DIRECTORY,Leeds Breast Research Tissue Bank,7
0,6bfe44ef-9532-4986-b8a2-9c2cda4a89cc,0,0,6,7,9,6959639d-5bd2-4b53-918e-8f56784b2870,3,7,42,5,10,1,0,HUB > INSIGHT,Moorfields Eye Image Dataset Release 001,7
2,c6e1ea88-f5bf-4a57-953f-688f313fcb04,0,0,7,7,9,6983134e-c920-47db-957b-47e873644eb0,3,10,42,5,10,2,0,ALLIANCE > TISSUE DIRECTORY,Northern Ireland Biobank (NIB),7
5,014e7973-b43e-4a4a-91b4-de3f353b71b9,4,3,6,7,9,6a8066c7-a8f4-44a6-9efd-871b19a3689f,3,26,42,5,10,8,0,ALLIANCE > CPRD,Systemic Anti-Cancer Treatment (SACT) data for CPRD GOLD,7
0,d5049af5-e351-4b22-8f75-6f3dfc96419b,0,0,6,7,9,6b41863d-690e-492e-8034-303d56f12f22,3,7,42,5,10,1,0,ALLIANCE > RCGP,The Royal College of General Practitioners (RCGP) Research and Surveillance Centre (RSC) primary care sentinel network and database,7
4,dabf34b3-7368-4097-94c5-5b4f4be68fc6,8,3,7,7,9,6b53f274-c927-4b8f-bcc3-1d85fabf16ee,3,29,42,5,10,8,0,ALLIANCE > HQIP,National Diabetes Audit - National Diabetes Foot Care Audit clinical dataset,7
0,50ef6443-ed4b-40f9-97fb-1cfd53be6579,0,0,6,7,9,6b7893b5-74bc-49e2-ab4d-50e7695f54a5,3,7,42,5,10,1,0,ALLIANCE > SAIL,Welsh Dispensing Dataset,7
4,12babf2b-42e8-4b1e-9143-3475a07bb343,8,3,7,7,9,6d1b9b23-1197-4857-9b17-9e26cb0633e8,3,29,42,5,10,8,0,ALLIANCE > HQIP,National Joint Registry - Revision Elbow Replacement dataset,7
5,855a84b2-9d58-4b2b-a450-b6c6d534e403,8,3,7,7,9,6dd0f10d-82fa-438f-ba74-9c880f60bf4c,3,31,42,5,10,9,0,HEALTH INFORMATICS CENTRE - UNIVERSITY OF DUNDEE,NHS Tayside and Fife Virology,7
2,8d3f3e58-be79-4450-b2e3-f5ab8a25fb0e,3,2,6,7,9,6e1d8f50-f718-4964-9c88-2c80cbaa92b5,3,16,42,5,10,3,0,ALLIANCE > CPRD,HES Outpatient data for CPRD Aurum,7
2,fdf9ac68-fc89-4adf-9a73-3a94a9974aef,1,0,7,7,9,6e535e7c-0ceb-4666-9361-e75e9c4a97ca,3,11,42,5,10,2,0,ALLIANCE > TISSUE DIRECTORY,Ethical Tissue - University of Bradford,7
4,41ac38b0-31cd-4865-a357-80ce557b2312,5,2,7,7,9,6e5916d4-017c-4542-bc71-edf6d4c5a055,3,23,42,5,10,4,2,UK Biobank,Biological samples,7
1,df28dcef-1d04-4f7d-b380-c76e07229a14,1,0,6,7,9,6ecc2cb0-3b9b-47fc-9c80-78da44f070ef,3,9,42,5,10,1,0,ALLIANCE > NIHR BIORESOURCE,Demographic,7
4,cefa4d82-5a22-4c19-82ab-4663a364e49e,8,3,7,7,9,6efbc62f-6ebb-4f18-959b-1ec6fd0cc6fb,3,29,42,5,10,8,0,ALLIANCE > HQIP,Epilepsy 12 - Patient Reported Experience Measure,7
0,f5f6d882-163d-4ef1-a53e-000fba409480,0,0,6,7,9,6f24a4b8-66ab-4ea7-aa8c-3be3d0b4abf1,3,6,42,5,10,0,0,ALLIANCE > SAIL,COVID-19 Test results,7
1,fa8bf269-4769-491b-b398-fa63137d14ab,1,0,6,7,9,6f348bdc-21e4-459b-b658-dc839a1e2133,3,11,42,5,10,2,1,ALLIANCE > SAIL,Intensive Care National Audit and Research Centre,7
0,03280e87-6975-4a2a-967d-b332cb788e44,1,1,7,7,9,7038a67d-34ca-4754-a50f-41aa2849db69,3,10,42,5,10,2,0,ALLIANCE > HQIP,National Joint Registry - Primary Hip Replacement dataset,7
5,5505e91d-9e0a-4969-87d5-00f256d91306,9,3,7,7,9,72fe91de-b0c0-423a-ad68-bd7067b20ad8,3,33,42,5,10,10,0,ALLIANCE > OXFORD UNIVERSITY HOSPITALS NHS TRUST,Infoflex Cancer Registry,7
2,2581994d-5be2-4465-bb62-60c4c97e8e2b,3,2,7,7,9,736a9d09-83c7-4cfa-ae82-a10b2a69efc8,3,14,42,5,10,1,0,HUB > BREATHE,"Prevention, detection, treatment: adult lung disease/cancer in rural Tamil Nadu",7
0,584bf8c8-d58f-44c6-9b65-e1611144fd54,0,0,6,7,9,73867034-fe12-4d23-8d11-66da716dcb3d,3,6,42,5,10,0,0,ALLIANCE > SAIL,Annual District Death Daily,7
3,3abc20ce-3dc6-4715-9de0-56aa97a6f5ec,2,2,6,7,9,7389dc03-1fc7-4af7-b12c-bbab448290f9,3,17,42,5,10,3,1,ALLIANCE > HEALTH AND SOCIAL CARE NORTHERN IRELAND,COVID antigen testing - Pillar 1,7
1,8c60a308-1e47-4a0c-8b69-9259f05338cb,8,3,7,7,9,73ba9de7-67fe-4728-b397-bc5fb1d67df1,3,27,42,5,10,7,2,NCS > OFFICE FOR NATIONAL STATISTICS,Labour Force Survey (Person),7
0,66be725a-b950-4bf8-9a35-7e33ce765a25,0,0,6,7,9,73f54071-62bf-48f5-8be1-569208b18ab8,3,6,42,5,10,0,0,NIHR Health Informatics Collaborative Viral Hepatitis Theme,HIC Hepatitis v2,7
1,f06ec631-77d0-4b12-a21f-f11e7af49ba5,2,2,6,7,9,744ab66e-8430-475a-a385-451347d9fc8a,3,14,42,5,10,2,1,ALLIANCE > NHS DIGITAL,Covid-19 UK Non-hospital Antigen Testing Results,7
1,4a5c610f-019d-450a-90c5-0fe315027f56,3,0,7,7,9,7480abe4-e073-40ef-882d-217542b5e08e,3,12,42,5,10,2,0,HUB > BREATHE,Effects of second-hand smoke on pregnant women: a phenomenological study,7
2,a4751434-54ea-4d22-a66a-a5d32bd80c40,5,2,7,7,9,75614b69-bc18-416b-9d27-fd8ca9fc4521,3,22,42,5,10,5,2,UK Biobank,Cancer register,7
1,a29feafa-7bdd-44e9-b977-c9d26425e67f,0,1,6,7,9,756daeaa-6e47-4269-9df5-477c01cdd271,3,11,42,5,10,3,0,ALLIANCE > CPRD,CPRD GOLD,7
1,add6226b-0f21-439a-84a6-51dc26cdc425,1,0,6,7,9,7639cdc3-f368-4a43-80bd-58a67e70d407,3,11,42,5,10,2,1,ALLIANCE > SAIL,Intensive Care National Audit and Research Centre - Covid19,7
4,3efd9b30-1f84-48c0-a3e0-402ecb5c7724,8,3,7,7,9,76ec0282-02e0-4fff-b016-76bc6ffcb784,3,29,42,5,10,8,0,ALLIANCE > HQIP,National Asthma and COPD Audit Programme (NACAP): secondary care workstream – children and young people asthma (organisational),7
0,31f0148b-f965-4136-ab39-6c5bbbf8c2d9,0,0,6,7,9,77824298-ef3b-40f7-a0a4-b6dedb2e7a02,3,6,42,5,10,0,0,NHSX,The National COVID-19 Chest Imaging Database,7
2,4bcf64a6-f404-4ef4-ae6e-172512ab5f43,3,2,6,7,9,77b5cf84-d4f2-4418-bafa-73306cf2d2b2,3,17,42,5,10,4,0,ALLIANCE > CPRD,HES Admitted Patient Care data for CPRD GOLD,7
5,10ffac16-d0c2-4d53-ab6a-69a38e283223,8,3,6,7,9,7858978f-30e8-42e7-abe4-d9af5447c278,3,31,42,5,10,9,0,HEALTH INFORMATICS CENTRE - UNIVERSITY OF DUNDEE,NHS Tayside and Fife Haematology Biochemistry (Lab Data Restructured),7
4,a464c126-8591-4af6-a10f-99c020f59527,8,3,7,7,9,78d25670-9d20-4eb7-a79a-f29e53cc981f,3,29,42,5,10,8,0,ALLIANCE > HQIP,National Audit of Psychosis - Early Intervention Psychosis Audit patient experience survey,7
5,efecbe58-4822-4f17-bf5c-92113d143db9,1,3,6,7,9,78fe2e13-7f40-406f-a584-04909d0ce060,3,19,42,5,10,4,0,ALLIANCE > NHS DIGITAL,Mental Health Minimum Dataset v4.1 (Sensitive) Episodes,7
4,eb76598f-e228-413c-82f3-231809062611,8,2,7,7,9,79116473-bda2-413c-82ad-ba2b86e5076f,3,23,42,5,10,3,0,HUB > BREATHE,EMEP4UK Pollution,7
0,0a852454-ee67-443b-a091-d13499a71b41,1,1,6,7,9,79a7ad18-6941-4543-924a-787f2381f5e0,3,9,42,5,10,1,0,PUBLIC HEALTH ENGLAND,National Cancer Registration and Analysis Service,7
2,b3ec5c18-e339-4bd8-8a59-5a3445a81f16,0,0,7,7,9,7a0d678a-a341-4643-af33-bfc22f2f4e9c,3,10,42,5,10,2,0,ALLIANCE > TISSUE DIRECTORY,Daisy Tumour Bank,7
5,1a8fc23c-b67b-4171-b5e1-1b650fce1ef4,1,3,6,7,9,7aa02796-787a-42c2-b97e-d008fa77e4b8,3,19,42,5,10,4,0,ALLIANCE > NHS DIGITAL,Mental Health & Learning Disabilities Dataset v 1 (Non-Sensitive) Records,7
2,19fa25a7-c15d-441c-b635-ad49043e7a96,1,0,7,7,9,7c1fa7b2-2b76-4952-884e-8ef6f845c488,3,11,42,5,10,2,0,ALLIANCE > TISSUE DIRECTORY,PTCL Biobank,7
1,cacba424-6c2c-4b57-8f5b-64e92a78370a,3,2,6,7,9,7c738c20-953f-4003-b972-4abc6e163efb,3,16,42,5,10,2,2,HUB > PIONEER,Ventilatory strategies and outcomes for patients with COVID: a dataset in OMOP,7
2,8d77f0ad-f376-4d61-a97d-5e996c2bbe72,0,0,7,7,9,7ca98657-037c-43a8-872a-65a0520695e5,3,10,42,5,10,2,0,ALLIANCE > TISSUE DIRECTORY,Bristol Dental School Saliva Bank,7
5,3ec5f1c4-95c0-4b1d-899b-399cec32ad49,9,3,7,7,9,7d501f79-5d1f-4104-a5b7-d46a97fcde5f,3,33,42,5,10,10,0,ALLIANCE > BARTS HEALTH NHS TRUST,Somerset Cancer Registry,7
2,3b87eef0-bfb6-4bf4-84b9-29880197fec9,1,1,7,7,9,7db1c8bd-8d99-4189-8510-e6bdb0e19219,3,11,42,5,10,1,0,ALLIANCE > PUBLIC HEALTH SCOTLAND,National Records of Scotland (NRS) - Births Data,7
4,becd2624-9a01-4f01-bcf8-56e94545a49a,8,3,7,7,9,7dc319da-a16f-4e63-a115-0cba3905a322,3,29,42,5,10,8,0,ALLIANCE > HQIP,National Asthma and COPD Audit Programme (NACAP): Adult Asthma secondary care clinical dataset,7
0,0f930154-0a0e-4bef-9464-59e657b904d6,0,0,6,7,9,7e6c0a1f-c06f-4e5f-ae2f-93500569c4a5,3,7,42,5,10,1,0,HUB > DISCOVER NOW,North West London Primary Care Events Data (NWL PCE),7
4,2c737d63-69f4-4a02-8df9-54c1e65e845f,8,3,7,7,9,7f125091-12ba-464d-af7d-9a88179b0b95,3,29,42,5,10,8,0,ALLIANCE > HQIP,Epilepsy 12 - National organisational audit (service descriptor questionnaire) and Trust profile,7
2,89e2d798-c488-4eaf-a50f-a93616093304,0,0,7,7,9,7f55c499-abd9-4f61-ac7e-93a4d15c79a2,3,10,42,5,10,2,0,ALLIANCE > TISSUE DIRECTORY,UK MND Collections,7
4,949d9d7a-a3f1-480a-8563-3fb024300561,8,3,7,7,9,7fab080b-6e2a-4c82-a5e5-daf99c70662a,3,29,42,5,10,8,0,ALLIANCE > HQIP,"National Audit of Dementia - spotlight audit on the prescription of psychotropic medication, 2019",7
0,702f0198-bdfe-401e-97f2-35f5d26357ad,0,0,6,7,9,7fdb684d-bb7a-4d0b-8666-9f10510f071f,3,6,42,5,10,0,0,GENOMICS ENGLAND,GENOMICS ENGLAND 100K CANCER & COMMON,7
1,153c0ba6-f2ec-4fb4-b5a7-33e11cbdf7fc,5,2,7,7,9,7fe20f78-758d-4449-beb4-ccf98e2d8247,3,17,42,5,10,3,0,HUB > BREATHE,Developing Patient and Public Involvement in Research in Malaysia,7
1,8f486c3d-9504-4a0e-8e24-ab96f057fc9e,2,2,6,7,9,80b54fc9-8dc0-4134-880d-ffa8d4473204,3,16,42,5,10,3,2,ALLIANCE > PUBLIC HEALTH SCOTLAND,NHS Scotland General Practice (GP) Contact Data - Subset,7
0,b32325d7-7f00-4d20-9935-dd02e1bc6932,0,0,6,7,9,80e9c439-4909-4534-8bfe-6f01fdec7de7,3,6,42,5,10,0,0,ALLIANCE > SAIL,Cervical Screening Wales,7
2,15f07cef-f4cc-4a50-90bc-9fd40f8b6327,1,0,7,7,9,81a515f5-5f4d-480e-b5ce-24faa7026c00,3,11,42,5,10,2,0,ALLIANCE > TISSUE DIRECTORY,National Unified Renal Translational Research Enterprise (NURTuRE),7
5,a27400b0-0efb-4af8-a7bc-e2c7e59796e3,1,3,6,7,9,8226b6fa-d815-4f15-9064-b56beb0fddb1,3,19,42,5,10,4,0,ALLIANCE > NHS DIGITAL,Mental Health & Learning Disabilities Dataset v 1 (Sensitive) Episodes,7
2,ff875c08-58e6-4e33-8ffe-6f51c8364333,1,0,7,7,9,824a2ef7-d282-495e-b0fc-e25b3a9613c3,3,11,42,5,10,2,0,ALLIANCE > TISSUE DIRECTORY,TRICON8B,7
1,d47c809f-3da8-4f8a-b1ee-258d21aad530,1,2,6,7,9,824e20d9-217a-4028-bb49-91164edcca00,3,11,42,5,10,1,0,ALLIANCE > PUBLIC HEALTH SCOTLAND,Maternity Inpatient and Day Case - Scottish Morbidity Record (SMR02),7
4,ef6e68d6-dcba-410c-943c-26ca21376a3a,8,3,7,7,9,82665c1e-df7f-4136-a05f-0826533149e5,3,29,42,5,10,8,0,ALLIANCE > HQIP,National Audit of Dementia Round 4 - staff questionnaire,7
0,131784c0-769d-4f7b-b7d0-b5f4b89886d4,0,0,6,7,9,8270e26b-65ea-479c-8462-f5315b2657eb,3,6,42,5,10,0,0,ALLIANCE > SAIL,National Exercise Referral Scheme,7
2,7dcd5c0a-1922-4fe2-9b7e-090e4c39861b,1,0,7,7,9,82ef7d1a-98d8-48b6-9acd-461bf2a399c3,3,11,42,5,10,2,0,ALLIANCE > TISSUE DIRECTORY,CASPS: A Phase II trial of Cediranib in ASPS patients,7
2,7e60a651-b3d6-40ef-93dc-1f87dabee7be,0,0,7,7,9,8342e05e-cb12-4d29-ae84-b9b8421cb4f8,3,10,42,5,10,2,0,ALLIANCE > TISSUE DIRECTORY,Leeds Multidisciplinary Research Tissue Bank,7
2,b5533cb5-0c59-495b-9b11-3c401daeb958,1,0,7,7,9,843062c0-fca0-464f-aa9c-0d4908f40513,3,11,42,5,10,2,0,ALLIANCE > TISSUE DIRECTORY,UKALL14 Trial,7
0,869a9b4e-3537-449f-9a59-a0eac523c4e4,0,0,6,7,9,844f3be0-f50d-4a88-9783-0928ad1c2aad,3,6,42,5,10,0,0,NIHR Health Informatics Collaborative Cardiovascular Theme,HIC Acute Coronary Syndromes,7
2,f13258c3-f85a-4772-b42e-da8a84c5064a,1,0,7,7,9,84616d8c-336a-485b-9148-af6788efb721,3,11,42,5,10,2,0,ALLIANCE > TISSUE DIRECTORY,Epilepsy Society Brain and Tissue Bank,7
4,8cbb73e2-a2c4-4caf-8dcd-6ac3795bb996,5,2,7,7,9,84b6d047-2a05-4fc0-8537-809dbb3d18ed,3,21,42,5,10,3,1,OTHER > The University of Cambridge,COMPARE,7
5,67cea834-33f5-4ed7-9dc2-072ad077de07,9,3,7,7,9,84de0d13-f5bd-4c22-83d3-e1adb00d5a72,3,33,42,5,10,10,0,ALLIANCE > OXFORD UNIVERSITY HOSPITALS NHS TRUST,CRIS,7
5,3f3df3be-05a8-42b2-89d9-f731deb7ea66,4,3,6,7,9,851bb11b-fa75-44ee-afe9-948dc7652555,3,26,42,5,10,8,0,ALLIANCE > CPRD,Cancer registration data for CPRD Aurum,7
4,7c789df2-46f0-4e0e-b6ff-b04dce801445,8,3,7,7,9,858c517e-8ce3-4059-9326-d158489e48d1,3,29,42,5,10,8,0,ALLIANCE > HQIP,National Diabetes Audit - National Diabetes in Pregnancy clinical Audit dataset,7
0,b3b790a7-a455-4efb-9c68-60e7131cb836,0,0,7,7,9,85b25afd-73a6-4455-9098-1f906bc7738d,3,8,42,5,10,2,0,ALLIANCE > TISSUE DIRECTORY,SCOT translational sample collection,7
2,21dc2345-3983-4a46-960c-f17974bc7b71,3,2,6,7,9,8625eb42-93df-4d33-875b-e6a93413d7ba,3,16,42,5,10,3,0,ALLIANCE > CPRD,HES Outpatient data for CPRD GOLD,7
2,722be723-04bd-48b4-923b-e7d393f0c22b,0,0,7,7,9,868613e0-23cc-4f8a-82da-18984589afd7,3,9,42,5,10,1,0,HUB > BREATHE,Children's Health in London and Luton (CHILL),7
2,f9cf4be7-fbc9-4601-8beb-5d3c3596bf04,3,2,6,7,9,86b39921-f0d4-42be-8236-1808c215c06b,3,14,42,5,10,1,0,ALLIANCE > PUBLIC HEALTH SCOTLAND,Child Health Systems Programme - 6-8week review,7
5,21aec912-444f-447d-b3c4-6791a6c82667,1,3,6,7,9,86d7088b-7a15-4e9a-b2b0-857a67e04650,3,19,42,5,10,4,0,ALLIANCE > NHS DIGITAL,HES:Civil Registration (Deaths) bridge,7
3,1d35e229-13eb-4be1-9dae-4752b6c27c4a,3,2,6,7,9,87244819-4596-4e5d-baaa-f3fe4eb74b4b,3,17,42,5,10,3,0,ALLIANCE > CPRD,Death Registration data for CPRD GOLD,7
4,b0797c05-352f-455f-8d27-150b6f6354cc,8,3,7,7,9,875999d5-f5ed-4136-ac20-b20f1abe27dd,3,29,42,5,10,8,0,ALLIANCE > HQIP,National Early Inflammatory Arthritis Audit - clinical dataset,7
4,dc524013-8249-4c28-8be4-52f95e71cc92,8,3,7,7,9,8783d7d2-2b89-44cc-bbc6-645e5483e2fe,3,29,42,5,10,8,0,ALLIANCE > NIHR BIORESOURCE,NHS Trust data,7
0,9cf5dbd3-a109-4e8d-b1bb-7e4126bd887f,0,0,6,7,9,8881192f-ffdf-4917-be80-e7daab9a0ca2,3,6,42,5,10,0,0,ALLIANCE > CYSTIC FIBROSIS TRUST,Cystic Fibrosis Patient CFQ-R,7
5,702201ff-e729-4e29-a428-32953c9a0332,1,3,6,7,9,895e5c2f-e484-4d08-91c6-35ac2f85c231,3,19,42,5,10,4,0,ALLIANCE > NHS DIGITAL,Mental Health Minimum Dataset v2.6 (Non-Sensitive),7
2,c232fa07-5d28-4bdc-b540-1ad8d933c5f9,1,0,7,7,9,89ae7d31-d183-4f5e-b754-7ae14449da76,3,11,42,5,10,2,0,ALLIANCE > TISSUE DIRECTORY,Children's Cancer and Leukaemia Group (CCLG) Tissue Bank,7
2,371c5c35-8d27-49be-8531-69e51745ac34,1,0,6,7,9,89e57932-ac48-48ac-a6e5-29795bc38b94,3,11,42,5,10,2,0,ALLIANCE > NIHR BIORESOURCE,Consent records,7
1,d4362d41-0838-4f41-bba3-c3268312c444,1,2,6,7,9,8a05b76d-b0ec-4c28-96b5-11601e26933a,3,13,42,5,10,3,0,ALLIANCE > NHS DIGITAL,Hospital Episode Statistics Outpatients,7
5,d020302b-a691-49fb-9d10-1274af2f3110,8,3,7,7,9,8a128e75-0188-40a3-94d4-5f1967fcffb2,3,31,42,5,10,9,0,HEALTH INFORMATICS CENTRE - UNIVERSITY OF DUNDEE,Fife Radiology,7
0,8ee61578-e298-423a-be22-cb0438023e5c,0,0,6,7,9,8a5047c0-bbe5-4b81-a56e-f6e7c1f3a5d9,3,6,42,5,10,0,0,ALLIANCE > SAIL,Cafcass England,7
5,bd85a09c-fe4a-41b8-81d2-77feadcd1a0a,3,3,6,7,9,8ab1dc13-634e-46ae-9ba0-e094d446bd74,3,25,42,5,10,8,0,ALLIANCE > CPRD,Patient postcode linked deprivation measures for CPRD Aurum,7
2,a1d16f3f-c7e7-41c5-a071-07889bf49ab1,1,0,7,7,9,8c50b721-8bbe-4d9e-86d1-08a6271fe047,3,11,42,5,10,2,0,ALLIANCE > TISSUE DIRECTORY,UNIRAD UK Sample collection,7
0,bea354e8-c552-41ef-80c2-a76ca5767e4b,0,0,6,7,9,8c5be9df-c9b8-43ab-83ca-5d5dd61549da,3,6,42,5,10,0,0,ALLIANCE > CYSTIC FIBROSIS TRUST,Cystic Fibrosis Patient Transplants,7
0,9f1df859-f1d0-4f1e-959e-affd05138a25,0,0,6,7,9,8cf1f0e9-10a6-4c59-824c-aca2f6dba670,3,7,42,5,10,1,0,HUB > DISCOVER NOW,North West London Outpatient Care Data (NWL OP),7
5,31bb8022-f8b1-405a-a22f-140f7c4b4fa6,1,3,6,7,9,8d3f80d4-aeae-46f0-809b-cd6c51e24f75,3,19,42,5,10,4,0,ALLIANCE > NHS DIGITAL,Bridge file: Hospital Episode Statistics to Mental Health Minimum Data Set,7
4,edaa2d9a-b78a-4209-869e-27a2fa67924f,8,3,7,7,9,8e32341b-ebad-4e10-8f2b-60b0b5b0ef4c,3,29,42,5,10,8,0,ALLIANCE > NIHR BIORESOURCE,Whole Genome Sequencing,7
4,5616e0a6-22f1-43a5-a2bd-dcecfa2f3b70,7,3,6,7,9,8e66e623-2859-4a65-93d7-abd41e139976,3,24,42,5,10,3,1,ALLIANCE > NHS DIGITAL,Community Services Data Set,7
0,d331159b-b286-4ab9-8b36-db39123ec229,0,0,6,7,9,8e6d7fcc-a4ad-4a32-bbc2-fe8631a38b43,3,6,42,5,10,0,0,ALLIANCE > SAIL,Outpatient Dataset,7
5,275ac6a4-798b-4f49-a25e-008245050bbc,1,3,7,7,9,8eace3c2-1dc8-4708-9350-ad129b7d2bc9,3,20,42,5,10,5,0,ALLIANCE > NHS DIGITAL,Mental Health Services Data Set - Inpatients,7
0,cf190350-74c6-45f2-8ede-69ace62eb88d,3,0,7,7,9,8fc0a2cc-a8ce-4558-a98a-c514255833d8,3,11,42,5,10,2,0,HUB > BREATHE,Pneumonia case management practices in selected communities in Pakistan,7
1,628e9ad9-28c5-4d58-9ec5-04a63be9b4cf,2,3,6,7,9,90ad6023-6c7f-4605-9323-b478a27c3c9a,3,15,42,5,10,3,0,NCS > OFFICE FOR NATIONAL STATISTICS,Covid-19 Infection Survey,7
0,788857b5-6a5b-4ec2-825e-d965e291cf45,0,0,6,7,9,90baf782-0f16-4a48-8ff9-5a0b2aed7cd0,3,7,42,5,10,1,0,HUB > DISCOVER NOW,North West London Admitted Patient Care Data (NWL APC),7
4,4b33fc6d-3cac-4404-adac-d693328456fa,8,3,7,7,9,91479cbf-664e-4782-8514-a3247bb5c4f4,3,29,42,5,10,8,0,ALLIANCE > HQIP,National Asthma and COPD Audit Programme (NACAP): Pulmonary rehabilitation - organisational audit,7
4,f4c8900b-5db5-4426-95e9-2f1617c92a76,8,3,7,7,9,92d95f82-50a5-4df9-914a-ca26b14cf84c,3,29,42,5,10,8,0,ALLIANCE > HQIP,National Diabetes Audit - Core Clinical Audit Dataset,7
5,57fa56f2-78d1-49af-ab8d-e8146d711868,9,3,7,7,9,93105053-ddf3-4339-9e4a-baf91c310370,3,33,42,5,10,10,0,ALLIANCE > OXFORD UNIVERSITY HOSPITALS NHS TRUST,Emergency Care Dataset (ECDS),7
3,dca0c95b-ae7d-4163-8c3b-a881f779df02,1,1,6,7,9,9328f206-db9a-4feb-9012-deab80cafd2e,3,12,42,5,10,1,0,ALLIANCE > PUBLIC HEALTH SCOTLAND,National Records of Scotland (NRS) - Stillbirth Data,7
0,bcca421a-9077-4c47-9daa-b1bc030d3dee,0,0,6,7,9,9360bc6c-2a7d-4415-869d-3e853c558f4d,3,6,42,5,10,0,0,ALLIANCE > SAIL,National Survey for Wales,7
5,b88c2b24-b75d-4d28-9391-2dbac1605a17,8,3,6,7,9,93ad5a26-65f5-438f-b4e3-9f7078cc2f92,3,31,42,5,10,9,0,HEALTH INFORMATICS CENTRE - UNIVERSITY OF DUNDEE,Demography,7
4,32a2dcb1-1e18-44ba-ad49-b3da312ca447,5,2,7,7,9,93d26255-7199-4ea7-997d-f74890d12b87,3,24,42,5,10,5,2,UK Biobank,Imaging,7
2,19b4cd38-3828-4bb1-a980-4f7420658965,0,0,7,7,9,9419a99b-f1fb-4566-8480-eecd4e189086,3,10,42,5,10,2,0,ALLIANCE > TISSUE DIRECTORY,TwinsUK,7
4,21fb56d1-726f-40e3-a998-e4b34ba3e46f,0,0,7,7,9,94351432-da7e-4d44-97eb-4359d45e0240,3,13,42,5,10,3,0,HUB > INSIGHT,UHB Eye Image Dataset Release 001,7
0,6277abc6-c039-4886-8489-d4a2cdb8190c,0,0,7,7,9,94c082e5-b45f-43fe-9340-f4855f392fd4,3,6,42,5,10,0,0,HUB > BREATHE,Genetics of Asthma Severity & Phenotypes,7
2,4a65f6d6-f2e4-4d98-a3a4-94a32206836d,1,0,7,7,9,952d4422-3f03-46e6-9dbd-1bf0f54b7e3a,3,11,42,5,10,2,0,ALLIANCE > TISSUE DIRECTORY,"Oncology Clinical Trials Office, University of Oxford",7
5,d5c0cc93-3347-46f0-b8dd-f44e82718e38,3,3,6,7,9,95475a1f-1623-4bfa-9821-1159d4dbcc8e,3,25,42,5,10,8,0,ALLIANCE > CPRD,Mental Health Dataset (MHDS) for CPRD GOLD,7
1,616c4488-65a5-4608-a187-0c6bc78b359a,3,1,6,7,9,960c4d6c-11dc-42c0-ab30-82606fd2974e,3,16,42,5,10,3,2,HUB > DATA-CAN,Real Time Data Network (RTDN),7
5,14aaf184-5922-4459-affb-6c9e55c12176,1,3,6,7,9,96d29a1d-9566-4793-8dbb-351fbe2eb790,3,23,42,5,10,8,0,ALLIANCE > CPRD,Pregnancy Register for CPRD GOLD,7
2,33b1a989-5f61-412e-bdae-b551c92d1ed6,1,0,7,7,9,979d600f-f541-4028-8576-a6e4603fc244,3,11,42,5,10,2,0,ALLIANCE > TISSUE DIRECTORY,The PEACE Study,7
5,a406d06b-350e-4392-ab4e-b1012e422a34,8,3,7,7,9,97ddd990-f47a-40f5-9178-cbf742e4c613,3,30,42,5,10,8,0,HUB > GUT REACTION,IBD Registry,7
5,eab996ed-b268-439a-bff4-19925698336a,1,3,6,7,9,97fa09e6-5ea5-41cd-baf8-20366db13a3f,3,19,42,5,10,4,0,ALLIANCE > NHS DIGITAL,Mental Health Minimum Dataset v4 (Sensitive) Records,7
2,89497432-17e0-49f4-96a4-65ef57d07701,1,0,7,7,9,98a03f2b-1a67-4653-a4f5-f9db7262a94d,3,11,42,5,10,2,0,ALLIANCE > TISSUE DIRECTORY,Public Health England Seroepidemiology Unit,7
2,731dc868-3e79-4722-9b79-6bb8dec9435b,1,2,6,7,9,98babf8f-a557-410a-9075-640db283c9a3,3,12,42,5,10,1,0,ALLIANCE > PUBLIC HEALTH SCOTLAND,GP Out of Hours,7
5,4b1da116-44a5-4952-a09e-deb0d37af2f2,4,3,6,7,9,992c8fe6-f460-490c-b202-8d4d9c434425,3,26,42,5,10,8,0,ALLIANCE > CPRD,Quality of Life of Cancer Survivors in England: Pilot Patient Reported Outcomes Measures Survey (2011) for CPRD GOLD,7
2,5844bde6-628d-4e76-bb56-3534e2728eb6,3,2,6,7,9,995c0f8d-f5ef-470a-8ffe-6bdb956bdbc0,3,14,42,5,10,1,0,ALLIANCE > PUBLIC HEALTH SCOTLAND,Child Health Systems Programme - 4-5 year review,7
4,c8a28f0b-a5f8-4dbb-8d71-5b89c7cb3111,8,3,7,7,9,9a4ef776-6b4b-40cd-9c88-cbf1128780e9,3,29,42,5,10,8,0,ALLIANCE > HQIP,National Bowel Cancer Audit - clinical dataset,7
5,a4ecb8df-c72f-4018-8f23-e180c28dfdb6,4,3,6,7,9,9a58219f-8cea-479c-bb5f-c68cae23136b,3,26,42,5,10,8,0,ALLIANCE > CPRD,Cancer Patient Experience Survey (CPES) for CPRD GOLD,7
1,84336be3-23bd-466e-b29b-df48db897665,3,1,6,7,9,9a85b69e-fd3e-4522-bc68-48024df0ea3e,3,12,42,5,10,1,0,ALLIANCE > ISARIC 4C,COVID-19 Clinical Information Network (CO-CIN),7
5,add485fa-4c54-4a3e-8676-abe2ff4725a5,1,3,7,7,9,9b7f7994-0b9c-4809-b67d-45ae1f04ec5c,3,20,42,5,10,5,0,ALLIANCE > NHS DIGITAL,Mental Health Services Data Set - Currencies,7
3,2439a88e-d961-4152-a7b5-042097946209,3,3,6,7,9,9bc66d1b-68a2-4d4e-a54a-cc3842ff95c7,3,20,42,5,10,5,0,ALLIANCE > CPRD,HES Patient Reported Outcomes Measures (PROMs) data for CPRD GOLD,7
5,1982d9ef-890a-41ff-a86a-de61d65aaa09,8,3,7,7,9,9beca627-12cd-4231-8638-93cf0bdfa413,3,30,42,5,10,8,0,ALLIANCE > HQIP,National Asthma and COPD Audit Programme (NACAP):COPD and adult asthma secondary care organisational dataset,7
0,6fbb76b9-6da0-4689-8a48-a331aa0828b1,1,0,6,7,9,9bfcf24b-5b13-4997-9062-6c58583e69cd,3,9,42,5,10,2,0,ALLIANCE > NIHR BIORESOURCE,Sample holding,7
0,255d70c6-9a50-4b62-adc0-44216606a216,1,1,7,7,9,9c07be99-54a1-4a23-8de2-492e8dfea55a,3,10,42,5,10,2,0,ALLIANCE > ALSPAC,Avon Longitudinal Study of Parents and Children,7
4,e06b951b-e9d8-4a2c-a51f-1d819f669205,8,3,7,7,9,9c0f13ca-5831-4d9b-860a-7d856be7a9f1,3,29,42,5,10,8,0,ALLIANCE > HQIP,Falls and Fragility Fracture Audit Programme National Hip Database clinical dataset,7
2,35985f8e-f01a-41cc-a9e2-30299d3d6eed,1,0,7,7,9,9cb10184-7459-4ca5-ac30-d2364e70821d,3,11,42,5,10,2,0,ALLIANCE > TISSUE DIRECTORY,Tissue Access for Patient Benefit (TAPb),7
4,4de9fdc6-7d92-4f62-847d-22243a9c3ea2,8,3,7,7,9,9ccfde56-dd13-4606-a6c1-1e797d3b8d82,3,29,42,5,10,8,0,ALLIANCE > NIHR BIORESOURCE,Full Blood Counts,7
5,419e5a82-2d82-48a7-a8f3-a83e64a54e92,8,3,7,7,9,9ce35921-a1de-444b-a822-c0f6a8003797,3,31,42,5,10,9,0,HEALTH INFORMATICS CENTRE - UNIVERSITY OF DUNDEE,Tayside Pathology,7
2,c6e0e70e-7f23-4a44-a2cf-1d7d87be7808,1,0,7,7,9,9e8982cb-6e2b-4c6e-b9d5-80a3794eb1dc,3,11,42,5,10,2,0,ALLIANCE > TISSUE DIRECTORY,POUT-T,7
1,323dc330-aad9-472a-b579-ab66f5f75906,3,2,6,7,9,9e965a9f-4213-43f3-9033-c7df1610ceb5,3,15,42,5,10,2,1,HUB > PIONEER,The impact of COVID on hospitalised patients with COPD; a dataset in OMOP,7
1,487222b7-5c13-4a92-8b41-044796048720,2,3,7,7,9,9f34263d-ea74-4ddf-84df-b8dedd4baf6d,3,15,42,5,10,3,0,NCS > OFFICE FOR NATIONAL STATISTICS,Death registration data - Provisional Monthly Extracts,7
2,13c71637-144e-4742-8aea-aefb778a360e,1,0,7,7,9,9f45db59-b3c9-4c33-85bf-25c1b5242903,3,11,42,5,10,2,0,ALLIANCE > TISSUE DIRECTORY,MDSBio,7
4,e87410ec-a819-43db-99d1-f887c977e525,8,3,7,7,9,a05443cd-e292-4b5f-b1f1-95718e300d46,3,29,42,5,10,8,0,ALLIANCE > HQIP,National Early Inflammatory Arthritis Audit - patient survey,7
4,e2f5d637-94b3-447b-b7eb-ea957ce449b6,4,3,6,7,9,a0dad23c-c02d-4347-92ef-0019fa59eb3e,3,25,42,5,10,8,0,ALLIANCE > CPRD,Cancer registration data for CPRD GOLD,7
0,359a322e-3781-4796-b6b2-81962fa19b7a,0,1,6,7,9,a0e0c0c2-072a-47ac-9252-e27b37ac024f,3,7,42,5,10,0,0,NIHR Health Informatics Collaborative Renal Transplantation Theme,HIC Transplantation,7
4,14c697a5-2d41-4d86-bf17-2e596d07418b,5,2,7,7,9,a11a234b-8b59-41e8-920a-f8f1799d3c77,3,24,42,5,10,5,2,UK Biobank,Biological sample assays,7
5,7b31b427-b447-432e-9a6c-ad2099343491,1,3,6,7,9,a1a67182-e81b-4144-ac51-92a86f277eb2,3,19,42,5,10,4,0,ALLIANCE > NHS DIGITAL,Mental Health Minimum Dataset v4.1 (Non-Sensitive) Events,7
0,9c6e891f-6449-48d2-a1c3-8dd236e34bbd,0,0,6,7,9,a1e1ec62-d78c-40ac-9f90-66ef1dd865b2,3,6,42,5,10,0,0,ALLIANCE > SAIL,Brecon dataset,7
2,21044030-1cd5-46b1-b072-c9959fd330b4,1,0,7,7,9,a1f9315e-8561-4e7b-b1a7-1276bdeca14d,3,11,42,5,10,2,0,ALLIANCE > TISSUE DIRECTORY,Cam-UroOnc Biorepository,7
0,65dad445-ed81-4005-9f5a-4f8a7164043e,0,0,6,7,9,a1ff2a5a-604a-45e8-98de-858afd9a8acb,3,7,42,5,10,1,0,HUB > DISCOVER NOW,North West London Community Data (NWL COM),7
2,1fdf266c-d5d8-418d-a423-81265da540a2,1,0,7,7,9,a2d94442-91c1-4626-b28f-700eb436a4c1,3,11,42,5,10,2,0,ALLIANCE > TISSUE DIRECTORY,ICON9 Trial,7
1,5542cadc-11a4-4957-bbdd-8a6c46bcfb87,2,2,6,7,9,a3b9cfd3-abd1-4d18-99cc-360cd9d543c2,3,14,42,5,10,3,0,ALLIANCE > PUBLIC HEALTH SCOTLAND,ECOSS (-/+VE tested patients only),7
1,38ff49e2-dffa-4103-87a8-386f9f424d22,3,1,6,7,9,a4109f11-4ece-4173-bd12-689616c24b88,3,16,42,5,10,4,1,HUB > PIONEER,"Deeply phenotyped sepsis patients within hospital: onset, treatments & outcomes",7
5,0f07f939-1265-4e8b-aaa6-d897d254c2f3,9,3,7,7,9,a429e699-4650-4feb-9392-f24aa3a3b7b6,3,33,42,5,10,10,0,ALLIANCE > BARTS HEALTH NHS TRUST,Freetext Dataset,7
0,aae02f9e-1bad-415d-9730-c46a07a990aa,0,0,6,7,9,a45acd02-82d7-4bfe-9845-6b4df683bba8,3,6,42,5,10,0,0,ALLIANCE > SAIL,Care Home Dataset,7
0,bdda7221-7c02-4ced-b7a8-3806a073d981,0,0,7,7,9,a49a1145-4334-4c2a-81cb-90155e8f05c6,3,8,42,5,10,2,0,ALLIANCE > TISSUE DIRECTORY,Sheffield Brain Tissue Bank (SBTB),7
2,5618f65d-23fc-4bd5-9a4c-73e4b330c3a6,1,0,7,7,9,a617a37d-1813-49ad-8282-38169981a095,3,11,42,5,10,2,0,ALLIANCE > TISSUE DIRECTORY,plasmaMATCH,7
5,cae0a9a5-1bf2-49c3-b8d1-c315d3239074,9,3,7,7,9,a675ac5e-ecc2-4899-9c3c-65c2f36432c5,3,33,42,5,10,10,0,ALLIANCE > BARTS HEALTH NHS TRUST,Community Services Dataset,7
2,38fe1a10-ebf9-4dc1-8c35-2e7b33b1f6b5,1,0,7,7,9,a6fb087d-1a90-4db0-9fcf-323c5b3cce51,3,11,42,5,10,2,0,ALLIANCE > TISSUE DIRECTORY,UK primary Sjogren's syndrome Registry,7
2,314953f6-58e7-49c0-adfd-c60e623eba74,0,0,7,7,9,a7209348-c011-44d0-9c4f-35a2014c2542,3,10,42,5,10,2,0,ALLIANCE > TISSUE DIRECTORY,Central England Haemato-oncology and oncology Research Biobank (CEHRB),7
5,df70b490-3c00-458e-a6dd-ea3242a3ebac,9,3,7,7,9,a74f72ad-bf70-42e4-8933-069c7b53c7f9,3,33,42,5,10,10,0,ALLIANCE > OXFORD UNIVERSITY HOSPITALS NHS TRUST,LIMS,7
5,c84192af-a477-4ed5-a95b-c88e1f98ce1b,3,3,6,7,9,a772b8dd-cb93-4f27-a349-329992e0b212,3,25,42,5,10,8,0,ALLIANCE > CPRD,Quality of Life of Colorectal Cancer Survivors in England: Patient Reported Outcome Measures Survey for CPRD Aurum,7
0,33fc3ffd-aa4c-4a16-a32f-0c900aaea3d2,0,0,6,7,9,a79dbdef-eac1-49d7-9fdb-150ed5340481,3,6,42,5,10,0,0,ALLIANCE > SAIL,GP dataset - Welsh Primary Care,7
0,fd8d0743-344a-4758-bb97-f8ad84a37357,0,0,6,7,9,a7ddefbd-31d9-4703-a738-256e4689f76a,3,6,42,5,10,0,0,OTHER > HEALTH DATA RESEARCH UK,HDR UK Papers & Preprints,7
4,8a3ec96a-0600-4c6d-8761-9d277f07b9da,8,3,7,7,9,a895be78-f41c-40b8-b2fa-678a071a6427,3,29,42,5,10,8,0,ALLIANCE > HQIP,National Asthma and COPD Audit Programme (NACAP): primary care workstream resources,7
5,348b12fb-7718-477e-a572-4fc3c716152d,1,3,6,7,9,aa019da2-0f2f-493c-95e8-7263ee735f46,3,19,42,5,10,4,0,ALLIANCE > NHS DIGITAL,Mental Health Minimum Dataset v3_3.5 (Non-Sensitive),7
5,0c43c0b6-de3a-478b-8190-4da37fbe5ff5,8,3,7,7,9,aa5c8e81-ad02-4366-9577-472f7ed339d9,3,31,42,5,10,9,0,HEALTH INFORMATICS CENTRE - UNIVERSITY OF DUNDEE,Fife Microbiology: Tests,7
3,a1bef3a6-9700-43a5-8f3e-dad44ce1fe10,3,2,6,7,9,aa8c53e8-f91f-41f7-9522-7e2462a9a84b,3,17,42,5,10,3,0,ALLIANCE > CPRD,HES Diagnostic Imaging Dataset for CPRD GOLD,7
5,285ae0ae-196b-4a75-b1f1-78b07162acfa,1,3,6,7,9,acafb160-b18a-436e-90f1-dc4530a90267,3,20,42,5,10,5,0,ALLIANCE > NHS DIGITAL,Mental Health Minimum Data Set,7
2,b5217dcb-582f-4914-ae45-9eb3899add30,1,0,7,7,9,ace79a9e-1552-4287-9f6e-9d01f628252b,3,11,42,5,10,2,0,ALLIANCE > TISSUE DIRECTORY,REQUITE,7
2,097540aa-a0ed-492e-853b-9ebcfd061dea,0,0,7,7,9,ad5c7693-983e-4f32-a979-9ab550f2084a,3,10,42,5,10,2,0,ALLIANCE > TISSUE DIRECTORY,Cardiff University Biobank,7
3,e3ca35c1-b2e2-4479-adf1-6a78b1c8c088,5,2,7,7,9,ae4b8371-d037-46e8-bdcd-bf3de08ef38e,3,19,42,5,10,3,0,HUB > BREATHE,Optimum Patient Care Research Database,7
2,c51ab59a-33ce-4145-a642-7f3f96bca545,1,0,7,7,9,ae4f0589-8679-48a1-ad04-2324a5001869,3,11,42,5,10,2,0,ALLIANCE > TISSUE DIRECTORY,Cambridge Blood and Stem Cell Biobank,7
4,51a8dfba-5c94-48bd-9c68-3707f0ebc2a2,8,3,7,7,9,aeb2f1ea-c914-4b30-94c8-9fd3eb51b288,3,29,42,5,10,8,0,ALLIANCE > HQIP,National Audit of Care at the End of Life - Quality Survey,7
0,69bdac5f-bb70-4ca5-a5ce-51a6106ad00b,0,0,6,7,9,af148400-1ec6-436d-910e-45350a54c390,3,6,42,5,10,0,0,ALLIANCE > CYSTIC FIBROSIS TRUST,Cystic Fibrosis Patient NTM culture,7
1,a05aef07-c3fa-4331-905a-6b6f58eac3d5,3,2,6,7,9,af20ebb2-018a-4557-8ced-0bec75dba150,3,15,42,5,10,2,1,ALLIANCE > PUBLIC HEALTH SCOTLAND,2011 Census variables (and variable breakdowns),7
2,6464fb4f-2838-495b-9963-4001204ed166,3,0,7,7,9,af238430-c257-4d60-9ff0-1de6b825f09e,3,13,42,5,10,2,0,HUB > BREATHE,Community perception on public health measures for COVID-19 prevention/control,7
2,76d26f0f-0136-4ae5-8be9-37782a70bac5,0,0,7,7,9,b0886a0c-7ddc-4c2b-a499-afd7262fbe56,3,10,42,5,10,2,0,ALLIANCE > TISSUE DIRECTORY,RAPPER,7
1,16a09f1b-3654-4ec3-9913-fb70cb1e2364,3,1,6,7,9,b095d7ad-5fac-4279-94b0-3c0b0c260acf,3,15,42,5,10,3,1,HUB > PIONEER,"Deeply-phenotyped hospital COVID patients: severity, acuity, therapies, outcomes",7
0,75638d2c-556a-46b6-afcc-7ab425b34679,0,0,6,7,9,b14a19db-f3fd-4298-93e9-9732d99d8ee9,3,7,42,5,10,1,0,HUB > DISCOVER NOW,North West London High Cost Drugs Data (NWL HCD),7
5,af10ec29-1866-4726-b33f-3948afe182f2,8,2,7,7,9,b1dc1917-8522-4ecd-a829-c866c5cffe3b,3,31,42,5,10,10,0,HEALTH INFORMATICS CENTRE - UNIVERSITY OF DUNDEE,Tayside Radiology,7
2,439e71c7-33b5-4e85-98ce-4b068f2523ad,6,2,7,7,9,b27afede-a51d-4aae-8bf7-ce94888fe898,3,24,42,5,10,6,2,UK Biobank,Primary-care data,7
2,71e898d1-db8c-4887-a605-dd6336b92a34,0,0,7,7,9,b36202ad-7652-460c-8389-baa1a1c1ac46,3,10,42,5,10,2,0,ALLIANCE > TISSUE DIRECTORY,York Tissue Bank,7
2,01492322-9b33-41cc-9f51-484024e45878,1,0,7,7,9,b3a10154-a409-491a-92fb-e7fac47ccd91,3,11,42,5,10,2,0,ALLIANCE > TISSUE DIRECTORY,HCV Research UK,7
0,4f546f1e-433c-4884-a090-2a4520c878ac,0,0,6,7,9,b40777a2-468b-4b45-8b7d-2f62f912e950,3,6,42,5,10,0,0,NIHR Health Informatics Collaborative Critical Care Theme,HIC ICU 8.3.2,7
5,4c4bc482-16f5-462f-8daf-51ec6492074d,9,3,7,7,9,b41bb360-f2ed-49f0-a45b-b2fb05321975,3,33,42,5,10,10,0,ALLIANCE > BARTS HEALTH NHS TRUST,CDE Surginet Documentation,7
1,0628fb77-057d-4838-b80e-18245a8f535d,1,1,6,7,9,b43309eb-7860-49b7-9f11-1a7a0fd5532e,3,12,42,5,10,2,1,ALLIANCE > SAIL,UK Cystic Fibrosis Registry (CYFI),7
5,f8af632e-442d-4931-a370-b7fa2fa4b896,4,3,6,7,9,b4f6a5c2-e652-4972-9d06-510e9a469dfe,3,26,42,5,10,8,0,ALLIANCE > CPRD,Systemic Anti-Cancer Treatment (SACT) data for CPRD Aurum,7
0,0fb33df6-ab36-4170-9fad-1eaf35a3a812,0,0,6,7,9,b51be1a2-3d25-43ad-9acb-58d291332367,3,7,42,5,10,1,0,HUB > DISCOVER NOW,North West London Primary Care Prescriptions Data (NWL PCP),7
5,ef22c16c-c294-46e1-abf9-5204212e9053,2,3,6,7,9,b53f716d-a5c3-4ad8-a2aa-cae09c12ac18,3,20,42,5,10,4,0,ALLIANCE > NHS DIGITAL,Mental Health Minimum Dataset v4.1 (Non-Sensitive) Episodes,7
2,6f1b9a4e-2367-47f1-a985-3ed9bf3a7211,1,0,7,7,9,b717d41e-9202-40ed-be1a-882ec0c47761,3,11,42,5,10,2,0,ALLIANCE > TISSUE DIRECTORY,MRC Brain Banks Network,7
0,8a8a5e90-b0c6-4839-bcd2-c69e6e8dca6d,0,0,6,7,9,b724a905-e8ae-4ab5-b543-91435f8d3514,3,6,42,5,10,0,0,ALLIANCE > SAIL,Welsh Demographic Service (WDS),7
2,bbcdc352-e0f7-4672-93a7-134bcf5001b1,1,0,7,7,9,b730442a-72f3-4b0d-8ad3-4bdba046df7a,3,11,42,5,10,2,0,ALLIANCE > TISSUE DIRECTORY,Tissue Solutions Ltd,7
0,93582beb-e45a-47b6-aeab-d26f583e4c3b,0,0,6,7,9,b765d514-1642-4762-a521-73463c977094,3,7,42,5,10,1,0,HUB > DATA-CAN,Yorkshire Specialist Register of Cancer in Children and Young People,7
2,85113a93-89ed-40e3-a479-33b461b91858,0,0,7,7,9,b796b821-97cf-4aa1-bbc7-53e3c1fbc33f,3,10,42,5,10,2,0,ALLIANCE > TISSUE DIRECTORY,TRICON8,7
1,50691168-0174-4211-89a3-a7490f2676df,3,3,7,7,9,b7d5bae7-f047-454c-91c3-81fa5e5543eb,3,17,42,5,10,2,2,HUB > PIONEER,PIONEER - COVID ACUITY,7
0,d415a5c5-8432-4a81-937f-12135ade6de7,0,1,6,7,9,b8e0b4a8-aab6-47fc-ac6f-76cd5cdc933d,3,7,42,5,10,0,0,ALLIANCE > SAIL,Welsh Ambulance Services NHS Trust,7
0,721db252-8069-433d-bb6d-4b44b243d364,0,0,6,7,9,b9a2cd90-2724-4c7b-a26f-6f5b30a36a00,3,7,42,5,10,1,0,HUB > DISCOVER NOW,North West London Accident and Emergency Data (NWL A&E),7
5,3adeb2f4-a924-49cb-9537-84a9a4242a62,1,3,6,7,9,ba071b0b-5ef4-457b-b194-3a69c2c71a06,3,19,42,5,10,4,0,ALLIANCE > NHS DIGITAL,Mental Health Minimum Dataset v4 (Non-Sensitive) Events,7
2,1a02bc11-a378-4f9e-82f9-c52674b388bd,3,2,7,7,9,bab944af-e345-4893-8640-a88aaff97c72,3,14,42,5,10,1,0,HUB > BREATHE,Assessment of ASHA’s workload and its determinants,7
5,2ed7bbbc-80db-46c2-a45b-632dda40794b,8,3,6,7,9,bc30732b-32cb-4f66-8794-e6e6691c79e7,3,31,42,5,10,7,2,ALLIANCE > NHS DIGITAL,Cancer Registration Data,7
5,f5c9ba01-a9cb-4a85-9850-d9466b2ff4fb,3,3,6,7,9,bc6ae5bc-7175-49e2-b093-337dde427736,3,25,42,5,10,8,0,ALLIANCE > CPRD,Patient postcode linked deprivation measures for CPRD GOLD,7
2,2775b97f-1606-490e-81ef-35bad050434a,5,2,7,7,9,bcb224fe-592f-4aaf-abd1-ad3e3caa61ff,3,23,42,5,10,6,2,UK Biobank,UK Biobank Assessment Centre,7
2,37886fb5-d0ae-400f-89eb-78664897bcf2,1,0,7,7,9,bcfdc597-1bf0-41c2-8b68-779f9a115f83,3,11,42,5,10,2,0,ALLIANCE > TISSUE DIRECTORY,Wales Cancer Bank,7
0,75c4dcb8-33bf-43f4-b2bb-db51b6621b2c,0,0,6,7,9,bd2d56db-f24b-4ac6-9201-3d68c65472b5,3,6,42,5,10,0,0,ALLIANCE > SAIL,Emergency Department Data Set,7
5,3d348613-2d66-4814-a294-7e0c365f43f8,1,3,6,7,9,bdc17b2c-8b0f-4959-ab9b-e2de32d8a5f9,3,19,42,5,10,4,0,ALLIANCE > NHS DIGITAL,Mental Health & Learning Disabilities Dataset v 1 (Sensitive) Events,7
5,b734a1b5-37d3-4859-85d4-bf011df2a951,1,3,6,7,9,bdcbbb2b-df99-4ae7-b36e-f266cfe10ed3,3,23,42,5,10,8,0,ALLIANCE > CPRD,Mother-Baby Link for CPRD GOLD,7
4,9623e62b-3c50-44aa-8923-0bbb94e7ad61,8,3,7,7,9,bddcc89d-028f-48a5-b568-7dccd574563b,3,29,42,5,10,8,0,ALLIANCE > HQIP,National Joint Registry - Revision Shoulder Replacement dataset,7
0,490747bf-b268-41f3-8f35-f6bc4a4bdbfa,3,1,7,7,9,be9bf427-d96d-4b1a-b1d1-83bdc3e8790b,3,11,42,5,10,1,0,HUB > BREATHE,4 LMIC Asian Country ChrOnic: estimating respiratory disease burden in adults,7
0,0eb789bb-0047-46ac-83ff-631f31e98da0,0,2,6,7,9,bf607b38-bedf-4bda-a3ce-e6b1bb68d1df,3,8,42,5,10,0,0,HUB > PIONEER,"OMOP dataset: Hospital COVID patients: severity, acuity, therapies, outcomes",7
2,8ef26f38-d1b3-4b24-b80a-717f216c6aea,6,2,7,7,9,bf625cfe-c4b2-4ea8-bbe8-1a8873ca4cb9,3,24,42,5,10,6,2,UK Biobank,Online questionnaires,7
5,2c6adf80-f30b-46c9-b9d4-fe3e68622469,9,3,7,7,9,bf83ada4-b72e-4789-b177-12a53aa763ea,3,33,42,5,10,10,0,ALLIANCE > OXFORD UNIVERSITY HOSPITALS NHS TRUST,TheatreEvents,7
2,3e5fb54a-84ec-4888-9a72-4093c6e90dbc,0,0,7,7,9,c10d6c3a-e405-4ee9-828f-02443c210879,3,10,42,5,10,2,0,ALLIANCE > TISSUE DIRECTORY,UCL Infection DNA Bank,7
4,2454a964-be58-4d1f-8f9a-ffae9db9129c,8,2,7,7,9,c16605d7-6e6e-4461-bfab-107660e31427,3,28,42,5,10,8,0,HUB > BREATHE,Vitamin D supplementation meta-analyses,7
1,2b6409db-a669-4bef-9fd5-39c2b6f8d5e9,1,2,6,7,9,c168178a-143b-402b-9ab4-2f230cf06226,3,13,42,5,10,3,0,ALLIANCE > NHS DIGITAL,Hospital Episode Statistics Admitted Patient Care,7
2,71eb0192-1124-4b27-86e4-1139e0047a02,1,0,7,7,9,c182a3b6-8eea-43ef-be18-6cd444f150dc,3,11,42,5,10,2,0,ALLIANCE > TISSUE DIRECTORY,STAMPEDE,7
1,bfa012ad-e609-4d15-a824-6d143758ca4d,3,0,7,7,9,c2548017-7913-40e1-bf98-aaa2e907b0ea,3,12,42,5,10,2,0,HUB > BREATHE,Assessing the eDPSEEA model in seasonal pollen induced asthma in Islamabad,7
1,62fdfd1c-f195-49cc-b3a1-7d9fd2cc8e1b,0,0,7,7,9,c29c3fbe-700e-4f85-8943-5557c30c1dfa,3,9,42,5,10,2,0,ALLIANCE > TISSUE DIRECTORY,Arden Tissue Bank,7
0,7465c65e-c321-42e9-a2f4-6bc664caf1fc,0,0,6,7,9,c2ddca9f-f144-437b-ac7a-0a628a50ba1a,3,6,42,5,10,0,0,ALLIANCE > SAIL,Outpatient Referral,7
1,9a434a5c-563b-4da1-9133-9994960ade54,1,1,6,7,9,c2e112a0-a198-46b0-9a0c-ec91edfb6839,3,12,42,5,10,3,0,ALLIANCE > NHS DIGITAL,National Diabetes Audit,7
3,f397acff-a7af-4062-8e8b-c85889cc41df,8,3,7,7,9,c324246a-22d9-45d8-9a7a-a513078be2d1,3,28,42,5,10,8,0,ALLIANCE > UNIVERSITY HOSPITALS OF LEICESTER NHS TRUST,Genvasc Primary Care Data,7
4,fe6a4c83-f46f-4f61-8460-e120fdf8d864,8,3,7,7,9,c3d84dfa-fe3a-4b86-a0f5-efbe45aa93ad,3,29,42,5,10,8,0,ALLIANCE > HQIP,Sentinel Stroke National Audit Programme Acute Organisational survey dataset,7
1,b8bcda0b-3c90-4382-aeb7-b01fc27e58fa,0,0,7,7,9,c43363e5-a2cd-4990-a425-733dfe559a4f,3,7,42,5,10,0,0,HUB > BREATHE,UK BiLEVE Consortium Dataset,7
2,733b1060-f958-4c3e-ab6a-2b87901d9a9a,3,2,6,7,9,c55b92d8-889d-435c-b0cb-2d9f7b432839,3,17,42,5,10,4,0,ALLIANCE > CPRD,HES Accident and Emergency data for CPRD GOLD,7
3,ad8f07ef-a984-449b-8a60-d1dd564cc36d,3,2,6,7,9,c577669a-a84f-493e-8164-3fe02f618561,3,17,42,5,10,3,0,ALLIANCE > CPRD,Death Registration data for CPRD Aurum,7
4,4559a14f-563d-4fd2-93ae-27c6c0fd891e,8,3,7,7,9,c5994fae-9c4a-47eb-ba42-85bd76e92879,3,29,42,5,10,8,0,ALLIANCE > HQIP,National Audit of Psychosis - Audit on Early Intervention in Psychosis services - contextual data,7
5,3326d554-ca11-4dc6-aff0-c5b314442d27,3,3,6,7,9,c6117afd-bc4d-404b-8d58-9d87db936b4c,3,25,42,5,10,8,0,ALLIANCE > CPRD,Practice postcode linked deprivation measures for CPRD GOLD,7
2,22aa219f-f3c8-4a25-822e-aa2504f6f29a,1,0,7,7,9,c6d6bbd3-74ed-46af-841d-ac5e05f4da41,3,11,42,5,10,2,0,ALLIANCE > TISSUE DIRECTORY,Barts CTU,7
0,1fe02b65-7b77-43bf-93c8-4f0743fee672,0,0,6,7,9,c6dc78fa-1543-4fbf-87d8-a3f48e7de813,3,6,42,5,10,0,0,OTHER > COG-UK,COG-UK Viral Genome Sequences,7
5,334afc50-a05a-43b9-aa1e-a012a22733e0,1,3,6,7,9,c713773c-e961-400e-b44a-947002deb073,3,19,42,5,10,4,0,ALLIANCE > NHS DIGITAL,Mental Health & Learning Disabilities Dataset v 1 (Non-Sensitive) Episodes,7
0,70e37f44-5c3e-4c83-a42a-89b3476d1d45,0,0,6,7,9,c809126e-315b-4bcc-8fa3-741317bf9a4e,3,6,42,5,10,0,0,ALLIANCE > SAIL,COVID-19 Consolidated Deaths,7
0,e5ec63dd-4da5-4119-99c8-5cc79045618c,1,0,7,7,9,c83d2206-3778-400b-9b26-27c7588af930,3,9,42,5,10,2,0,ALLIANCE > TISSUE DIRECTORY,RATHL Trial,7
5,826be5be-9977-49f9-b6d1-83ed9de08ebe,8,3,7,7,9,c8516bb0-e4c5-484f-a370-f49315e3a330,3,31,42,5,10,9,0,HEALTH INFORMATICS CENTRE - UNIVERSITY OF DUNDEE,Tayside Microbiology: Tests,7
1,5acfadf9-21a7-4517-a1b2-620d20469611,3,2,6,7,9,c89d31bb-adc9-499d-b94a-6d5b2c85d126,3,15,42,5,10,2,1,HUB > PIONEER,UHB 2019 Summer Society of Acute Medicine Benchmarking Audit,7
5,01c88a30-b14d-401e-82bb-165cbde81942,1,3,6,7,9,c97b8058-a6a4-4c8d-92e1-6e9f4cddd301,3,19,42,5,10,4,0,ALLIANCE > NHS DIGITAL,Mental Health Minimum Dataset v4.1 (Non-Sensitive) Records,7
4,d8c67899-2d81-48c2-8482-31cd33973a36,8,3,7,7,9,cabb1db1-ee3e-42ce-a40b-468282e2011d,3,29,42,5,10,8,0,ALLIANCE > HQIP,National Audit of Care at the End of Life - case note review,7
4,a9ac99fe-32be-40ef-9509-03e6b2713ddf,8,3,7,7,9,cbda5643-96b7-4914-b990-a872e693ff29,3,29,42,5,10,8,0,ALLIANCE > HQIP,National Early Inflammatory Arthritis Audit - organisational survey dataset,7
5,c00d5ad2-d5d2-4318-8849-4c2fe52aabd0,1,3,6,7,9,cc383a3f-1c47-4b7d-99cf-be8ee0afe401,3,19,42,5,10,4,0,ALLIANCE > NHS DIGITAL,Mental Health Minimum Dataset v4.1 (Sensitive) Records,7
2,ed2de8fe-a204-4a4e-bcfa-9e3ad85e2fee,3,2,6,7,9,cc3e20da-aca5-471d-a4bb-38e13f350f10,3,16,42,5,10,3,0,ALLIANCE > CPRD,HES Admitted Patient Care data for CPRD Aurum,7
1,a9018475-452b-4864-bbc3-80eda2067820,3,1,6,7,9,cce4a8d0-4110-4490-8ffa-485d059b7dcf,3,16,42,5,10,4,1,HUB > PIONEER,Clinical response thresholds (acuity) in acutely unwell patients: onset-outcome,7
0,bff94600-a254-4111-82f7-6167084d81ca,0,1,6,7,9,ce192e2e-4f31-4bb0-9c1f-5c4173c03011,3,7,42,5,10,0,0,ALLIANCE > SAIL,Postponed Admitted Procedures,7
4,bcf6e5ce-986d-4b84-9c9c-69de966e8bbd,6,2,7,7,9,cef00323-8756-4ea5-99e4-f12dcb2c6297,3,22,42,5,10,3,1,ALLIANCE > NHS DIGITAL,Improving Access to Psychological Therapies Data Set,7
4,6c81b082-bdc5-4dcc-838a-e6e52e1be1cb,8,3,7,7,9,cf3f4336-e52d-4b82-8cc5-647dedaaee57,3,29,42,5,10,8,0,ALLIANCE > HQIP,National Clinical Audit of Anxiety and Depression - spotlight audit on psychological therapies (clinical),7
5,7e9d06a2-efe8-447f-ba3e-d4cbb7df2ef7,3,3,6,7,9,cf81a42f-2611-4410-89e9-7e3770d03a15,3,25,42,5,10,8,0,ALLIANCE > CPRD,Quality of Life of Colorectal Cancer Survivors in England: Patient Reported Outcome Measures Survey for CPRD GOLD,7
0,0bf54842-c1db-4bdb-9f55-c5be490bf758,0,1,6,7,9,cfdb9fbd-9f67-435c-b257-6b51430451bb,3,7,42,5,10,0,0,ALLIANCE > SAIL,Referral to Treatment Times,7
1,24de9d1a-1f48-4c10-b8fc-a3bd7449e191,2,2,6,7,9,d0137466-d07e-4bfd-817b-198086b9fa13,3,12,42,5,10,1,0,ALLIANCE > PUBLIC HEALTH SCOTLAND,Mental Health Inpatient and Day Case - Scottish Morbidity Record (SMR04),7
0,9c1727f6-2032-413f-bf60-470769b2616e,0,0,6,7,9,d0468470-a88f-4692-a19d-c9ac0b9868f3,3,6,42,5,10,0,0,ALLIANCE > CYSTIC FIBROSIS TRUST,Cystic Fibrosis Patient Microbiology Cultures,7
5,c294bb01-062b-494e-942b-1efe8cbac3dc,8,3,6,7,9,d05e9c8c-085e-4907-8688-cad494636ed8,3,31,42,5,10,9,0,HEALTH INFORMATICS CENTRE - UNIVERSITY OF DUNDEE,NHS Tayside and Fife Haematology (Lab Data Restructured),7
2,cd833805-f0a8-4ddb-a50d-b12695c92120,1,0,7,7,9,d272b783-8db3-4068-8d0f-05728f786d6d,3,11,42,5,10,2,0,ALLIANCE > TISSUE DIRECTORY,Cancer Group CTR Cardiff trials,7
4,55614ed3-2484-4408-a4e9-e5fffed9e8e4,8,3,6,7,9,d2af6a29-291b-4444-a17c-40f4208f1e1b,3,32,42,5,10,9,2,ALLIANCE > NHS DIGITAL,Patient Reported Outcome Measures,7
0,204fa806-071d-4410-9c2c-143017d32d24,0,0,6,7,9,d2da2750-7482-4ce9-ae5c-2ab393408a67,3,6,42,5,10,0,0,ALLIANCE > SAIL,Education - Wales,7
0,c853b41b-fbd1-4896-b0fb-85303109fec4,0,0,6,7,9,d30304ab-9f5d-478a-8bac-afcda09ef2e8,3,7,42,5,10,1,0,HUB > DISCOVER NOW,North West London Coordinate My Care (NWL CMC),7
4,059a6495-a7d5-435b-8e2b-806c6ccccf2e,8,3,7,7,9,d3673b75-ec8f-4c2e-8c9b-6ef1d951f978,3,29,42,5,10,8,0,ALLIANCE > HQIP,Sentinel Stroke National Audit Programme Clinical Dataset,7
2,d17efe5d-325f-4fcf-b25e-87d1f6269bea,0,0,7,7,9,d3a3935f-b28e-4e74-9b15-9432d611f26c,3,10,42,5,10,2,0,ALLIANCE > TISSUE DIRECTORY,MFT Biobank,7
0,5dbf01b1-e536-471b-9b97-319c7560f33f,0,2,7,7,9,d3d1cdf1-3a36-49d1-ba73-b02ebeceab9b,3,8,42,5,10,0,0,HUB > PIONEER,PIONEER - COVID,7
2,e8afaf39-86fa-4085-a075-6118cc25fae0,3,2,7,7,9,d3e859ba-cfb0-4eda-a14c-34b08d113cd9,3,15,42,5,10,2,0,HUB > BREATHE,Strategy introducing Pulmonary Rehabilitation for COPD management in rural India,7
5,6590f79d-cfea-4695-9fe0-dc5f85e6d273,9,3,7,7,9,d3fd4dac-2d15-401c-8185-905ee108d9ce,3,33,42,5,10,10,0,ALLIANCE > OXFORD UNIVERSITY HOSPITALS NHS TRUST,JANUS,7
2,d0694e15-b6ba-4a95-962a-dbf627ca207c,0,0,7,7,9,d51de39c-153a-462b-8de5-cd1424908e0c,3,10,42,5,10,2,0,ALLIANCE > TISSUE DIRECTORY,UK ME/CFS Biobank,7
1,e0d00cb7-62e1-4a38-8df6-cf537b59228d,3,0,7,7,9,d5446d68-2fb9-4f0f-962e-7b7ed484d534,3,12,42,5,10,2,0,HUB > BREATHE,Exploration of Pneumonia Related Policy Formation and Implementation in Pakistan,7
4,ceab57e8-1e13-499b-a8f4-6ad60dad3721,5,2,7,7,9,d5649a81-5e75-45c2-ab89-3ce91f6d288b,3,23,42,5,10,4,2,ALLIANCE > UK Biobank,Accelerometer,7
5,5d7465f6-ced8-434b-9907-d357ad125024,9,3,7,7,9,d57a096a-4fa3-4529-b508-0b9df0f1893c,3,33,42,5,10,10,0,ALLIANCE > OXFORD UNIVERSITY HOSPITALS NHS TRUST,OUH Patient Master Index,7
4,c1fa9b47-a954-4587-a0c2-bae0f3ec2b9b,4,2,7,7,9,d58d02f1-47c2-44fc-b16e-4f6cbbb46e62,3,20,42,5,10,3,1,OTHER > The University of Cambridge,INTERVAL,7
2,10d0def8-dc03-473f-b60b-4c0dc3642a25,0,0,7,7,9,d5ab658e-b474-4e22-95f8-92607c40792d,3,10,42,5,10,2,0,ALLIANCE > TISSUE DIRECTORY,NHS Grampian Biorepository,7
0,504c0612-ad68-45b4-ae9b-b94f1f81e959,1,0,6,7,9,d7ec9584-cba3-46f9-9ef4-b1cb9eef2e7c,3,9,42,5,10,2,0,ALLIANCE > NIHR BIORESOURCE,Health and Lifestyle Questionnaire,7
1,04cb9964-54fb-4529-b09b-735c3daa1c7b,1,2,6,7,9,d8043751-28d6-4cfe-b860-757e592ab3cb,3,11,42,5,10,1,0,ALLIANCE > PUBLIC HEALTH SCOTLAND,Outpatient Appointments and Attendances - Scottish Morbidity Record (SMR00),7
5,fded6e24-8fef-47a4-a65e-9455bed043d3,4,3,7,7,9,d90830f4-5aaa-4075-8c8d-839627224d16,3,26,42,5,10,8,0,ALLIANCE > CPRD,Cancer Patient Experience Survey (CPES) for CPRD Aurum,7
4,fbe1ae63-0c12-48e5-be16-87d6bc7bd179,8,3,7,7,9,da4d3e21-3d81-49e9-ada0-6175e2341190,3,29,42,5,10,8,0,ALLIANCE > HQIP,National Vascular Registry -  Abdominal Aortic Aneurysm Repair clinical dataset,7
0,cfdafacb-48f0-4ad8-9f20-193a5eec2da4,0,0,6,7,9,da5098df-414f-48e0-aaa7-7e2277f80eb7,3,6,42,5,10,0,0,ALLIANCE > SAIL,Looked After Children Wales,7
5,a1154967-a80e-41da-a9ae-6183584ecf6b,1,3,6,7,9,db113fcd-69a0-4357-9c6d-250085deb3f5,3,19,42,5,10,4,0,ALLIANCE > NHS DIGITAL,Mental Health Minimum Dataset v4.1 (Sensitive) Events,7
5,acfbef89-344c-49a5-8079-7344f4316e0f,8,3,7,7,9,dba474a3-90c4-423d-beb0-5ef79c490d24,3,31,42,5,10,9,0,HEALTH INFORMATICS CENTRE - UNIVERSITY OF DUNDEE,"NHS Tayside, A&E Drugs given during an A&E visit",7
1,fc24482c-0f9b-445f-af7a-8598627c3b15,1,1,6,7,9,dbd69f22-2638-42a6-a936-069386e8eb7e,3,12,42,5,10,2,1,ALLIANCE > SAIL,ONS 2011 Census Wales (CENW),7
1,5bf9bf39-3cd7-4a54-994b-9914405f945e,3,2,6,7,9,dc4d5fc6-b39a-4199-b1f2-1b428fc32cd9,3,15,42,5,10,2,1,HUB > PIONEER,UHB 2020 Winter Society of Acute Medicine Benchmarking Audit,7
5,14a39e96-8ac3-4df3-b42b-07718121c585,8,3,7,7,9,dd0ae281-e3b1-48fb-ad7a-c46565b577ce,3,31,42,5,10,9,0,HEALTH INFORMATICS CENTRE - UNIVERSITY OF DUNDEE,"NHS Tayside A&E, Diagnosis dataset during A&E visit",7
2,5ef75d71-73ce-4451-9d7a-a39dd82b712f,1,0,7,7,9,dd7e56e7-2683-4b88-bed2-3a27ef3e4c9e,3,11,42,5,10,2,0,ALLIANCE > TISSUE DIRECTORY,interNational Anaplastic Thyroid Cancer Tissue Bank (iNATT),7
4,f857055b-c29e-4c7f-99ce-65f4ed59648e,8,3,7,7,9,ddc965e7-6f52-4eed-bed5-657e3e7bbeac,3,29,42,5,10,8,0,ALLIANCE > HQIP,National Vascular Registry Audit Carotid Endarterectomy Clinical Dataset,7
4,2c5e2f38-b0e1-4d15-a257-5dd19f2f2b64,9,3,7,7,9,de1179eb-89fe-45a3-9e3c-e54a2a36ebf0,3,31,42,5,10,9,0,ALLIANCE > NIHR BIORESOURCE,NHS Digital data,7
4,4e232aa8-ad56-4d82-adcc-cd06715a5c45,8,3,7,7,9,de19b3ea-2600-4472-85e8-628e7beff76e,3,29,42,5,10,8,0,ALLIANCE > HQIP,National Bowel Cancer Audit -  Organisational Survey dataset,7
1,f201b68f-d995-4a70-a9ee-aa3510232777,2,2,6,7,9,de28157e-5319-4972-83ae-4d0c73cdfca9,3,14,42,5,10,3,0,ALLIANCE > NHS DIGITAL,Medicines dispensed in Primary Care (NHSBSA data),7
0,9f98a674-12f6-42f4-b1a5-322b3b75eef1,0,0,7,7,9,def6669b-0fac-485c-84b2-2ea83ec31123,3,6,42,5,10,0,0,HUBS > BREATHE,UK Lung Volume Reduction Surgery,7
1,5692eade-5738-48ed-8527-39be9caaa7b5,1,1,6,7,9,df514642-bf9d-432f-bf15-4d870fe4ae08,3,12,42,5,10,2,1,ALLIANCE > SAIL,School Workforce Annual Census (SWAC),7
1,a2eddb27-c8bd-42ae-94f8-2a3026220da3,3,2,7,7,9,df63e893-f688-4bb4-956c-cc4354bb4001,3,13,42,5,10,1,0,HUB > BREATHE,Klang Asthma Cohort,7
5,eaa4bab0-0501-4511-aa2d-4e4fee0f0bf3,8,3,7,7,9,dfb14598-b705-48c0-b6ec-4b84fa4ef1d4,3,31,42,5,10,9,0,HEALTH INFORMATICS CENTRE - UNIVERSITY OF DUNDEE,Tayside Microbiology: Isolations,7
5,b67f0edd-fed2-4d68-a25f-d225759aa3b0,9,3,7,7,9,dfb21b3b-7fd9-40c4-892e-810edd6dfc25,3,33,42,5,10,10,0,ALLIANCE > OXFORD UNIVERSITY HOSPITALS NHS TRUST,Admitted Patient Care Dataset,7
4,306274ee-a098-43cc-b113-2df8116a8703,8,3,7,7,9,e10660af-b420-4e25-8fc9-ea451da1dcfb,3,29,42,5,10,8,0,ALLIANCE > HQIP,National Oesophago-Gastric Cancer Audit - clinical dataset,7
0,ed131fee-0635-4613-a453-a383d5dd7cec,0,0,6,7,9,e2f05904-723a-4d5c-8746-7ab3d1d94eef,3,7,42,5,10,1,0,ALLIANCE > SAIL,Healthcare Workers Risk Assessment,7
4,b8d009d0-0163-4aaf-8bd6-ad363c859862,8,3,7,7,9,e38c8d6c-8655-4432-b654-23f89c0bb495,3,29,42,5,10,8,0,ALLIANCE > HQIP,National Joint Registry - Primary Ankle Replacement dataset,7
0,4fcc8b11-2b9b-4f68-b51a-978749d89acc,0,0,6,7,9,e432737f-43c0-43c1-aef5-71cb204d770c,3,6,42,5,10,0,0,ALLIANCE > CYSTIC FIBROSIS TRUST,Cystic Fibrosis Patient Tendon Rupture,7
4,cffcf30d-cedb-421b-a5dc-6726633cb99a,8,2,7,7,9,e516a359-74a8-4932-b4df-f2cf75eef89d,3,28,42,5,10,8,0,HUB > BREATHE,Unified Cohorts Research Network,7
1,e600dae2-a83c-4b7a-8d23-af4ac31ca374,1,1,6,7,9,e61fce14-617d-4f7b-80aa-468d94c6d897,3,10,42,5,10,1,0,ALLIANCE > PUBLIC HEALTH SCOTLAND,National Records of Scotland (NRS) - Deaths Data,7
0,34f0c2bd-d42e-4441-a89b-e0e384f12afa,0,0,6,7,9,e66b726f-8e58-4411-be32-1d00ba1df13f,3,6,42,5,10,0,0,ALLIANCE > CYSTIC FIBROSIS TRUST,Cystic Fibrosis Patient Sweat Tests,7
2,cee932f8-151c-4834-ac6d-61d842f9d170,1,0,7,7,9,e678366e-bb53-4dbb-a228-05114e0b6eb3,3,11,42,5,10,2,0,ALLIANCE > TISSUE DIRECTORY,Biobank for patients with retinal degenerations & dystrophies,7
2,cba62a8d-5917-4912-ad4d-340472f7b904,1,2,6,7,9,e7fc3bb6-446b-4267-b563-bf6f94e8dee2,3,14,42,5,10,2,1,ALLIANCE > SAIL,Lifelong Learning Wales Record (LLWR),7
2,029b7f0f-911e-46ce-837f-031959f067da,1,0,7,7,9,e8f23004-f1f7-4a36-859f-25af6ca6433b,3,11,42,5,10,2,0,ALLIANCE > TISSUE DIRECTORY,University of Liverpool - GCP Laboratory Facility,7
2,c027d0ca-7c7d-4864-b4dd-8040f4020fbb,3,2,7,7,9,e9d504fc-4b61-4419-a400-ffda998fc377,3,14,42,5,10,1,0,ALLIANCE > PUBLIC HEALTH SCOTLAND,Scottish Immunisation Recall System (SIRS),7
0,fcb62cb3-c876-47a3-961e-fb27c6f718fa,0,0,7,7,9,ea07f115-9f70-4c21-a373-247a1ca906f0,3,8,42,5,10,2,0,ALLIANCE > TISSUE DIRECTORY,Research Donors Ltd,7
0,fb3fac03-a428-4b3f-8058-5622e1fd57d8,0,0,6,7,9,ea9fa5fb-928d-4736-8fbf-e3b58a49c6d6,3,6,42,5,10,0,0,ALLIANCE > SAIL,Children Receiving Care and Support Census,7
5,a80b2567-4755-46f1-bd2a-f3817ce4f10c,9,3,7,7,9,eaca9ed1-30b6-4157-8894-8e53efc84849,3,33,42,5,10,10,0,ALLIANCE > OXFORD UNIVERSITY HOSPITALS NHS TRUST,Sunquest,7
2,20639743-9a28-43dd-a8af-7571ece2a7f8,0,0,7,7,9,eb19fcd9-2e9e-4e27-aa79-ad235952b1ac,3,10,42,5,10,2,0,ALLIANCE > TISSUE DIRECTORY,Tommy's National Reproductive Health Biobank,7
5,5362cfea-d554-43ba-916a-4460da39cc0c,8,3,6,7,9,ecb404b5-2fcb-4b91-a86a-f9f8d25b2ebd,3,31,42,5,10,9,0,HEALTH INFORMATICS CENTRE - UNIVERSITY OF DUNDEE,Deaths General Registrar Office – National Records Scotland,7
2,dae5b81c-db28-414b-9328-5596632a8732,3,2,7,7,9,ecc4daf2-e58a-4ebc-9608-4bc741231fb9,3,15,42,5,10,2,0,HUB > BREATHE,"Introducing pulse oximetry in IMNCI, primary health facilities in Pune India",7
0,cc6f926a-90cf-4083-84e7-131d1e63813b,0,0,7,7,9,edc8f0c6-64f8-4f6d-a1dd-41e05033d54e,3,7,42,5,10,1,0,HUB > BREATHE,Its Not JUST Idiopathic pulmonary fibrosis Study (INJUSTIS),7
2,351cc017-caff-4303-8a48-1aa1b90fce2b,0,0,7,7,9,ee5f4405-6930-4a7b-ba00-85a8e8c8a8b9,3,10,42,5,10,2,0,ALLIANCE > TISSUE DIRECTORY,QTL Programme at MRC HGU,7
2,095d805c-4b62-4726-b968-bb2f1c463701,0,0,7,7,9,eea147a4-4576-4f86-8ad1-c762137335fd,3,10,42,5,10,2,0,ALLIANCE > TISSUE DIRECTORY,Manchester Cancer Research Centre (MCRC) Biobank,7
1,1d574c14-1af0-490d-9c4e-be88cfd0e345,1,1,6,7,9,ef42201e-deb1-4675-896a-8a0162fe52a8,3,11,42,5,10,2,0,ALLIANCE > CPRD,CPRD Aurum,7
4,834618f3-0c6d-4ed2-abae-39208c6b3080,8,3,7,7,9,efbb3bf4-834b-417e-b002-03fc41715e58,3,29,42,5,10,8,0,ALLIANCE > HQIP,National Cardiac Audit Programme - National Heart Failure Audit,7
1,8187f77f-65e3-435e-ad7e-d7f22e2fcf80,5,2,7,7,9,eff41dbc-0ce4-4bfe-b51f-7b2753750332,3,16,42,5,10,2,0,HUB > BREATHE,The Malaysian Asthma Hajj Study,7
5,0b083692-ca52-44bf-9f00-41bbb71a56d1,8,3,7,7,9,f1a85970-bddc-499b-92e9-783706c60995,3,30,42,5,10,8,0,ALLIANCE > NIHR BIORESOURCE,SNP imputation data,7
2,47fc8f03-eba1-4efa-ae3e-148a76b56517,1,0,7,7,9,f1a93b8f-6332-43a2-b2da-c86f68f7d24a,3,11,42,5,10,2,0,ALLIANCE > TISSUE DIRECTORY,Manchester Eye Tissue Repository,7
0,cbdcfebe-0a3d-4e11-95fc-f40642420107,1,0,6,7,9,f1d3b068-7dd0-4a28-bd64-3519dd104eb6,3,9,42,5,10,2,0,ALLIANCE > NIHR BIORESOURCE,Case report form,7
5,9f689ef4-26c6-4f85-80ff-5116974f315a,3,3,6,7,9,f3a53f7a-ea93-4b9e-bccd-afe762259044,3,25,42,5,10,8,0,ALLIANCE > CPRD,Practice postcode linked deprivation measures for CPRD Aurum,7
4,4dfec37d-dd24-465f-85ea-30209aff3a26,8,3,7,7,9,f3ade619-292e-4631-916a-9cd9d7938e48,3,29,42,5,10,8,0,ALLIANCE > UNIVERSITY HOSPITALS OF LEICESTER NHS TRUST,The Leicester City and County Chronic Kidney Disease Cohort,7
2,9d56ae46-5955-4f03-a93c-a4a6d9f641ab,1,0,7,7,9,f42b9fa6-adad-4637-943e-6fa7508559a3,3,11,42,5,10,2,0,ALLIANCE > TISSUE DIRECTORY,Bristol Biobank,7
0,d517e6fc-9a88-4647-b787-dcbed3635885,1,1,7,7,9,f4915e4b-639c-45ae-9b0f-afab547e1104,3,10,42,5,10,2,0,ALLIANCE > HQIP,National Joint Registry - Primary Knee Replacement dataset,7
1,696cfc9f-090d-4328-94ac-140760a77c73,1,1,6,7,9,f56d5407-4a7e-420e-8479-87b075da2b39,3,11,42,5,10,2,0,ALLIANCE > NHS DIGITAL,GPES Data for Pandemic Planning and Research (COVID-19),7
5,39055449-c074-4b58-adb2-b1c0d2441c4d,8,3,7,7,9,f57d92d9-5288-4b4d-9790-49863e8b9232,3,31,42,5,10,9,0,HEALTH INFORMATICS CENTRE - UNIVERSITY OF DUNDEE,NHS Tayside and Fife Immunology (Extractable),7
2,8648d251-6186-4383-82fc-c036a87c3842,1,0,7,7,9,f5b57b56-a4ed-46d4-825f-d181e8db809d,3,11,42,5,10,2,0,ALLIANCE > TISSUE DIRECTORY,Leeds NIHR Biomarker Research Tissue Bank,7
2,ccd6e59d-3582-4f47-a4cd-f5845192d75c,1,0,7,7,9,f5ed34fa-154a-4613-a253-277547cfd8ca,3,11,42,5,10,2,0,ALLIANCE > TISSUE DIRECTORY,Oxford Musculoskeletal Biobank,7
2,df9b7bb1-1b26-4e67-b885-df2dcb8e3450,1,0,7,7,9,f621fcc9-e9ab-4da4-bd34-e4530d11b59d,3,11,42,5,10,2,0,ALLIANCE > TISSUE DIRECTORY,NIHR Exeter Clinical Research Facility,7
4,f1471a45-a6f4-4ed7-96b0-56a1af21086e,8,3,7,7,9,f69d1b15-a0b4-461a-8aff-dba56da0791f,3,29,42,5,10,8,0,ALLIANCE > HQIP,National Diabetes Inpatient Audit - Harms clinical dataset,7
0,291c0dd4-0988-42d2-8e0b-878a892add57,0,0,6,7,9,f6aa8836-b437-40b6-bd1e-ae20010048dd,3,6,42,5,10,0,0,ALLIANCE > SAIL,Substance Misuse Dataset,7
1,216924f0-585e-4842-a165-78cf9e0af0aa,2,2,7,7,9,f73627e3-bd7c-4be2-81b4-3baf846ab787,3,12,42,5,10,1,0,HUB > BREATHE,Developing and evaluating interventions to improve asthma care: HEAL ASTHMA,7
2,baa2085e-2e87-4161-abb3-bbea94dbc0e5,1,0,6,7,9,f7c563c0-9625-47be-a070-c121fe734f3c,3,11,42,5,10,2,0,ALLIANCE > NIHR BIORESOURCE,SNP chip data,7
4,1419533e-3d46-4d8a-992b-b5311e6bd27b,8,3,7,7,9,f806fe65-79aa-4843-bc56-a08bf14ffcec,3,29,42,5,10,8,0,ALLIANCE > HQIP,National Maternity and Perinatal Audit clinical audit,7
4,11deee42-5876-4ebe-acca-e996702e1343,8,3,7,7,9,f82b8ca5-5a52-4502-bf78-cfbb718cbe2f,3,29,42,5,10,8,0,ALLIANCE > HQIP,"Maternal, Newborn and Infant Clinical Outcome Review Programme - perinatal surveillance dataset",7
1,67020745-9def-4c6e-b5ac-bb273bd0a20e,0,0,6,7,9,f89af2f4-e3cd-4eaa-835d-94aa347d8a92,3,8,42,5,10,1,0,ALLIANCE > IMPERIAL COLLEGE LONDON,National Neonatal Research Database,7
5,173d07ab-5930-4d19-b3de-dcca193e62fd,9,3,7,7,9,f8bab14a-bc9b-4dd1-a6c6-c57588605849,3,33,42,5,10,10,0,ALLIANCE > BARTS HEALTH NHS TRUST,Maternity Services Dataset,7
2,4684d391-a6a7-44f7-bf4b-62b6b693f9fa,1,0,7,7,9,f8f6e9ea-65c0-48a6-9beb-6de80bbbefda,3,11,42,5,10,2,0,ALLIANCE > TISSUE DIRECTORY,Multiple Sclerosis and Parkinson's Tissue Bank,7
2,ce533c67-5565-4010-bedf-dca3863a9084,0,0,7,7,9,f9a712ae-9d41-41a6-b2ca-3127441b03ac,3,10,42,5,10,2,0,ALLIANCE > TISSUE DIRECTORY,UCL / UCLH Biobank for Studying Health and Disease,7
2,425f4534-51c4-4f75-8ca0-d7c731dbd903,0,0,7,7,9,f9f3af0d-ca1c-4e8f-b5e8-20962e1e7b4e,3,10,42,5,10,2,0,ALLIANCE > TISSUE DIRECTORY,"St Thomas' Hospitals Plasma, serum & DNA Bio bank from patients with antiphospholipid antibodies",7
4,5f37e3c2-b5ac-43eb-8eba-ac94dbbff103,8,3,7,7,9,faf7ec31-999a-4d87-9d6d-8837ff2fa486,3,29,42,5,10,8,0,ALLIANCE > HQIP,National Cardiac Audit Programme - National Adult Cardiac Surgery Audit (NACSA),7
2,97c68424-dc80-4faa-b777-67c42f92a9b6,5,2,7,7,9,fb2a851b-3f1c-4665-bbdb-5461f1f36bca,3,22,42,5,10,5,2,UK Biobank,Hospital Inpatient data,7
0,8b9efd45-f56d-4aa3-b2b8-c66ff3813a2b,0,0,6,7,9,fb4a069b-fd74-47b2-bbb1-9cde6b590d66,3,6,42,5,10,0,0,ALLIANCE > SAIL,Breast Test Wales,7
5,c4538af4-505f-45df-aeae-788ddfd7cb54,9,3,7,7,9,fc7b44f0-eb69-4257-8c07-7516c1210c46,3,33,42,5,10,10,0,ALLIANCE > OXFORD UNIVERSITY HOSPITALS NHS TRUST,CellPath,7
2,c8cd0645-b728-4c62-84b8-036c1d8763be,0,0,7,7,9,fcee6c99-a4bd-44b8-a28e-dc63337ce216,3,10,42,5,10,2,0,ALLIANCE > TISSUE DIRECTORY,eLIXIR - Early Life Data Cross-Linkage in Research,7
4,0e903b9e-a329-478a-937c-480eecee4996,8,3,7,7,9,fe4662ad-9080-4bd8-8de4-51195d275d5b,3,29,42,5,10,8,0,ALLIANCE > HQIP,National Joint Registry - Primary Shoulder Replacement dataset,7
4,b0979e07-3331-408f-853b-5eeba80ce8f9,8,3,7,7,9,fe872375-2401-4de1-9650-d4139cf5793a,3,29,42,5,10,8,0,ALLIANCE > HQIP,National Paediatric Diabetes Audit - Parent and Patient Recorded Experience measures,7
5,b9f24f81-bcf2-4e47-8909-0d5414e2d7a4,1,3,6,7,9,ff2c6982-00f3-4483-9fc2-19b3a7211d8d,3,19,42,5,10,4,0,ALLIANCE > NHS DIGITAL,Mental Health Minimum Dataset v4 (Non-Sensitive) Records,7
0,de496590-26b3-4e74-bc5e-1ff5c83f5b43,3,2,7,7,9,ffc34689-1a81-4f56-9c3f-e62b76d8445b,3,13,42,5,10,2,0,HUB > BREATHE,Teleconsultation in remote rural India: management of COPD and Asthma,7
